idPrey	preyGene
A0A024R3Z1	MAP2
A0A024R4K9	TMPIT
A0A024R571	EHD1
A0A024R6N5	
A0A024RA52	PSMA2
A0A024RCL3	MICA
A0A075B6K5	IGLV3-9
A0A075B730	EPPK1
A0A075B784	USP36
A0A075B7G8	APBB1
A0A087WSZ2	ACTN3
A0A087WT20	DCAF13
A0A087WT30	C12orf45
A0A087WT53	MAGI1
A0A087WT59	TTR
A0A087WTJ9	UBR1
A0A087WTM5	RNF34
A0A087WTV5	TADA2A
A0A087WTY5	COL4A1
A0A087WU03	HNRNPDL
A0A087WUK2	HNRNPDL
A0A087WV57	ZMYND8
A0A087WV67	UBXN8
A0A087WV86	BORA
A0A087WVF4	CHD1
A0A087WVP4	SMTN
A0A087WVR3	UHRF1
A0A087WVZ6	ZMYND8
A0A087WW06	TTC28
A0A087WWD4	NCAM1
A0A087WWH3	GLTSCR1
A0A087WWI6	DCAF7
A0A087WWR8	SULF1
A0A087WWS6	IFNA13
A0A087WWT1	SDHB
A0A087WWT2	NRN1
A0A087WWU1	TMEM237
A0A087WWU8	TPM3
A0A087WWW8	CABIN1
A0A087WWY4	PALM
A0A087WX19	IQCE
A0A087WXA6	GRIPAP1
A0A087WXF8	ZCCHC17
A0A087WXK5	ABCA2
A0A087WXK8	FAM83D
A0A087WXM6	RPL17
A0A087WXM8	BCAM
A0A087WY73	PRR4
A0A087WY96	SLC6A6
A0A087WYF4	ZNF302
A0A087WYF5	PRH1
A0A087WYF6	FAM21A
A0A087WYM5	KIAA0586
A0A087WYR0	SRP19
A0A087WYS1	UGP2
A0A087WYV9	SYNJ2BP-COX16
A0A087WZ09	GATA4
A0A087WZ13	RAVER1
A0A087WZ32	PLEKHA2
A0A087WZ62	ALG9
A0A087X0B7	SNAP47
A0A087X0Q1	YTHDF3
A0A087X0W3	GLMP
A0A087X159	SSBP2
A0A087X170	TRPV3
A0A087X1N0	GGNBP2
A0A087X1S3	HUWE1
A0A087X1V4	LAIR2
A0A087X1Z3	PSME2
A0A087X253	AP2B1
A0A087X256	KIAA1033
A0A087X271	CNN2
A0A087X2C2	FAM69A
A0A087X2D5	MRPL45
A0A087X2H1	HECTD1
A0A087X2I1	PSMC6
A0A088AWN2	WDR20
A0A096LNV3	RNF114
A0A096LP01	LINC00493
A0A096LP22	PTRH1
A0A096LP25	AAK1
A0A096LP55	UQCRHL
A0A096LPK9	OR4N5
A0A0A0MQR2	RTFDC1
A0A0A0MQR4	CIC
A0A0A0MQS0	PHF20L1
A0A0A0MQS1	PYCRL
A0A0A0MQU6	SEMA6A
A0A0A0MQW8	GPR161
A0A0A0MR08	USP19
A0A0A0MR39	MYEF2
A0A0A0MR74	DGAT1
A0A0A0MRA8	EPB41L3
A0A0A0MRE1	EXOC7
A0A0A0MRE5	ASAP1
A0A0A0MRI1	GPALPP1
A0A0A0MRI2	SNX6
A0A0A0MRJ0	CDC42BPA
A0A0A0MRJ2	ATF3
A0A0A0MRM5	GJB7
A0A0A0MRM8	MYO6
A0A0A0MRM9	NOLC1
A0A0A0MRP6	SMARCA1
A0A0A0MRQ7	DYDC2
A0A0A0MRR7	SNRPC
A0A0A0MRS4	TMEM38B
A0A0A0MRT5	NFKBIL1
A0A0A0MRV3	WRAP73
A0A0A0MRX1	ELAVL2
A0A0A0MRY2	ZMYND11
A0A0A0MS15	IGHV3-49
A0A0A0MS51	GSN
A0A0A0MSA0	LAMA3
A0A0A0MSB8	EXOC7
A0A0A0MSE2	HADH
A0A0A0MSE8	UBE2C
A0A0A0MSG0	WIPF3
A0A0A0MSI2	PHC2
A0A0A0MSK2	PET100
A0A0A0MSL7	SERHL2
A0A0A0MSV2	TRPM8
A0A0A0MSW5	ZNF778
A0A0A0MSW7	PRR16
A0A0A0MT09	PPP1R8
A0A0A0MT32	LIPA
A0A0A0MT33	SCAF8
A0A0A0MT83	IVD
A0A0A0MTB9	RBP1
A0A0A0MTC7	LAMA4
A0A0A0MTJ8	CADM1
A0A0A0MTL5	SKP2
A0A0A0MTN9	FDXR
A0A0A0MTR7	RNF213
A0A0A0MTU3	TMEM259
A0A0A6YYA0	TMED7-TICAM2
A0A0A6YYC0	RPS6KA4
A0A0A6YYC7	ZFP91-CNTF
A0A0A6YYG5	STON1-GTF2A1L
A0A0A6YYI3	PPAN-P2RY11
A0A0A6YYJ8	LUC7L2
A0A0A6YYL4	CORO7-PAM16
A0A0B4J1R7	C10orf32-ASMT
A0A0B4J1S8	PI4KB
A0A0B4J1V0	IGHV3-15
A0A0B4J1W3	NAA15
A0A0B4J1Z8	POLR2J3
A0A0B4J202	NMU
A0A0B4J231	IGLL5
A0A0B4J294	TRAPPC2L
A0A0B4J2A0	TRPV1
A0A0B4J2F4	TBC1D3I
A0A0B4J2G0	ZNF107
A0A0B4J2H0	IGHV1-69-2
A0A0C4DFM1	TM9SF4
A0A0C4DFT8	JADE2
A0A0C4DFV9	SET
A0A0C4DFX4	SRCAP
A0A0C4DFX9	NELFA
A0A0C4DFY5	GPRC5C
A0A0C4DFZ1	STX1A
A0A0C4DFZ2	ARSA
A0A0C4DG49	PVR
A0A0C4DG68	PUM2
A0A0C4DGA2	ECI2
A0A0C4DGG1	PACSIN3
A0A0C4DGH0	CD276
A0A0C4DGH3	NUMBL
A0A0C4DGM4	HYKK
A0A0C4DGN4	ZG16B
A0A0C4DGN6	GIT1
A0A0C4DGP4	PRKCSH
A0A0C4DGQ5	CAPNS1
A0A0C4DGQ8	DHRS7B
A0A0C4DGR2	PTOV1
A0A0C4DGY3	TTC8
A0A0C4DH01	POLR3E
A0A0C4DH07	LTBP4
A0A0C4DH29	IGHV1-3
A0A0C4DH31	IGHV1-18
A0A0C4DH38	IGHV5-51
A0A0C4DH65	KRBA1
A0A0C4DH67	IGKV1-8
A0A0C4DH68	IGKV2-24
A0A0C4DH72	IGKV1-6
A0A0D9SEI3	CDK11B
A0A0D9SEM4	SRSF4
A0A0D9SF54	SPTAN1
A0A0D9SF63	TBL1XR1
A0A0D9SF70	ARFGAP2
A0A0D9SFG6	CYTH2
A0A0D9SFW8	HLA-F
A0A0D9SG71	UBE2A
A0A0D9SGJ6	SYNJ1
A0A0D9SGJ8	MUM1
A0A0G2JH29	OAZ3
A0A0G2JH30	CDKN1C
A0A0G2JH66	HLA-F
A0A0G2JIS2	EHMT2
A0A0G2JIW1	HSPA1B
A0A0G2JK44	BRD2
A0A0G2JKF9	GABBR1
A0A0G2JLK6	PPT2
A0A0G2JLQ0	LAIR2
A0A0G2JLR5	RASSF7
A0A0G2JMB2	IGHA2
A0A0G2JMZ8	OCLN
A0A0G2JN29	NOMO1
A0A0G2JNB4	PRB3
A0A0G2JNH2	TJP1
A0A0G2JNR6	PPP2R3B
A0A0G2JNW7	SLC12A7
A0A0G2JP87	CCHCR1
A0A0G2JPP5	SCRIB
A0A0G2JPT5	RAD17
A0A0G2JQX1	TUBGCP5
A0A0G2JR50	SDCCAG8
A0A0G2JS23	CYP2D6
A0A0J9YW64	
A0A0J9YWM6	
A0A0J9YX62	DNAJB6
A0A0J9YX89	
A0A0J9YXF2	
A0A0J9YXY1	SOCS7
A0A0J9YY99	IGHV3-66
A0A0J9YYJ0	CNPY4
A0A0M3HER1	LIMS1
A0A0M3HER2	
A0A0S2Z377	ANXA6
A0A0S2Z3T4	FGFR1
A0A0S2Z4G6	TPM1
A0A0U1RQL9	hCG_2043597
A0A0U1RQP1	DNM1
A0A0U1RQQ9	SCYL2
A0A0U1RQS4	SHANK3
A0A0U1RQX0	
A0A0U1RR32	HIST1H2AJ
A0A0U1RR39	CBL
A0A0U1RRB6	EXOC6B
A0A0U1RRJ0	NRXN3
A0A0U1RRL7	
A0A0U1RRL8	SPATA20
A0A0U1RRM1	GATAD2B
A0A0U1RRM4	PTBP1
A0A0U1RRM6	
A0A0X1KG75	COBLL1
A0A126GVR8	OR4E2
A0A140T8Z8	TNXB
A0A140T955	HLA-A
A0A140T9J9	HLA-C
A0A140T9M0	HLA-C
A0A140TA46	TRIM39-RPP21
A0A140TA86	QIL1
A0A182DWF2	TXNRD2
A0A182DWI4	VIMP
A0A1B0GTI6	
A0A1B0GTJ8	ARID1B
A0A1B0GTK2	LIN28B
A0A1B0GTL5	RAB11FIP5
A0A1B0GTW6	EPB41L1
A0A1B0GUA3	KIAA1279
A0A1B0GUD6	GRAMD1B
A0A1B0GUI1	RALGAPA1
A0A1B0GUN3	
A0A1B0GUS4	
A0A1B0GUZ7	EFR3A
A0A1B0GV09	EHMT1
A0A1B0GV23	CTSD
A0A1B0GV47	KIF21A
A0A1B0GV86	CHRFAM7A
A0A1B0GW05	DPY19L1
A0A1B0GW52	CHRNA7
A0A1B0GW68	
A0A1B0GW84	PDE4D
A0A1B0GW95	IWS1
A0A1B0GX79	BAG6
A0A1B1UZQ1	PDE10A
A0A1C7CYW6	RAB34
A0A1C7CYX9	DPYSL2
A0A1C7CYZ1	MAPK15
A0A1V1FTP4	POMT1
A0A1W2PNQ5	LIAS
A0A1W2PNV4	ARPC1A
A0A1W2PP54	TTC23L
A0A1W2PPF8	HLA-A
A0A1W2PPG6	GNAO1
A0A1W2PPH1	ME2
A0A1W2PPX5	SCARB2
A0A1W2PPZ2	RTKN
A0A1W2PQS6	RPS10-NUDT3
A0A1W2PQV2	GCSH
A0A1W2PR00	STRADA
A0A1W2PR85	SYNJ2
A0A1W2PRC2	GOSR2
A0A1W2PS41	TMEM182
A0A1X7SBT4	PIGX
A0A1X7SBW3	RNF187
A0A1X7SBZ2	DDX17
A0A1X9RU27	FOXO6
A0A286YEW5	OR8A1
A0A286YF11	MICU1
A0A286YF22	PHGDH
A0A286YFF8	MON2
A0A2C9F2P4	PPT1
A0A2C9F2R7	FRYL
A0A2C9F2Y1	OR11H2
A0A2R2Y2Q3	
A0A2R8Y2Y1	PNISR
A0A2R8Y3N3	HARS2
A0A2R8Y4C9	RPGR
A0A2R8Y4H0	
A0A2R8Y4N4	
A0A2R8Y4P4	
A0A2R8Y4Z8	CCDC9
A0A2R8Y549	INADL
A0A2R8Y566	KIAA1468
A0A2R8Y5A6	ATXN2
A0A2R8Y5B5	SLC19A2
A0A2R8Y5H9	KSR1
A0A2R8Y5P9	SHROOM3
A0A2R8Y5S7	RDX
A0A2R8Y5V9	
A0A2R8Y602	
A0A2R8Y635	ATP13A3
A0A2R8Y653	UCK2
A0A2R8Y6A5	TTLL9
A0A2R8Y6F3	HECW2
A0A2R8Y6I6	
A0A2R8Y6P1	KIAA1211
A0A2R8Y6Y7	SUCLA2
A0A2R8Y793	ACTB
A0A2R8Y7U5	CEP78
A0A2R8Y7W8	MEA1
A0A2R8Y852	
A0A2R8Y8C6	AUTS2
A0A2R8YD58	CSNK2A1
A0A2R8YD63	TOPBP1
A0A2R8YDQ0	VPS33B
A0A2R8YFH5	SEC23B
A0A2R8YFL3	IFNGR1
A0A2R8YFV2	WIZ
A0A2R8YGH5	AP1S1
A0A2R8YGK2	FAM73A
A0A2R8YGM9	EYA1
A0A2R8YHG5	SLC19A3
A0A2U3TZE7	COCH
A0A2U3TZM1	CASK
A0A2U3TZV8	PLCH1
A0A384DVK4	R3HCC1L
A0A384DVU0	PNPLA6
A0A3B3IRI3	
A0A3B3IRL2	CREG1
A0A3B3IRS7	LMBRD1
A0A3B3IRT8	SSR1
A0A3B3IRV1	HDAC8
A0A3B3IRW6	QSER1
A0A3B3IRW8	SORBS1
A0A3B3IRZ4	IQSEC1
A0A3B3IS55	ABLIM1
A0A3B3ISE9	WRB
A0A3B3ISF0	LARP1B
A0A3B3ISF9	ECE1
A0A3B3ISG5	IDE
A0A3B3ISM3	RNF157
A0A3B3ISP1	
A0A3B3ISV4	VKORC1L1
A0A3B3ISV6	ATRNL1
A0A3B3IT54	C8orf33
A0A3B3IT92	
A0A3B3ITJ4	
A0A3B3ITL1	RAB2B
A0A3B3ITL8	
A0A3B3ITP1	FNDC5
A0A3B3ITT1	RAB12
A0A3B3ITT5	RPL29
A0A3B3ITU8	ITPR1
A0A3B3ITW3	ABCD3
A0A3B3IU46	
A0A3B3IU58	TMPRSS9
A0A3B3IUA7	TRIM25
A0A3B3IUB5	HM13
A0A3B3IUC1	
A0A3B3IUD7	PDCD11
A0A494BYR6	
A0A494BZV2	MPRIP
A0A494BZW8	ACSL6
A0A494BZX7	MKL1
A0A494C001	RBM15
A0A494C050	NKAP
A0A494C0G5	AGRN
A0A494C0K5	PARN
A0A494C0Q8	UROD
A0A494C0R8	CLUH
A0A494C0X0	TBCB
A0A494C100	MCM8
A0A494C108	KRI1
A0A494C141	TAZ
A0A494C146	PPOX
A0A494C157	NFKB1
A0A494C1F2	NUP214
A0A494C1G8	SP3
A0A494C1L5	LRBA
A0A494C1M0	SH3D19
A0A499FI31	
A0A499FI48	PDIA4
A0A499FIZ0	WDR26
A0A499FJE1	
A0A4W8ZXM2	IGHV3-72
A0A590UJ16	
A0A590UJ53	KANSL3
A0A590UJ73	TSEN34
A0A590UJA9	TMUB1
A0A590UJB6	KCNAB2
A0A590UJI7	BRCA2
A0A590UJK3	SLMAP
A0A590UJL0	STS
A0A590UJP0	POT1
A0A590UJR0	RAPGEF5
A0A590UJZ9	DMBT1
A0A590UK28	
A0A590UK75	
A0A5F9UP49	SDF4
A0A5F9YFS9	SPCS1
A0A5F9ZA98	ABCB7
A0A5F9ZHD5	AMD1
A0A5F9ZHN9	ALDH3A2
A0A5F9ZHP1	ASCC1
A0A5F9ZHP4	TNK2
A0A5F9ZHU7	PRIM2
A0A5F9ZHW1	AP1S2
A0A5F9ZHX8	ARSE
A0A5F9ZHY2	CAMK2A
A0A5F9ZHY7	BRI3BP
A0A5F9ZI21	ARHGEF2
A0A5F9ZI43	
A0A5H1ZRP4	
A0A5H1ZRR2	CNKSR3
A0A5S6RJB7	FGFR2
A0A669KAX3	WFS1
A0A669KAX4	CUL4B
A0A669KAX9	MRPL2
A0A669KB12	EP300
A0A669KB51	
A0A669KBH4	
A0A669KBJ7	ADNP
A0A669KBL1	USP7
A0A6E1WJ75	
A0A6I8PIQ6	COG4
A0A6I8PIX7	SVIL
A0A6I8PL80	GNL3L
A0A6I8PRM6	ADGRL2
A0A6I8PRP1	
A0A6I8PRU0	CELSR1
A0A6I8PRU6	KRTCAP2
A0A6I8PTU7	
A0A6I8PTZ8	AGO1
A0A6I8PU40	
A0A6Q8PF12	CEP41
A0A6Q8PF18	MND1
A0A6Q8PF94	MID1
A0A6Q8PFA9	GLA
A0A6Q8PFG8	POMK
A0A6Q8PFJ0	LMNA
A0A6Q8PFL2	KIF1A
A0A6Q8PFU3	PAFAH1B1
A0A6Q8PFY7	TFG
A0A6Q8PG18	MEX3C
A0A6Q8PG37	
A0A6Q8PG52	RAB7A
A0A6Q8PG75	
A0A6Q8PGA3	MFN2
A0A6Q8PGA8	
A0A6Q8PGB1	CEP290
A0A6Q8PGH8	XKR8
A0A6Q8PGI7	NPHP1
A0A6Q8PGJ2	IFT172
A0A6Q8PGJ3	KIF5A
A0A6Q8PGQ3	B3GALNT2
A0A6Q8PH09	FANCI
A0A6Q8PH54	SIPA1L2
A0A6Q8PH57	
A0A6Q8PH73	FRMPD4
A0A6Q8PH75	IFRD1
A0A6Q8PHA5	HARS
A0A6Q8PHE5	UBE3A
A0A6Q8PHF1	LARGE
A0A6Q8PHH0	NALCN
A0A6Q8PHQ1	CLCC1
A0A7I2PLE3	MAPT
A0A7I2RAZ6	
A0A7I2RN43	DNAJB5
A0A7I2RYU0	GDAP1
A0A7I2SVS4	HDAC4
A0A7I2V2B1	NRXN3
A0A7I2V2M0	MKS1
A0A7I2V2U6	MTHFD2
A0A7I2V2W4	NDUFA5
A0A7I2V365	
A0A7I2V370	COMT
A0A7I2V377	CAMLG
A0A7I2V383	BCL2L2
A0A7I2V395	STAT3
A0A7I2V3I0	EIF3E
A0A7I2V3R8	HNRNPA1
A0A7I2V412	
A0A7I2V416	SPECC1
A0A7I2V428	NCL
A0A7I2V430	DDX1
A0A7I2V492	KIF5C
A0A7I2V4J2	NONO
A0A7I2V4K5	CTSA
A0A7I2V4T6	NOMO3
A0A7I2V4T9	SGTA
A0A7I2V539	NMT1
A0A7I2V5F3	ST3GAL4
A0A7I2V5R1	NEK9
A0A7I2V5R6	GNAS
A0A7I2V5S2	NPM1
A0A7I2V5T7	PTGES2
A0A7I2V5Y5	KIF23
A0A7I2V633	
A0A7I2V646	TBK1
A0A7I2V6E3	CTSC
A0A7I2YQ78	CSNK2B
A0A7I2YQB7	
A0A7I2YQD4	
A0A7I2YQH5	PCSK6
A0A7I2YQI0	MKRN2
A0A7I2YQL5	ADAMTS1
A0A7I2YQL8	TGFB1
A0A7I2YQT6	THBS2
A0A7I2YQU6	WASH6P
A0A7I2YQU9	ASH1L
A0A7N4I394	
A0A7N4I3A3	
A0A7N4YH79	PAPD5
A0A7P0MNE9	PRSS3
A0A7P0SNI2	TEAD3
A0A7P0SXD0	
A0A7P0T808	PIP5K1C
A0A7P0T811	AREL1
A0A7P0T868	AATF
A0A7P0T886	TCTN2
A0A7P0T893	AKAP8
A0A7P0T8A3	
A0A7P0T8J3	P4HB
A0A7P0T8J7	AAR2
A0A7P0T8M5	C1orf174
A0A7P0T8N5	
A0A7P0T8N8	TCERG1
A0A7P0T8Y4	ALG11
A0A7P0T901	ALG5
A0A7P0T915	SIRT5
A0A7P0T919	ALG8
A0A7P0T937	
A0A7P0T9C1	ARL13B
A0A7P0T9C2	AMMECR1L
A0A7P0T9G4	ERCC6
A0A7P0T9J6	
A0A7P0T9L3	
A0A7P0T9R9	CRAT
A0A7P0TA34	ARFGEF2
A0A7P0TA35	P4HB
A0A7P0TA56	NOTCH1
A0A7P0TA76	ACSL3
A0A7P0TA78	HTT
A0A7P0TA85	BSG
A0A7P0TAE3	AKAP8L
A0A7P0TAG1	DLAT
A0A7P0TAH1	ATF6
A0A7P0TAL9	EIF2AK2
A0A7P0TAQ9	DNAJC10
A0A7P0TB06	RPGRIP1L
A0A7P0TB57	TCTN3
A0A7P0TB86	MTO1
A0A7P0TBC5	ANO6
A0A7P0TBE7	
A0A7P0TBF8	
A0A7P0TBL2	SLC6A15
A0A7P0Z413	TSEN54
A0A7P0Z415	CTSV
A0A7P0Z462	
A0A7P0Z481	HMGCR
A0A7P0Z485	FBRSL1
A0A7P0Z494	DBT
A0A7P0Z497	PPIB
A0A7P0Z4A5	SNX9
A0A7P0Z4C2	
A0A7P0Z4K4	PPIL2
A0A7P0Z4L8	ACSBG2
A0A7P0Z4N7	RBPJ
A0A7P0Z4R7	ASPM
A0A804CCM0	DPF1
A0A804CF45	IRS4
A0A804HHV7	KCNJ11
A0A804HI30	SNX14
A0A804HIA8	R3HDM1
A0A804HIB2	TMEM67
A0A804HIG4	LRPPRC
A0A804HIH2	ARMC9
A0A804HIH7	ERCC8
A0A804HIL7	TRIM9
A0A804HIQ1	SACS
A0A804HIW2	ATP11C
A0A804HJ08	TUBGCP2
A0A804HJ17	TPP1
A0A804HJB7	TACO1
A0A804HJG7	CLASP2
A0A804HJY5	TBCD
A0A804HJY9	GLE1
A0A804HK06	ARHGAP32
A0A804HK63	FBXO11
A0A804HKC3	
A0A804HKD1	BEND7
A0A804HKD7	RABGAP1L
A0A804HKE3	AZIN1
A0A804HKE7	
A0A804HKH9	AIP
A0A804HKM7	PAM
A0A804HKQ1	
A0A804HKX7	ALG1
A0A804HL12	MYCBP2
A0A804HL50	
A0A804HL70	ALMS1
A0A804HLA9	CFAP74
A0A804HLB0	SLC25A25
A0A804HLD3	DNAH14
A0A804HLD6	SEPN1
A0A804HLE1	RMND1
A0A805TBS0	ARHGAP21
A0A8C8KBL6	ITGA6
A0A8C8KX99	CENPI
A0A8C8NWT4	PLEKHG3
A0A8C8QSB1	HLCS
A0A8I5KNP3	DDX21
A0A8I5KPG1	SEC16A
A0A8I5KQ98	GOLGA3
A0A8I5KQT8	DNAJC19
A0A8I5KR90	KATNAL2
A0A8I5KRH1	ZRSR2
A0A8I5KRR9	DHCR7
A0A8I5KS01	
A0A8I5KS30	TBATA
A0A8I5KS59	
A0A8I5KSD7	PNKD
A0A8I5KSE4	NAV1
A0A8I5KSG1	KMT2D
A0A8I5KSH1	PPP1R15B
A0A8I5KSH6	DDX10
A0A8I5KSY3	CYB5B
A0A8I5KT00	NCAPD3
A0A8I5KT03	ETFA
A0A8I5KT56	FMR1
A0A8I5KT58	KIDINS220
A0A8I5KT93	SETDB1
A0A8I5KT99	
A0A8I5KTJ3	HSBP1
A0A8I5KTT1	KDM5C
A0A8I5KTU3	MITF
A0A8I5KUE4	
A0A8I5KV04	
A0A8I5KVA5	POMGNT1
A0A8I5KVF8	STAG2
A0A8I5KVM3	TAF8
A0A8I5KVM8	
A0A8I5KVU2	LARP4B
A0A8I5KW38	GCC2
A0A8I5KW48	PTPN11
A0A8I5KW55	EMC1
A0A8I5KW95	HS2ST1
A0A8I5KWI4	EDEM3
A0A8I5KWJ9	RAB3GAP2
A0A8I5KWK6	ZNF747
A0A8I5KWQ1	ERO1LB
A0A8I5KWT8	MYH9
A0A8I5KWV3	RAD21
A0A8I5KX72	NKRF
A0A8I5KXJ0	ERMP1
A0A8I5KXR3	KMT2A
A0A8I5KXR5	TANC2
A0A8I5KXV0	ATP7A
A0A8I5KXV4	
A0A8I5KXY7	GK
A0A8I5KYB4	MAP2K1
A0A8I5KYF1	MRPS22
A0A8I5KYH1	MAGT1
A0A8I5KYW6	TAF12
A0A8I5KZ24	ATE1
A0A8I5QJ94	
A0A8I5QJL1	MTM1
A0A8I5QJN0	
A0A8I5QJP2	NSD1
A0A8I5QJU2	
A0A8I5QJW5	KLHL15
A0A8I5QKJ2	REEP1
A0A8I5QKY1	GGCX
A0A8J8YUB5	ANKRD36C
A0A8J9BZL8	GOLGA2
A0A8J9FQ52	
A0A8Q3SHG3	MARC1
A0A8Q3SHH4	LARP7
A0A8Q3SHM6	NLGN1
A0A8Q3SHU3	
A0A8Q3SHU8	MRPS25
A0A8Q3SHZ3	PCNT
A0A8Q3SI51	CD55
A0A8Q3SIA0	TIMM17B
A0A8Q3SIB2	CDCA7
A0A8Q3SIC5	MYL6B
A0A8Q3SIF4	EXTL3
A0A8Q3SIF5	EFTUD1
A0A8Q3SIF8	DUSP11
A0A8Q3SIN7	
A0A8Q3SIQ8	KIF7
A0A8Q3SIT9	
A0A8Q3SIU1	RASAL2
A0A8Q3SIW6	MTCL1
A0A8Q3WK74	MAT2B
A0A8Q3WKA5	MTCH1
A0A8Q3WKJ4	NUP54
A0A8Q3WKK6	LIMS3L
A0A8Q3WKM1	ZBTB34
A0A8Q3WKR3	PPP2R5C
A0A8Q3WKT3	RBFOX2
A0A8Q3WKT7	C8A
A0A8Q3WKU6	AFTPH
A0A8Q3WKY7	PROSER3
A0A8Q3WKZ8	MRPS27
A0A8Q3WL04	NF1
A0A8Q3WL20	CYBA
A0A8Q3WL56	C8B
A0A8Q3WLG9	SLC4A1AP
A0A8Q3WLI5	FAS
A0A8Q3WLL1	CXCR4
A0A8Q3WLQ2	NUPL1
A0A8Q3WM91	PLA2G4E
A0A8Q3WMA7	SFPQ
A0A8Q3WMH8	SYDE2
A0A8V8NBT1	NUP160
A0A8V8TKF7	ITGAV
A0A8V8TKT3	CSNK1G3
A0A8V8TKT5	STK39
A0A8V8TL66	POLR3F
A0A8V8TL97	SKIV2L
A0A8V8TLD4	SMARCAL1
A0A8V8TLL2	KPNA5
A0A8V8TLM6	TFRC
A0A8V8TLS5	SBDS
A0A8V8TLT3	ZBTB24
A0A8V8TM14	KIAA0319L
A0A8V8TM63	HDAC6
A0A8V8TM73	PCDH7
A0A8V8TMC8	STIM2
A0A8V8TMH5	MAP3K5
A0A8V8TMJ0	POLD2
A0A8V8TML6	ERBB2IP
A0A8V8TMN3	CCDC8
A0A8V8TMN4	PPIP5K2
A0A8V8TMQ1	FXR1
A0A8V8TMU7	ADAMTS2
A0A8V8TMW0	MAST3
A0A8V8TMY4	PFKP
A0A8V8TN34	SLC44A1
A0A8V8TN61	TAP1
A0A8V8TNB1	SLC4A4
A0A8V8TNE0	OBFC1
A0A8V8TNE2	UBE2T
A0A8V8TNP6	FXR1
A0A8V8TNS9	TBC1D1
A0A8V8TNU4	SPATA1
A0A8V8TNV9	SLC39A7
A0A8V8TNY4	WRAP53
A0A8V8TNZ5	ARF1
A0A8V8TP17	
A0A8V8TP33	
A0A8V8TPE3	TOP2B
A0A8V8TPI4	PIGO
A0A8V8TPI8	GOLGA4
A0A8V8TPQ9	JAK1
A0A8V8TPU9	
A0A8V8TQ67	POGZ
A0A8V8TQD3	RNF31
A0A8V8TQE5	NOP10
A0A8V8TQF0	LZTR1
A0A8V8TQF2	MAP3K7
A0A8V8TQI4	OS9
A0A8V8TQJ0	MSH6
A0A8V8TQW4	AP3D1
A0A8V8TR34	
A0A8V8TR57	MSL2
A0A8V8TR86	DDX23
A0A8V8TR92	
A0A8V8TRF3	CEPT1
A0A8V8TRF6	CLASP1
A0A8V8TRH9	PPP1CB
A0A8Z5A536	
A0A8Z5AA41	LSR
A0A8Z5CCZ9	MIPOL1
A0A994ENR3	FBXL18
A0A994J3N8	PPP2R1A
A0A994J3V4	FBXW7
A0A994J3X0	TTC17
A0A994J414	DPF2
A0A994J483	
A0A994J4D9	EXOSC4
A0A994J4E9	HNRNPK
A0A994J4F8	TMEM106B
A0A994J4J0	TRIP12
A0A994J4J8	
A0A994J4L0	CEP97
A0A994J4R1	HNRNPD
A0A994J4R3	
A0A994J4T0	WDR37
A0A994J4Y8	
A0A994J4Z6	KIAA0195
A0A994J591	SRPK2
A0A994J595	CACNA2D1
A0A994J5A3	
A0A994J5B1	EPB41L2
A0A994J5B8	NCOR1
A0A994J5C6	ZNF536
A0A994J5E0	
A0A994J5H2	ARL17B
A0A994J5J1	RPN2
A0A994J5K0	SLAIN1
A0A994J5T9	CEP350
A0A994J5W6	SYPL1
A0A994J6L2	
A0A994J6S4	USP9X
A0A994J6T1	RAC1
A0A994J702	GPX1
A0A994J720	
A0A994J736	NXPE3
A0A994J749	IMPDH2
A0A994J782	
A0A994J7C7	SIN3A
A0A994J7F8	ANK1
A0A994J7H4	
A0A994J7J8	LRRC37A2
A0A994J7M5	TMEM87A
A0A994J7P9	
A0A994J7X3	
A0A9K3Y886	SDC3
A0A9L9PX62	GPS1
A0A9L9PXE4	
A0A9L9PXJ0	MTMR6
A0A9L9PXJ4	MYL10
A0A9L9PXL4	PBRM1
A0A9L9PXM3	PRIM1
A0A9L9PXN0	MADD
A0A9L9PXN2	
A0A9L9PXQ2	ARHGAP23
A0A9L9PXQ4	LAMP2
A0A9L9PXR5	SF1
A0A9L9PXT0	GPS1
A0A9L9PY35	KDELC1
A0A9L9PY44	POLA2
A0A9L9PY92	MFF
A0A9L9PY99	
A0AA34QVE6	UBAP2L
A0AA34QVG5	HDGF
A0AA34QVH1	CASQ2
A0AA34QVH5	CARM1
A0AA34QVH8	KAT7
A0AA34QVI1	TNKS2
A0AA34QVI2	PPP4R2
A0AA34QVL7	DDI2
A0AA34QVR9	JUN
A0AA34QVS2	BRD7
A0AA34QVS4	TARBP2
A0AA34QVS8	FAM160B1
A0AA34QVV1	
A0AA34QVW0	MUC16
A0AAA9X0G7	KIAA0368
A0AAA9XBX5	HELZ2
A0AAA9YHJ2	
A0AAG2SVT6	IGHV3OR16-9
A0AAG2T928	
A0AAG2THC5	MFHAS1
A0AAG2TIE2	SLC39A4
A0AAG2TJB2	POLR2A
A0AAG2TL40	GMPR2
A0AAG2TM35	KIAA1456
A0AAG2TUM7	SPAG11B
A0AAG2TV02	IGHV3OR15-7
A0AAG2U823	ADAR
A0AAG2UUN2	TSPY10
A0AAG2UUW3	PCDHB3
A0AAG2UVM1	HAT1
A0AAG2UW65	COL18A1
A0AAG2UWE8	ZNF598
A0AAG2UWF1	TCAF2
A0AAG2UX58	CMTR2
A0AAG2UY03	TGOLN2
A0AAG2UYF2	SGK223
A0AAK2PNZ4	
A0AAQ5BGG5	ACTA2
A0AAQ5BGL6	ATP7B
A0AAQ5BGM0	BMPR1A
A0AAQ5BGM4	MOCS1
A0AAQ5BGR9	COL3A1
A0AAQ5BGU5	
A0AAQ5BGU7	MYH7
A0AAQ5BGW3	TMX2
A0AAQ5BGY0	PALB2
A0AAQ5BH01	RB1
A0AAQ5BH18	ATM
A0AAQ5BH63	MYL3
A0AAQ5BHB6	VPS33A
A0AAQ5BHB8	LDLR
A0AAQ5BHC3	TPM1
A0AAQ5BHK9	ALOXE3
A0AAQ5BHP4	CD200
A0AAQ5BHP6	B3GNT7
A0AAQ5BHQ8	TNNI3
A0AAQ5BHT8	TMEM181
A0AAQ5BHX9	STK11
A0AAQ5BHY3	COL4A2
A0AAQ5BI16	NRSN2
A0AAQ5BI25	ENOX2
A0AAQ5BI29	VPS4A
A0AAQ5BI61	EPS15L1
A0AAQ5BIB8	CTNNB1
A0AAQ5BIG2	FUS
A0AAQ5BIJ6	ZNF852
A0AAR1ZLH9	UFSP1
A0ABB0MN55	HNRNPA0
A0ABB0MUZ6	CLK2
A0ABB0MV19	SLC5A3
A0ABB0MV22	CHCHD2
A0ABB0MV58	KDM2B
A0ABB0MV62	ZNF638
A0ABB0MV95	ATP6V1B2
A0ABB0MVA0	HDAC1
A0ABB0MVA8	LDLRAP1
A0ABB0MVB9	STT3B
A0ABB0MVD6	MRPS10
A0ABB0MVF4	OAZ1
A0ABB0MVG4	NPTXR
A0ABB0MVI0	C1QL3
A0ABB0MVI4	C1QL1
A0ABB0MVL4	FUOM
A0ABB0MVL5	SRSF12
A0ABB0MVL8	CASC3
A0ABJ7H3D0	C1QL4
A0ABJ7H3E2	FMNL2
A0ABJ7H8E5	MYH16
A0ABJ7H8I8	EEF1A1
A0ABJ7H8K3	
A0AVF1	TTC26
A0AVI4	TMEM129
A0JNW5	UHRF1BP1L
A0MZ66	KIAA1598
A0PJW6	TMEM223
A0PJX2	TLDC2
A0PJZ3	GXYLT2
A0PK00	TMEM120B
A1A4Y4	IRGM
A1L0T0	ILVBL
A1L170	C1orf226
A1X283	SH3PXD2B
A1XBS5	FAM92A1
A1YPR0	ZBTB7C
A2A274	ACO2
A2A2D0	STMN1
A2A2N0	CST8
A2A3N6	PIPSL
A2A3Z5	LACC1
A2AAZ0	HLA-DQB1
A2AEA2	HLA-C
A2NJV5	IGKV A18
A2RRP1	NBAS
A2RTX5	TARSL2
A2RU48	SMCO3
A2RU67	KIAA1467
A2RUC4	TYW5
A2VDJ0	KIAA0922
A3KMH1	VWA8
A4D161	FAM221A
A4D1E9	GTPBP10
A4D1P6	WDR91
A4D1S0	KLRG2
A4D1U4	LCHN
A5PL33	KRBA1
A5PLN9	TRAPPC13
A5YKK6	CNOT1
A6NC48	BST1
A6NCN2	KRT87P
A6NCS6	C2orf72
A6ND36	FAM83G
A6NDG6	PGP
A6NDU8	C5orf51
A6NED2	RCCD1
A6NEL2	SOWAHB
A6NEM2	HCFC1
A6NFI3	ZNF316
A6NFX8	NUDT5
A6NGY7	BICC1
A6NH01	AP1S2
A6NHB5	ZMYM3
A6NHG8	TRAF3
A6NHL2	TUBAL3
A6NHQ2	FBLL1
A6NIH7	UNC119B
A6NIX2	WTIP
A6NJ78	METTL15
A6NK59	ASB14
A6NKD9	CCDC85C
A6NLH6	CNIH4
A6NM43	CCT8L1P
A6NM71	
A6NMH6	SEPT8
A6NMQ3	ENSA
A6NN50	OBSL1
A6NNA4	MATN4
A6NNI4	CD9
A6NNK5	TP53BP1
A6NNL5	C15orf61
A6NNY8	USP27X
A6PVI2	PLG
A6PW57	PIP5K1A
A6PWM2	CRELD2
A6QL63	BTBD11
A7E2Y1	MYH7B
A7MCY6	TBKBP1
A8CG34	POM121C
A8CTZ0	ITSN1
A8K2U0	A2ML1
A8K7I4	CLCA1
A8K7Q2	HSPA8
A8K855	EFCAB7
A8K8P3	SFI1
A8K968	
A8MPP1	DDX11L8
A8MQ02	MLLT4
A8MUH7	PDZK1P1
A8MVW0	FAM171A2
A8MX07	CEP19
A8MXP9	MATR3
A8MXV4	NUDT19
A9Z1X7	SRRM1
B0FP48	UPK3BL
B0QY89	EIF3L
B0QY91	MICALL1
B0QYK0	EWSR1
B0QYS7	TFEB
B0YIW2	APOC3
B1AHC4	PRR5-ARHGAP8
B1AHL2	FBLN1
B1AKL4	EIF4ENIF1
B1AL00	BMP7
B1ALA9	PRPS1
B1ALH6	PHYH
B1ALK7	ARHGEF7
B1ALM5	TMEM9
B1ALP5	KANK4
B1ALS0	PRKG1
B1AMS2	SEPT6
B1AMV7	SFXN4
B1ANH0	GUK1
B1ANR0	PABPC4
B2RBV5	LOC93622
B2RNG4	TRIM6-TRIM34
B2RTY4	MYO9A
B2WTI3	JMJD6
B3KN83	C14orf46
B3KS98	EIF3H
B3KTM8	MORF4L1
B3KVL5	ZCCHC10
B4DDC6	PTGES3
B4DDL8	ST5
B4DDR8	MED24
B4DE54	BANP
B4DEH8	PABPN1
B4DER1	LARS
B4DGI9	TCF12
B4DHJ7	BNIP3
B4DIB3	MARK1
B4DIH2	
B4DKY1	CARS
B4DLN1	
B4DNJ1	PLAT
B4DTF2	ANXA8L1
B4DVT3	VWA9
B4DXW1	ACTR3
B4DXX4	C8orf45
B4DY08	HNRNPC
B4DY26	TGFBR1
B4DZ84	MPP2
B4E1C1	DAXX
B4E2I4	GCLC
B4E2Q0	ATP2C1
B4E3S0	CORO1C
B4E3T4	RBPMS
B5MC02	STEAP2
B5MC33	FAM150B
B5MC51	LIMK2
B5MCD7	SYNGR1
B5MCF9	PES1
B5MCN7	NCOA1
B5MCU0	R3HDM2
B5MDF5	RAN
B5ME25	METTL8
B6VEX4	ABI1
B7WPE2	EML3
B7WPG3	HNRNPLL
B7WPL0	RIC8B
B7Z4T2	PXYLP1
B7Z589	SLC6A9
B7Z591	TMCO1
B7Z5J4	CPA4
B7Z613	GPM6B
B7Z6Q0	NPRL3
B7Z7F3	RANBP3
B7Z7P8	ETF1
B7Z879	VPS11
B7Z9X4	NDRG4
B7ZBM3	FOXP4
B7ZC38	SH3GLB2
B7ZKQ9	SCARB1
B7ZL25	VARS2
B7ZL88	COX18
B7ZLJ8	SEZ6L
B7ZLQ5	SMARCA1
B7ZM87	SRGAP2
B7ZM99	MTHFD1L
B8ZZ87	MZT2B
B8ZZC5	GLS
B8ZZD4	TAX1BP1
B8ZZI5	STK16
B8ZZN6	SUMO1
B8ZZQ6	PTMA
B8ZZS0	BET1L
B8ZZS4	ANKZF1
B8ZZW4	IL1R1
B9A018	USP39
B9A054	RHBDD1
B9EGE7	ZNF507
C4AMC7	WASH3P
C4P093	DISC1
C9IYC4	C3orf18
C9IZG9	NEU4
C9J0A7	CHMP2B
C9J0K6	SRI
C9J2V2	IKBKG
C9J2Y9	POLR2B
C9J3R8	B4GALT4
C9J406	IMMT
C9J4I3	STAT5B
C9J4K0	C2orf49
C9J4Z3	RPL37A
C9J5D1	NAA50
C9J5F6	GRID2IP
C9J5F9	TBL1X
C9J5N1	PTGES3L-AARSD1
C9J5X1	IGF1R
C9J6P4	ZC3HAV1
C9J7K9	PLSCR1
C9J8I8	WNT5A
C9J8T6	COX17
C9J9K3	RPSA
C9JA08	NMD3
C9JA69	BBX
C9JA93	TBC1D15
C9JAX1	FXN
C9JBG5	SIDT2
C9JBI3	PSPH
C9JCW4	TBL1XR1
C9JD65	ATG9A
C9JDQ1	MOGS
C9JE82	CACNA2D2
C9JE98	NCOR2
C9JFK9	BAG3
C9JFR7	CYCS
C9JG97	AAMP
C9JGI3	TYMP
C9JIF9	APEH
C9JJ19	MRPS34
C9JJX6	ARVCF
C9JLU1	POLR2H
C9JM79	PPIG
C9JME2	FARP1
C9JP00	MBNL1
C9JPU3	TSPY2
C9JPX5	STARD3NL
C9JQ41	CCDC58
C9JQB1	NME6
C9JQQ2	OXSM
C9JRY4	SEC22A
C9JRZ6	CHCHD3
C9JSE3	FANCG
C9JTH1	IL36RN
C9JTK4	AP2M1
C9JTY6	TAF6
C9JV77	AHSG
C9JWL4	AP4M1
C9JXC6	SEC61A1
C9JXD6	KIAA1211L
C9JXZ0	PLOD2
C9JYJ0	RAD51B
C9JYQ9	RPL22L1
C9JZE3	REPIN1
C9JZL8	MYADM
C9JZR2	CTNND1
C9K0A1	SEMA4F
C9K0J5	RAPH1
D3DPS3	RPRC1
D3DQV9	EIF4G2
D3YTB1	RPL32
D3YTC9	ANKRD54
D6R956	UCHL1
D6R9P3	HNRNPAB
D6R9S7	SLC41A3
D6R9U7	POLR3G
D6RA89	PEX10
D6RAA6	TMEM33
D6RAN4	RPL9
D6RB81	AMACR
D6RD69	SAR1B
D6RDV0	TUSC3
D6REK2	TRIM41
D6REX3	SEC31A
D6REY2	MCC
D6RF34	CSN1S1
D6RGF0	PRR16
D6RGG3	COL12A1
D6RGI3	SEPT11
D6RGJ2	TNIP2
D6RH26	CXorf40A
D6RHH9	PHOSPHO1
D6RHJ6	JCHAIN
D6RIC9	NREP
D6RID8	GTF2H2C
D6RIE3	COX7A2
D6RIS0	GAB1
D6RIY6	EXOSC9
D6RJ07	ZNF346
D6RJF2	PAIP1
D9J307	HLA-B
E2QRF9	GMNN
E5RFP0	NUDCD2
E5RFP4	RBPMS
E5RFT4	TMEM55A
E5RFZ8	SLC39A14
E5RGC1	FBXW11
E5RGR1	PINX1
E5RGS2	REEP4
E5RHG9	UQCRB
E5RHK8	DNM3
E5RI34	SGCD
E5RI56	SKP1
E5RI87	RNF130
E5RIL2	CNOT8
E5RIW3	TBCA
E5RJ29	PSD3
E5RJ52	AP3M2
E5RJM0	CPEB4
E5RK82	CETN3
E7EMB6	DNPEP
E7EMN6	PPP1R2
E7EMV7	TNIP1
E7EN32	MEN1
E7END7	RAB1A
E7EP72	C19orf25
E7EPB3	RPL14
E7EPD9	ST7
E7EPI0	IBTK
E7EPM6	ACSL1
E7EPN9	PRRC2C
E7EPT4	NDUFV2
E7EQ61	UBA5
E7EQB2	LTF
E7EQI0	TH
E7EQL5	DYNC1I2
E7EQM7	SEPT5
E7EQR8	YIPF3
E7EQY4	MTA3
E7EQZ4	SMN1
E7ER26	PRDM15
E7ERS3	ZC3H18
E7ES19	THBS4
E7ESC6	XPO7
E7ESC7	MAEA
E7ESG2	CLSPN
E7ESK6	SDC2
E7ESP9	NEFM
E7ESY4	MTA1
E7ESZ7	NDUFA10
E7ET89	DTX2
E7ETK0	RPS24
E7ETK1	EPC2
E7ETN3	CFB
E7ETU7	MRPL3
E7ETU9	PLOD2
E7ETY2	TCOF1
E7ETY4	MARK2
E7ETZ4	BZW2
E7EUI8	G6PD
E7EUN2	AGAP1
E7EV07	ARHGEF4
E7EV90	SLC45A4
E7EV99	ADD1
E7EVA0	MAP4
E7EVJ5	CYFIP2
E7EVZ1	ZFHX4
E7EW69	SEPT10
E7EW77	ABI2
E7EWC6	POLR2J3
E7EWD3	ADAM23
E7EWM1	NCOA2
E7EWM2	CEP170
E7EWN3	SETD5
E7EX17	EIF4B
E7EX21	COL13A1
E7EX90	DCTN1
E7EXA6	CHTF18
E9PAM9	BCL2L11
E9PAV3	NACA
E9PB39	ARHGEF10
E9PBB9	MAPK8IP1
E9PBG4	ADGRL3
E9PC15	AGK
E9PC44	SEC24D
E9PC69	MARK2
E9PCG9	BDH1
E9PCH4	RAPGEF6
E9PCN2	GUCY1B3
E9PCW1	GOSR1
E9PD25	TLL1
E9PD50	SMG7
E9PD68	CRMP1
E9PDF6	MYO1B
E9PDL4	ICA1
E9PDR0	PCCB
E9PE63	SLC9B2
E9PEN0	ING5
E9PEP6	NRP1
E9PEP7	ZFX
E9PER6	PDPK1
E9PES6	HMGB3
E9PEX6	DLD
E9PF16	ACSF2
E9PF19	TBL2
E9PF59	DPP6
E9PFB9	CCDC18
E9PFH1	RND3
E9PFI7	PARP8
E9PFK9	RABGEF1
E9PFN4	SLC4A7
E9PFZ2	CP
E9PGT1	TSN
E9PGZ1	CALD1
E9PH57	TCF4
E9PH64	NDUFB9
E9PHB3	ZNF384
E9PHI4	SUN1
E9PHN7	GSTM2
E9PHV5	SSFA2
E9PHY0	ACP2
E9PI08	RCE1
E9PIE4	MTCH2
E9PIP3	GPSM3
E9PIR7	TXNRD1
E9PIZ2	GYLTL1B
E9PJ55	TCP11L1
E9PJK1	CD81
E9PJK2	EED
E9PJL7	CRYAB
E9PJN9	RPS3
E9PJP2	SOGA3
E9PK54	HSPA8
E9PK89	RAB3IL1
E9PKC0	PLEKHA7
E9PKG1	PRMT1
E9PKL9	TSTA3
E9PKU7	GANAB
E9PKW1	LTBP3
E9PL10	BTF3L4
E9PL17	CLP1
E9PL18	KBTBD4
E9PL57	NEDD8-MDP1
E9PL59	SMPD1
E9PLD2	MTFR1L
E9PLG2	PSMC3
E9PLI6	EIF1AD
E9PLR7	RNF121
E9PLV1	PRDM10
E9PM17	PAK1
E9PM75	SIRT3
E9PM92	C11orf58
E9PMH5	BIRC2
E9PMR6	ARHGEF12
E9PMS6	LMO7
E9PMV1	PLEC
E9PMV2	HLA-DQA1
E9PN89	HSPA8
E9PNK6	TPD52L1
E9PNL8	DGKZ
E9PNW4	CD59
E9PPI4	SLC35C1
E9PPW7	NDUFS8
E9PQ56	PUF60
E9PQG4	PDE4DIP
E9PR30	FAU
E9PRB9	SPCS2
E9PRD9	VNN2
E9PRG8	C11orf98
E9PRM7	SLC22A18
E9PRQ7	UBXN1
E9PRT0	IFT46
E9PSI1	TM9SF1
F1T0I1	SEC16A
F2Z2F1	MB
F2Z2V0	CPNE1
F2Z2W7	TRMT2A
F2Z2X2	TTLL7
F2Z333	C1orf233
F2Z3J9	PTGR1
F5GWA4	KCTD10
F5GWT4	WNK1
F5GXS2	ACTN4
F5GXT9	TMBIM4
F5GXW5	C12orf57
F5GXX5	DAD1
F5GY05	FAM120B
F5GYF8	SIPA1L1
F5GYH1	NECAP1
F5GYK2	STRN4
F5GYN4	OTUB1
F5GYQ1	ATP6V0D1
F5GYU9	PLEKHB1
F5GYV5	ARL6IP4
F5GZ09	IFT27
F5GZ28	LIG1
F5GZ45	FOLR2
F5GZ90	DTL
F5GZ97	CCDC53
F5GZF0	CDK2AP1
F5GZS6	SLC3A2
F5GZY7	GABARAPL1
F5H0U5	GLTP
F5H136	TCP1
F5H1S1	PIGB
F5H1S8	MLEC
F5H1Z6	STARD10
F5H2N6	KIAA1586
F5H365	SEC23A
F5H385	SLC39A3
F5H386	LPO
F5H3Q5	COL4A6
F5H433	SALL2
F5H442	TSG101
F5H452	TFDP1
F5H4N4	PXMP2
F5H4N6	GRIP1
F5H4Q5	VPS37C
F5H4R1	MAP3K4
F5H527	SSH2
F5H578	PRPF40A
F5H5D3	TUBA1C
F5H5M8	TEKT3
F5H5N2	ISCU
F5H5P2	BCKDHA
F5H5V4	PSMD9
F5H5X9	CDH7
F5H6U7	GOLT1B
F5H6Y8	GPR137
F5H702	MRPL48
F5H7C4	MSRB3
F5H7K1	C16orf62
F5H8D7	XRCC1
F5H8F7	ASH2L
F5H8H2	MVK
F6PQP6	EPN2
F6QDS0	DDX19A
F6RFD5	DSTN
F6S8N6	PCMT1
F6U1T9	PPP3R1
F6U236	PACSIN1
F6U4U2	NEK2
F6UZG9	FBXO18
F6VZ39	RBM38
F6WC43	HTR3D
F6WE04	TTC39A
F6WIT2	PPP2R4
F6X3N5	GNB1
F8VNT9	CD63
F8VPD4	CAD
F8VQD4	C12orf75
F8VQW0	TMBIM6
F8VRJ1	RPH3A
F8VRL4	NUDT4
F8VSE7	E2F7
F8VSL3	NFYB
F8VTQ3	PFKM
F8VUW5	DAZAP2
F8VVA7	COPZ1
F8VVB6	NELL2
F8VWW7	SPRYD3
F8VWZ8	ARHGAP29
F8VXC8	SMARCC2
F8VXG7	SCAF11
F8VXI8	KANSL2
F8VXU5	VPS29
F8VZR2	YAF2
F8W020	NAP1L1
F8W031	CNPY2
F8W0P7	ATP5B
F8W118	NAP1L1
F8W120	TMEM106C
F8W130	TROAP
F8W1A4	AK2
F8W1B3	CHPT1
F8W1L2	HOXB3
F8W1R7	MYL6
F8W692	CLEC18A
F8W6C2	SPATS2L
F8W6L3	KLC1
F8W782	ADIPOR1
F8W7C6	RPL10
F8W7Q4	FAM162A
F8W7U0	ITSN1
F8W7U8	MRE11A
F8W881	FAM120C
F8W8C2	VEZT
F8W8I6	TIA1
F8W8K9	AP1S3
F8W930	IGF2BP2
F8W9H0	VKORC1
F8W9S7	GAPVD1
F8WA39	MTMR1
F8WAM2	CCT7
F8WBA3	PRKD1
F8WBQ1	ICA1L
F8WBW1	COMMD2
F8WCQ4	PARL
F8WD24	CDKN3
F8WD26	LMO7
F8WDX0	TSSC1
F8WED3	CAPZA2
G1UD79	SPACIA2
G3V0G5	ANKMY2
G3V0I5	NDUFV1
G3V1D3	DPP3
G3V1J5	DIS3
G3V1M9	PRB1
G3V1P3	LOH12CR1
G3V1R1	PRB1
G3V1W8	ACVRL1
G3V207	TMCC3
G3V219	YAF2
G3V2D5	ZFP36L1
G3V2D8	ZFYVE26
G3V2K8	WDR25
G3V2S6	ATP6V1D
G3V2W1	SERPINA10
G3V2W9	EAPP
G3V2Y4	SHMT2
G3V325	ATP5J2-PTCD1
G3V3F7	RPGRIP1
G3V3M6	APEX1
G3V4C1	HNRNPC
G3V4S9	NDRG2
G3V529	DDX24
G3V542	TUBB3
G3V582	GPHN
G3V599	MIA2
G3V5R9	KLC1
G3V5S9	FCF1
G3V5T9	CDK2
G3V5Z3	SMEK1
G3V5Z7	PSMA6
G3XA83	B4GALT6
G3XAC1	SLC26A6
G3XAC6	RBM39
G3XAG1	ZNF512
G3XAI2	LAMB1
G3XAN4	TRAM1
G3XAN8	TIMM8B
G3XAP0	RBM23
G5E948	MAP4K4
G5E975	SMARCB1
G5E994	GPR107
G5E9A6	USP11
G5E9A7	DMWD
G5E9F8	PROS1
G5E9G4	TTC7A
G5E9M4	ZNF277
G5E9Q6	PFN2
G5E9V4	HPS3
G5E9V6	ARMC8
G5E9W2	CHPF2
G5E9Z2	CLPTM1L
G5EA09	SDCBP
G5EA30	CELF1
G5EA36	CDC27
G5EA48	SRGAP1
G8JLB3	PUS1
G8JLB6	HNRNPH1
G8JLQ3	BLOC1S1
H0UI80	TH1L
H0Y2V6	CEP170
H0Y2Y8	ZYX
H0Y368	DPM1
H0Y3H2	ABCA3
H0Y459	NCOR1
H0Y4J7	TTN
H0Y4L1	BAG6
H0Y4W2	TRRAP
H0Y517	CC2D1B
H0Y547	ATP11A
H0Y5D5	CIZ1
H0Y5D8	ARHGAP12
H0Y5K5	ERGIC3
H0Y5N1	FRMD5
H0Y5Y0	PREP
H0Y6A4	PAEP
H0Y6A5	ZDHHC3
H0Y6Y8	MRPL43
H0Y714	IMP4
H0Y720	TNRC6B
H0Y760	RAD54L2
H0Y886	NDUFB5
H0Y8G9	HERC3
H0Y8T0	NAA11
H0Y8U5	CTBP1
H0Y8X4	DNPH1
H0Y8X6	NEDD4
H0Y993	DEK
H0Y997	TXNDC15
H0Y9H5	USP38
H0Y9X1	TMA16
H0Y9Y2	BOD1L1
H0YA68	MAN2B2
H0YA96	HNRNPD
H0YAA8	MED28
H0YAC7	COPB2
H0YAG5	MRPS18C
H0YAL8	ERAP2
H0YAN4	LARP1
H0YAP2	PABPC1
H0YAW5	TNKS
H0YAX0	ZDHHC14
H0YB92	CEP170
H0YBC6	DNM3
H0YBR0	TRAPPC9
H0YBS6	HSF4
H0YBT3	CNOT7
H0YBY4	LPPR3
H0YBZ4	MTFR1
H0YC37	TAF2
H0YC42	TPD52
H0YDF6	NHSL1
H0YDP6	GEMIN2
H0YDQ7	NPIPB8
H0YDQ8	CRTC2
H0YEA7	GNPTG
H0YEC1	C11orf85
H0YEI6	WDTC1
H0YEK2	PHF21A
H0YEL8	SERGEF
H0YEN6	TM7SF2
H0YFD6	HADHA
H0YFK4	KLRC2
H0YG16	KLC1
H0YG62	TEAD4
H0YGR0	ITFG2
H0YGS2	TEAD4
H0YGW8	DUS1L
H0YH69	ETNK1
H0YHG0	
H0YHP1	FAR2
H0YI09	METTL7A
H0YI30	GDF11
H0YIV9	
H0YJ05	STON2
H0YJ66	DHRS7
H0YJQ1	NGDN
H0YK61	EMC4
H0YKB5	MFGE8
H0YKC5	DUT
H0YKT5	TLE3
H0YL16	PAK6
H0YL68	GMPR2
H0YLF3	B2M
H0YLF5	PBX1
H0YLI7	AP3S2
H0YLM8	DMXL2
H0YLX2	RFX7
H0YMA4	KIAA0101
H0YME5	EIF2AK4
H0YMV8	RPS27L
H0YN26	ANP32A
H0YN81	WDR61
H0YNH6	EMC9
H0YNJ6	GMPR2
H0YNP8	TCF12
H0YNU5	BLM
H0YNW7	GNB5
H3BLU7	AKR7A2
H3BLV4	SUSD1
H3BM14	NUB1
H3BMJ2	C15orf39
H3BML6	SLC6A2
H3BMQ2	RSL24D1
H3BMS5	PHLPP2
H3BMT1	RRN3
H3BMY4	SCAMP5
H3BMZ2	CNOT1
H3BNC9	RPS17
H3BNJ0	POLR3E
H3BNT4	MPHOSPH6
H3BP77	TK2
H3BPC4	UBE2I
H3BPU8	DNASE1L2
H3BQK9	MACF1
H3BQL7	SIN3A
H3BRJ5	
H3BRN4	ABAT
H3BRS1	NFATC3
H3BRW3	GFER
H3BSM7	C16orf58
H3BSM9	SALL1
H3BSS6	ZNF106
H3BSW6	CTU2
H3BSY2	GOLGA8M
H3BTH8	HAPLN3
H3BU58	BBS4
H3BUJ7	E4F1
H3BV80	RNPS1
H3BV90	CIAPIN1
H7BXH2	PPP6R3
H7BXI1	ESYT2
H7BY10	RPL23A
H7BYT1	CSNK1D
H7BYU7	HIVEP1
H7BYY1	TPM1
H7BZ31	RFTN2
H7BZ57	TTC3
H7BZG6	AP1S2
H7BZI1	NUCB1
H7BZK6	USP46
H7BZQ3	OTUD5
H7BZV7	GULP1
H7C012	PLB1
H7C0B3	TMEM87B
H7C0E5	ZPR1
H7C0H7	ARL6IP6
H7C0Q6	TRIM4
H7C0S2	OSCP1
H7C128	BRD8
H7C1G6	ATG9A
H7C1M2	SON
H7C1Y3	NCOR2
H7C201	GLS
H7C231	BCOR
H7C269	TNRC6A
H7C270	CTDSP1
H7C272	HUS1
H7C2C6	CCDC88A
H7C2Q8	EBNA1BP2
H7C2Z6	GCA
H7C3C4	SLC4A7
H7C3I4	ADAM22
H7C3L5	TAX1BP1
H7C3M7	FARP2
H7C417	
H7C446	PPAN
H7C484	ARV1
H7C4F6	KPNA4
H7C4G5	RUVBL1
H7C4K3	ITGB1
H7C4Y2	ACOX2
H7C560	BRAF
H7C561	SF1
H7C5T9	SERPINI1
I3L072	C17orf80
I3L0E3	hCG_1984214
I3L0N3	NSF
I3L0U5	CCDC137
I3L0Y9	BAIAP2
I3L112	DGKE
I3L1D9	CTDNEP1
I3L1K6	MYL4
I3L1Q9	CCNE1
I3L1Y9	FLYWCH2
I3L1Z0	PRKCB
I3L250	SLC26A11
I3L273	GFY
I3L2C7	GEMIN4
I3L2J0	CIC
I3L2J7	TMEM219
I3L2L5	FAM195B
I3L2T3	METRN
I3L2W2	NEURL4
I3L397	EIF5A
I3L3C6	BAIAP2
I3L3I9	ALDH3A1
I3L3S9	CLUAP1
I3L448	ATPAF1
I3L4Q4	PHF23
I3L4X7	GPS2
I3L533	NDE1
I3NI21	TMEM159
I3NI25	FOPNL
I6L8A6	RBBP8
I6LPK7	BAX
J3KMZ7	INTS2
J3KN01	MLLT4
J3KN66	TOR1AIP1
J3KN67	TPM3
J3KN75	TBC1D8B
J3KNA0	OXA1L
J3KNE0	RGPD3
J3KNF4	CCS
J3KNJ3	NAALAD2
J3KNJ8	DNAJC4
J3KNS1	AGTPBP1
J3KNV4	ITGA7
J3KNZ9	FBRS
J3KP26	ANKRD46
J3KP58	CLIP1
J3KP75	PHACTR2
J3KPD3	RBM7
J3KPF0	HECTD4
J3KPF9	KIF3A
J3KPH8	HDAC7
J3KPJ4	KLRC2
J3KPS3	ALDOA
J3KPT4	TRABD
J3KPY9	ANTXR2
J3KQ32	OLA1
J3KQ47	UNC50
J3KQ48	PTRH2
J3KQ70	INO80B-WBP1
J3KQJ1	SUMF2
J3KQJ9	VWDE
J3KQL8	APOL2
J3KQN4	RPL36A
J3KR35	CCDC12
J3KRE8	GPS1
J3KRN4	MAP3K3
J3KRR0	LIMD2
J3KRR7	CYLD
J3KS54	FLII
J3KS55	USP14
J3KS67	TVP23B
J3KSP0	SKA2
J3KSZ6	TERF2
J3KT68	TMEM97
J3KTA4	DDX5
J3KTD8	CBFB
J3KTL2	SRSF1
J3QK89	CHERP
J3QKK3	RAD51C
J3QL05	SRSF2
J3QL58	LLGL2
J3QLB2	SLC39A11
J3QQ67	RPL18
J3QQJ0	SAP30BP
J3QQJ5	TRAPPC8
J3QQK4	BPTF
J3QR07	YTHDC1
J3QR09	RPL19
J3QRC6	IFT20
J3QRS9	ZNF207
J3QRU1	YES1
J3QRV5	LLGL2
J3QS03	TWSG1
J3QS41	HELZ
J3QS48	MPDU1
J3QSH7	RBBP8
J3QT29	MYEOV2
J3QT87	CRBN
J3QTA2	BAG1
J3QTA6	CHCHD6
J3QTB0	TRPC3
K4DIA7	CD151
K7EIY1	FAM32A
K7EKE6	LONP1
K7EKI0	EVPL
K7EKN5	PALM3
K7EKN9	TNRC6C
K7EKZ0	FHOD3
K7EL75	NAGPA
K7ELC2	RPS15
K7ELG9	LSM12
K7ELL7	PRKCSH
K7ELN6	COPS3
K7ELQ9	TMEM205
K7ELS2	VMP1
K7ELY4	DGCR6
K7EM18	EIF1
K7EM38	ACTG1
K7EM91	SPINT2
K7EMC9	WBP2
K7EMR7	RTN2
K7EMS3	KRT19
K7EMV3	H3F3B
K7EN45	PIN1
K7END7	DHX8
K7ENH8	TCF3
K7ENI6	TMEM256
K7ENP1	TRMT11
K7EP30	TPGS2
K7EP32	UBXN6
K7EP86	RHOT1
K7EP90	RBM42
K7EPA3	TMEM161A
K7EPJ4	CILP2
K7EPJ5	MGRN1
K7EQ02	DAZAP1
K7EQG9	PTPN2
K7ERI7	RPL22
K7ERP4	GPX4
K7ES11	UBE2O
K7ES61	MRPL4
K7ES63	TUBB6
K7ES70	MFAP4
K7ES74	GCDH
L0R819	ASNSD1
L0R8F8	SMCR7L
L7N2F9	VAMP2
M0QWZ7	SARS2
M0QX28	SLC39A9
M0QXH1	RABAC1
M0QXX2	KLK5
M0QXZ5	ZNF428
M0QY01	EPS15L1
M0QY35	HSD17B14
M0QYQ6	FBXO27
M0QYU8	KLK7
M0QZ22	SAMD4B
M0QZL8	JOSD2
M0QZM1	HNRNPM
M0QZR4	ARHGEF1
M0R0C6	KHSRP
M0R0F0	RPS5
M0R0K9	TRIM28
M0R0T2	CERS1
M0R0Y2	NAPA
M0R116	ATP1A3
M0R132	KLK10
M0R192	BLVRB
M0R1A7	RPL18A
M0R226	MRPL34
M0R278	TUBB4A
M0R2A0	EMC10
M0R2B7	POLD1
M0R2G3	KXD1
M0R2J8	DCDC1
M0R2P6	SHKBP1
M0R2S1	UBA52
M0R2Z9	SUGP2
M0R330	EPS15L1
M0R344	SPHK2
M0R346	PRKD2
M0R366	FSD1
M0R3D7	CAPN12
M0R3F3	MED29
O00115	DNASE2
O00116	AGPS
O00148	DDX39A
O00151	PDLIM1
O00154	ACOT7
O00159	MYO1C
O00161	SNAP23
O00165	HAX1
O00178	GTPBP1
O00186	STXBP3
O00203	AP3B1
O00204	SULT2B1
O00231	PSMD11
O00232	PSMD12
O00244	ATOX1
O00253	AGRP
O00257	CBX4
O00264	PGRMC1
O00267	SUPT5H
O00268	TAF4
O00273	DFFA
O00287	RFXAP
O00291	HIP1
O00295	TULP2
O00299	CLIC1
O00303	EIF3F
O00308	WWP2
O00311	CDC7
O00330	PDHX
O00339	MATN2
O00391	QSOX1
O00399	DCTN6
O00400	SLC33A1
O00401	WASL
O00409	FOXN3
O00410	IPO5
O00411	POLRMT
O00422	SAP18
O00425	IGF2BP3
O00442	RTCA
O00443	PIK3C2A
O00444	PLK4
O00453	LST1
O00459	PIK3R2
O00461	GOLIM4
O00462	MANBA
O00471	EXOC5
O00478	BTN3A3
O00483	NDUFA4
O00487	PSMD14
O00488	ZNF593
O00499	BIN1
O00505	KPNA3
O00506	STK25
O00533	CHL1
O00560	SDCBP
O00566	MPHOSPH10
O00567	NOP56
O00571	DDX3X
O00592	PODXL
O00743	PPP6C
O00750	PIK3C2B
O00754	MAN2B1
O00764	PDXK
O00767	SCD
O14497	ARID1A
O14523	C2CD2L
O14529	CUX2
O14530	TXNDC9
O14531	DPYSL4
O14543	SOCS3
O14545	TRAFD1
O14548	COX7A2L
O14562	UBFD1
O14579	COPE
O14609	XKRY
O14613	CDC42EP2
O14628	ZNF195
O14638	ENPP3
O14641	DVL2
O14647	CHD2
O14656	TOR1A
O14657	TOR1B
O14672	ADAM10
O14681	EI24
O14715	RGPD8
O14727	APAF1
O14730	RIOK3
O14732	IMPA2
O14733	MAP2K7
O14734	ACOT8
O14735	CDIPT
O14737	PDCD5
O14744	PRMT5
O14745	SLC9A3R1
O14757	CHEK1
O14763	TNFRSF10B
O14770	MEIS2
O14777	NDC80
O14787	TNPO2
O14802	POLR3A
O14818	PSMA7
O14828	SCAMP3
O14867	BACH1
O14874	BCKDK
O14880	MGST3
O14907	TAX1BP3
O14908	GIPC1
O14910	LIN7A
O14917	PCDH17
O14920	IKBKB
O14924	RGS12
O14925	TIMM23
O14926	FSCN2
O14939	PLD2
O14949	UQCRQ
O14950	MYL12B
O14964	HGS
O14965	AURKA
O14966	RAB29
O14967	CLGN
O14974	PPP1R12A
O14975	SLC27A2
O14976	GAK
O14980	XPO1
O14981	BTAF1
O14983	ATP2A1
O14986	PIP5K1B
O15014	ZNF609
O15020	SPTBN2
O15027	SEC16A
O15031	PLXNB2
O15040	TECPR2
O15041	SEMA3E
O15042	U2SURP
O15047	SETD1A
O15049	N4BP3
O15061	SYNM
O15062	ZBTB5
O15067	PFAS
O15084	ANKRD28
O15091	KIAA0391
O15111	CHUK
O15118	NPC1
O15119	TBX3
O15120	AGPAT2
O15121	DEGS1
O15123	ANGPT2
O15126	SCAMP1
O15127	SCAMP2
O15143	ARPC1B
O15144	ARPC2
O15145	ARPC3
O15151	MDM4
O15160	POLR1C
O15164	TRIM24
O15169	AXIN1
O15173	PGRMC2
O15195	VILL
O15212	PFDN6
O15213	WDR46
O15228	GNPAT
O15230	LAMA5
O15235	MRPS12
O15239	NDUFA1
O15258	RER1
O15266	SHOX
O15269	SPTLC1
O15270	SPTLC2
O15294	OGT
O15296	ALOX15B
O15350	TP73
O15355	PPM1G
O15357	INPPL1
O15360	FANCA
O15371	EIF3D
O15379	HDAC3
O15381	NVL
O15382	BCAT2
O15391	YY2
O15397	IPO8
O15400	STX7
O15431	SLC31A1
O15439	ABCC4
O15446	CD3EAP
O15460	P4HA2
O15488	GYG2
O15504	NUPL2
O15511	ARPC5
O15514	POLR2D
O15534	PER1
O15539	RGS5
O43143	DHX15
O43148	RNMT
O43149	ZZEF1
O43150	ASAP2
O43156	TTI1
O43159	RRP8
O43164	PJA2
O43166	SIPA1L1
O43172	PRPF4
O43181	NDUFS4
O43237	DYNC1LI2
O43242	PSMD3
O43252	PAPSS1
O43255	SIAH2
O43257	ZNHIT1
O43264	ZW10
O43286	B4GALT5
O43290	SART1
O43292	GPAA1
O43293	DAPK3
O43294	TGFB1I1
O43298	ZBTB43
O43299	AP5Z1
O43301	HSPA12A
O43303	CCP110
O43306	ADCY6
O43310	CTIF
O43313	ATMIN
O43324	EEF1E1
O43347	MSI1
O43379	WDR62
O43390	HNRNPR
O43395	PRPF3
O43396	TXNL1
O43399	TPD52L2
O43402	EMC8
O43422	PRKRIR
O43427	FIBP
O43447	PPIH
O43464	HTRA2
O43491	EPB41L2
O43504	LAMTOR5
O43505	B4GAT1
O43516	WIPF1
O43524	FOXO3
O43529	CHST10
O43542	XRCC3
O43543	XRCC2
O43548	TGM5
O43567	RNF13
O43572	AKAP10
O43583	DENR
O43592	XPOT
O43615	TIMM44
O43617	TRAPPC3
O43657	TSPAN6
O43660	PLRG1
O43678	NDUFA2
O43681	ASNA1
O43683	BUB1
O43684	BUB3
O43707	ACTN4
O43709	WBSCR22
O43716	GATC
O43719	HTATSF1
O43739	CYTH3
O43741	PRKAB2
O43747	AP1G1
O43752	STX6
O43760	SYNGR2
O43761	SYNGR3
O43772	SLC25A20
O43776	NARS
O43791	SPOP
O43805	SSNA1
O43808	SLC25A17
O43809	NUDT21
O43813	LANCL1
O43815	STRN
O43818	RRP9
O43819	SCO2
O43822	C21orf2
O43824	GTPBP6
O43837	IDH3B
O43847	NRD1
O43852	CALU
O43865	AHCYL1
O43889	CREB3
O43896	KIF1C
O43900	PRICKLE3
O43908	KLRC4
O43913	ORC5
O43920	NDUFS5
O43924	PDE6D
O43930	PRKY
O43933	PEX1
O60218	AKR1B10
O60220	TIMM8A
O60232	SSSCA1
O60244	MED14
O60260	PARK2
O60262	GNG7
O60264	SMARCA5
O60271	SPAG9
O60287	URB1
O60292	SIPA1L3
O60293	ZFC3H1
O60294	LCMT2
O60306	AQR
O60313	OPA1
O60318	MCM3AP
O60337	MARCH6
O60341	KDM1A
O60343	TBC1D4
O60346	PHLPP1
O60353	FZD6
O60427	FADS1
O60437	PPL
O60443	DFNA5
O60462	NRP2
O60476	MAN1A2
O60488	ACSL4
O60502	MGEA5
O60503	ADCY9
O60506	SYNCRIP
O60508	CDC40
O60512	B4GALT3
O60518	RANBP6
O60524	NEMF
O60547	GMDS
O60563	CCNT1
O60566	BUB1B
O60568	PLOD3
O60573	EIF4E2
O60602	TLR5
O60610	DIAPH1
O60613	SEP15
O60637	TSPAN3
O60645	EXOC3
O60663	LMX1B
O60664	PLIN3
O60684	KPNA6
O60701	UGDH
O60704	TPST2
O60725	ICMT
O60733	PLA2G6
O60749	SNX2
O60763	USO1
O60765	ZNF354A
O60783	MRPS14
O60784	TOM1
O60825	PFKFB2
O60826	CCDC22
O60828	PQBP1
O60831	PRAF2
O60832	DKC1
O60841	EIF5B
O60869	EDF1
O60879	DIAPH2
O60884	DNAJA2
O60885	BRD4
O60888	CUTA
O60906	SMPD2
O60907	TBL1X
O60925	PFDN1
O60934	NBN
O60942	RNGTT
O75037	KIF21B
O75052	NOS1AP
O75054	IGSF3
O75061	DNAJC6
O75063	FAM20B
O75078	ADAM11
O75083	WDR1
O75096	LRP4
O75110	ATP9A
O75113	N4BP1
O75123	ZNF623
O75128	COBL
O75131	CPNE3
O75132	ZBED4
O75146	HIP1R
O75150	RNF40
O75151	PHF2
O75152	ZC3H11A
O75153	CLUH
O75155	CAND2
O75157	TSC22D2
O75161	NPHP4
O75164	KDM4A
O75165	DNAJC13
O75170	PPP6R2
O75175	CNOT3
O75177	SS18L1
O75179	ANKRD17
O75190	DNAJB6
O75197	LRP5
O75223	GGCT
O75251	NDUFS7
O75306	NDUFS2
O75317	USP12
O75323	GBAS
O75330	HMMR
O75340	PDCD6
O75342	ALOX12B
O75348	ATP6V1G1
O75351	VPS4B
O75354	ENTPD6
O75356	ENTPD5
O75367	H2AFY
O75368	SH3BGRL
O75369	FLNB
O75379	VAMP4
O75380	NDUFS6
O75381	PEX14
O75387	SLC43A1
O75390	CS
O75394	MRPL33
O75396	SEC22B
O75419	CDC45
O75420	GIGYF1
O75425	MOSPD3
O75431	MTX2
O75436	VPS26A
O75438	NDUFB1
O75439	PMPCB
O75449	KATNA1
O75460	ERN1
O75461	E2F6
O75467	ZNF324
O75475	PSIP1
O75477	ERLIN1
O75487	GPC4
O75489	NDUFS3
O75503	CLN5
O75529	TAF5L
O75531	BANF1
O75533	SF3B1
O75534	CSDE1
O75554	WBP4
O75556	SCGB2A1
O75569	PRKRA
O75575	CRCP
O75581	LRP6
O75600	GCAT
O75603	GCM2
O75607	NPM3
O75616	ERAL1
O75626	PRDM1
O75635	SERPINB7
O75643	SNRNP200
O75648	TRMU
O75663	TIPRL
O75665	OFD1
O75677	RFPL1
O75683	SURF6
O75688	PPM1B
O75691	UTP20
O75694	NUP155
O75695	RP2
O75717	WDHD1
O75718	CRTAP
O75746	SLC25A12
O75771	RAD51D
O75781	PALM
O75787	ATP6AP2
O75792	RNASEH2A
O75794	CDC123
O75817	POP7
O75818	RPP40
O75821	EIF3G
O75822	EIF3J
O75828	CBR3
O75832	PSMD10
O75843	AP1G2
O75844	ZMPSTE24
O75874	IDH1
O75879	GATB
O75880	SCO1
O75882	ATRN
O75891	ALDH1L1
O75896	TUSC2
O75897	SULT1C4
O75900	MMP23A
O75909	CCNK
O75915	ARL6IP5
O75934	BCAS2
O75935	DCTN3
O75937	DNAJC8
O75940	SMNDC1
O75947	ATP5H
O75955	FLOT1
O75962	TRIO
O75964	ATP5L
O75970	MPDZ
O75976	CPD
O76003	GLRX3
O76021	RSL1D1
O76031	CLPX
O76054	SEC14L2
O76061	STC2
O76071	CIAO1
O76082	SLC22A5
O76094	SRP72
O94760	DDAH1
O94761	RECQL4
O94762	RECQL5
O94763	URI1
O94766	B3GAT3
O94776	MTA2
O94782	USP1
O94788	ALDH1A2
O94805	ACTL6B
O94806	PRKD3
O94808	GFPT2
O94822	LTN1
O94826	TOMM70A
O94827	PLEKHG5
O94829	IPO13
O94830	DDHD2
O94832	MYO1D
O94842	TOX4
O94874	UFL1
O94880	PHF14
O94885	SASH1
O94886	TMEM63A
O94887	FARP2
O94888	UBXN7
O94889	KLHL18
O94898	LRIG2
O94903	PROSC
O94905	ERLIN2
O94906	PRPF6
O94910	LPHN1
O94919	ENDOD1
O94921	CDK14
O94923	GLCE
O94927	HAUS5
O94933	SLITRK3
O94941	UBOX5
O94952	FBXO21
O94955	RHOBTB3
O94964	SOGA1
O94967	WDR47
O94972	TRIM37
O94973	AP2A2
O94985	CLSTN1
O94988	FAM13A
O94991	SLITRK5
O94992	HEXIM1
O95049	TJP3
O95057	DIRAS1
O95059	RPP14
O95070	YIF1A
O95071	UBR5
O95084	PRSS23
O95086	CLN3
O95136	S1PR2
O95139	NDUFB6
O95147	DUSP14
O95155	UBE4B
O95159	ZFPL1
O95163	IKBKAP
O95167	NDUFA3
O95168	NDUFB4
O95171	SCEL
O95182	NDUFA7
O95197	RTN3
O95199	RCBTB2
O95202	LETM1
O95218	ZRANB2
O95219	SNX4
O95229	ZWINT
O95232	LUC7L3
O95235	KIF20A
O95239	KIF4A
O95258	SLC25A14
O95292	VAPB
O95295	SNAPIN
O95297	MPZL1
O95298	NDUFC2
O95336	PGLS
O95340	PAPSS2
O95347	SMC2
O95352	ATG7
O95361	TRIM16
O95363	FARS2
O95372	LYPLA2
O95373	IPO7
O95376	ARIH2
O95382	MAP3K6
O95394	PGM3
O95396	MOCS3
O95400	CD2BP2
O95409	ZIC2
O95427	PIGN
O95429	BAG4
O95433	AHSA1
O95447	LCA5L
O95456	PSMG1
O95470	SGPL1
O95473	SYNGR4
O95478	NSA2
O95479	H6PD
O95486	SEC24A
O95487	SEC24B
O95497	VNN1
O95498	VNN2
O95503	CBX6
O95544	NADK
O95551	TDP2
O95602	POLR1A
O95619	YEATS4
O95625	ZBTB11
O95639	CPSF4
O95672	ECEL1
O95674	CDS2
O95684	FGFR1OP
O95685	PPP1R3D
O95707	POP4
O95714	HERC2
O95721	SNAP29
O95747	OXSR1
O95749	GGPS1
O95757	HSPA4L
O95758	PTBP3
O95777	LSM8
O95782	AP2A1
O95789	ZMYM6
O95793	STAU1
O95801	TTC4
O95816	BAG2
O95817	BAG3
O95822	MLYCD
O95825	CRYZL1
O95831	AIFM1
O95833	CLIC3
O95835	LATS1
O95837	GNA14
O95858	TSPAN15
O95861	BPNT1
O95864	FADS2
O95865	DDAH2
O95876	WDPCP
O95881	TXNDC12
O95900	TRUB2
O95905	ECD
O95926	SYF2
O95968	SCGB1D1
O95970	LGI1
O95980	RECK
O95983	MBD3
O95989	NUDT3
O96000	NDUFB10
O96005	CLPTM1
O96006	ZBED1
O96008	TOMM40
O96013	PAK4
O96017	CHEK2
O96019	ACTL6A
O96020	CCNE2
O96028	WHSC1
P00156	MT-CYB
P00167	CYB5A
P00326	ADH1C
P00338	LDHA
P00367	GLUD1
P00374	DHFR
P00387	CYB5R3
P00390	GSR
P00395	MT-CO1
P00403	MT-CO2
P00414	MT-CO3
P00441	SOD1
P00491	PNP
P00492	HPRT1
P00505	GOT2
P00519	ABL1
P00533	EGFR
P00558	PGK1
P00568	AK1
P00738	HP
P00739	HPR
P00846	MT-ATP6
P00918	CA2
P00966	ASS1
P01009	SERPINA1
P01011	SERPINA3
P01023	A2M
P01024	C3
P01034	CST3
P01036	CST4
P01037	CST1
P01040	CSTA
P01111	NRAS
P01148	GNRH1
P01258	CALCA
P01568	IFNA21
P01570	IFNA14
P01571	IFNA17
P01599	
P01602	IGKV1-5
P01619	
P01624	IGKV3D-15
P01700	
P01833	PIGR
P01834	IGKC
P01857	IGHG1
P01859	IGHG2
P01871	IGHM
P01876	IGHA1
P01889	HLA-B
P01911	HLA-DRB1
P02452	COL1A1
P02458	COL2A1
P02489	CRYAA
P02585	TNNC2
P02647	APOA1
P02649	APOE
P02741	CRP
P02751	FN1
P02763	ORM1
P02787	TF
P02790	HPX
P02792	FTL
P02794	FTH1
P02808	STATH
P02814	SMR3B
P03886	MT-ND1
P03905	MT-ND4
P03915	MT-ND5
P03923	MT-ND6
P03928	MT-ATP8
P03951	F11
P04040	CAT
P04049	RAF1
P04062	GBA
P04066	FUCA1
P04080	CSTB
P04083	ANXA1
P04114	APOB
P04150	NR3C1
P04179	SOD2
P04181	OAT
P04183	TK1
P04259	KRT6B
P04264	KRT1
P04279	SEMG1
P04280	PRB1
P04406	GAPDH
P04626	ERBB2
P04637	TP53
P04792	HSPB1
P04818	TYMS
P04843	RPN1
P04899	GNAI2
P04920	SLC4A2
P04921	GYPC
P05000	IFNW1
P05014	IFNA4
P05023	ATP1A1
P05026	ATP1B1
P05067	APP
P05089	ARG1
P05090	APOD
P05091	ALDH2
P05109	S100A8
P05111	INHA
P05114	HMGN1
P05120	SERPINB2
P05141	SLC25A5
P05161	ISG15
P05164	MPO
P05165	PCCA
P05181	CYP2E1
P05186	ALPL
P05187	ALPP
P05198	EIF2S1
P05204	HMGN2
P05386	RPLP1
P05387	RPLP2
P05388	RPLP0
P05423	POLR3D
P05455	SSB
P05783	KRT18
P05814	CSN2
P05976	MYL1
P05997	COL5A2
P06213	INSR
P06241	FYN
P06276	BCHE
P06312	IGKV4-1
P06493	CDK1
P06576	ATP5B
P06702	S100A9
P06703	S100A6
P06730	EIF4E
P06732	CKM
P06733	ENO1
P06737	PYGL
P06744	GPI
P06865	HEXA
P07093	SERPINE2
P07099	EPHX1
P07108	DBI
P07195	LDHB
P07196	NEFL
P07199	CENPB
P07305	H1F0
P07311	ACYP1
P07316	CRYGB
P07320	CRYGD
P07355	ANXA2
P07384	CAPN1
P07451	CA3
P07476	IVL
P07602	PSAP
P07686	HEXB
P07711	CTSL
P07737	PFN1
P07741	APRT
P07814	EPRS
P07858	CTSB
P07864	LDHC
P07900	HSP90AA1
P07902	GALT
P07910	HNRNPC
P07948	LYN
P07954	FH
P07992	ERCC1
P08047	SP1
P08133	ANXA6
P08185	SERPINA6
P08236	GUSB
P08238	HSP90AB1
P08240	SRPR
P08243	ASNS
P08253	MMP2
P08397	HMBS
P08574	CYC1
P08579	SNRPB2
P08581	MET
P08621	SNRNP70
P08648	ITGA5
P08670	VIM
P08754	GNAI3
P08758	ANXA5
P08912	CHRM5
P09012	SNRPA
P09104	ENO2
P09105	HBQ1
P09110	ACAA1
P09211	GSTP1
P09228	CST2
P09382	LGALS1
P09417	QDPR
P09429	HMGB1
P09467	FBP1
P09496	CLTA
P09497	CLTB
P09525	ANXA4
P09543	CNP
P09601	HMOX1
P09651	HNRNPA1
P09661	SNRPA1
P09668	CTSH
P09669	COX6C
P09681	GIP
P09874	PARP1
P09884	POLA1
P09917	ALOX5
P09923	ALPI
P09960	LTA4H
P09972	ALDOC
P0C0E4	RAB40AL
P0C1Z6	TFPT
P0C2W1	FBXO45
P0C7P0	CISD3
P0C7T5	ATXN1L
P0C7X2	ZNF688
P0CAP2	POLR2M
P0CB38	PABPC4L
P0CG08	GPR89B
P0CG48	UBC
P0CJ78	ZNF865
P0CW24	PNMA6A
P0DI81	TRAPPC2
P0DOY3	IGLC6
P0DP25	CALM2
P0DPA2	
P0DPB6	POLR1D
P0DPH8	TUBA3E
P0DPI2	C21orf33
P0DTE5	
P0DUB6	
P0DY27	DEFB109P1
P10071	GLI3
P10073	ZSCAN22
P10114	RAP2A
P10155	TROVE2
P10163	PRB4
P10244	MYBL2
P10253	GAA
P10398	ARAF
P10412	HIST1H1E
P10586	PTPRF
P10589	NR2F1
P10599	TXN
P10606	COX5B
P10644	PRKAR1A
P10809	HSPD1
P10909	CLU
P11021	HSPA5
P11047	LAMC1
P11055	MYH3
P11142	HSPA8
P11150	LIPC
P11166	SLC2A1
P11171	EPB41
P11172	UMPS
P11177	PDHB
P11216	PYGB
P11217	PYGM
P11233	RALA
P11274	BCR
P11279	LAMP1
P11310	ACADM
P11387	TOP1
P11441	UBL4A
P11498	PC
P11509	CYP2A6
P11532	DMD
P11717	IGF2R
P11766	ADH5
P11801	PSKH1
P11802	CDK4
P11908	PRPS2
P11912	CD79A
P11926	ODC1
P11940	PABPC1
P12004	PCNA
P12074	COX6A1
P12109	COL6A1
P12110	COL6A2
P12235	SLC25A4
P12236	SLC25A6
P12270	TPR
P12273	PIP
P12277	CKB
P12532	CKMT1A
P12814	ACTN1
P12830	CDH1
P12882	MYH1
P12931	SRC
P12955	PEPD
P12956	XRCC6
P13010	XRCC5
P13073	COX4I1
P13196	ALAS1
P13224	GP1BB
P13232	IL7
P13284	IFI30
P13489	RNH1
P13497	BMP1
P13535	MYH8
P13612	ITGA4
P13639	EEF2
P13667	PDIA4
P13674	P4HA1
P13682	ZNF35
P13726	F3
P13747	HLA-E
P13796	LCP1
P13797	PLS3
P13807	GYS1
P13861	PRKAR2A
P13866	SLC5A1
P13929	ENO3
P14174	MIF
P14209	CD99
P14324	FDPS
P14373	TRIM27
P14543	NID1
P14550	AKR1A1
P14618	PKM
P14625	HSP90B1
P14635	CCNB1
P14678	SNRPB
P14854	COX6B1
P14859	POU2F1
P14866	HNRNPL
P14868	DARS
P14923	JUP
P14927	UQCRB
P15056	BRAF
P15090	FABP4
P15104	GLUL
P15121	AKR1B1
P15170	GSPT1
P15291	B4GALT1
P15309	ACPP
P15311	EZR
P15336	ATF2
P15374	UCHL3
P15391	CD19
P15531	NME1
P15586	GNS
P15848	ARSB
P15880	RPS2
P15884	TCF4
P15923	TCF3
P15924	DSP
P15927	RPA2
P16035	TIMP2
P16104	H2AFX
P16152	CBR1
P16219	ACADS
P16220	CREB1
P16260	SLC25A16
P16278	GLB1
P16298	PPP3CB
P16333	NCK1
P16383	GCFC2
P16401	HIST1H1B
P16402	HIST1H1D
P16403	HIST1H1C
P16435	POR
P16615	ATP2A2
P16930	FAH
P16989	YBX3
P17020	ZNF16
P17026	ZNF22
P17028	ZNF24
P17029	ZKSCAN1
P17036	ZNF3
P17050	NAGA
P17066	HSPA6
P17081	RHOQ
P17096	HMGA1
P17098	ZNF8
P17152	TMEM11
P17174	GOT1
P17252	PRKCA
P17275	JUNB
P17301	ITGA2
P17302	GJA1
P17405	SMPD1
P17480	UBTF
P17482	HOXB9
P17509	HOXB6
P17535	JUND
P17540	CKMT2
P17542	TAL1
P17544	ATF7
P17568	NDUFB7
P17612	PRKACA
P17655	CAPN2
P17677	GAP43
P17812	CTPS1
P17858	PFKL
P17931	LGALS3
P17987	TCP1
P18031	PTPN1
P18074	ERCC2
P18077	RPL35A
P18084	ITGB5
P18085	ARF4
P18124	RPL7
P18206	VCL
P18510	IL1RN
P18583	SON
P18615	NELFE
P18669	PGAM1
P18754	RCC1
P18827	SDC1
P18846	ATF1
P18859	ATP5J
P19022	CDH2
P19086	GNAZ
P19174	PLCG1
P19367	HK1
P19387	POLR2C
P19388	POLR2E
P19447	ERCC3
P19474	TRIM21
P19532	TFE3
P19623	SRM
P19634	SLC9A1
P19784	CSNK2A2
P20020	ATP2B1
P20042	EIF2S2
P20061	TCN1
P20073	ANXA7
P20226	TBP
P20248	CCNA2
P20265	POU3F2
P20290	BTF3
P20337	RAB3B
P20338	RAB4A
P20339	RAB5A
P20340	RAB6A
P20618	PSMB1
P20645	M6PR
P20674	COX5A
P20700	LMNB1
P20719	HOXA5
P20810	CAST
P20815	CYP3A5
P20839	IMPDH1
P20853	CYP2A7
P20908	COL5A1
P20933	AGA
P21266	GSTM3
P21333	FLNA
P21397	MAOA
P21399	ACO1
P21549	AGXT
P21589	NT5E
P21709	EPHA1
P21796	VDAC1
P21941	MATN1
P21980	TGM2
P22004	BMP6
P22033	MUT
P22059	OSBP
P22083	FUT4
P22087	FBL
P22102	GART
P22234	PAICS
P22307	SCP2
P22314	UBA1
P22413	ENPP1
P22492	HIST1H1T
P22612	PRKACG
P22626	HNRNPA2B1
P22670	RFX1
P22674	CCNO
P22694	PRKACB
P22695	UQCRC2
P22732	SLC2A5
P22735	TGM1
P22830	FECH
P22914	CRYGS
P23142	FBLN1
P23193	TCEA1
P23258	TUBG1
P23378	GLDC
P23381	WARS
P23396	RPS3
P23470	PTPRG
P23511	NFYA
P23526	AHCY
P23528	CFL1
P23786	CPT2
P23919	DTYMK
P23921	RRM1
P24386	CHM
P24390	KDELR1
P24534	EEF1B2
P24539	ATP5F1
P24588	AKAP5
P24666	ACP1
P24752	ACAT1
P25098	ADRBK1
P25106	ACKR3
P25205	MCM3
P25311	AZGP1
P25325	MPST
P25398	RPS12
P25490	YY1
P25685	DNAJB1
P25686	DNAJB2
P25705	ATP5A1
P25786	PSMA1
P25788	PSMA3
P25789	PSMA4
P25800	LMO1
P25815	S100P
P26022	PTX3
P26038	MSN
P26045	PTPN3
P26196	DDX6
P26232	CTNNA2
P26358	DNMT1
P26368	U2AF2
P26373	RPL13
P26374	CHML
P26441	CNTF
P26572	MGAT1
P26583	HMGB2
P26639	TARS
P26640	VARS
P26641	EEF1G
P26718	KLRK1
P26885	FKBP2
P26998	CRYBB3
P27037	ACVR2A
P27105	STOM
P27216	ANXA13
P27348	YWHAQ
P27361	MAPK3
P27448	MARK3
P27449	ATP6V0C
P27482	CALML3
P27540	ARNT
P27544	CERS1
P27694	RPA1
P27701	CD82
P27797	CALR
P27824	CANX
P27986	PIK3R1
P28066	PSMA5
P28068	HLA-DMB
P28070	PSMB4
P28072	PSMB6
P28074	PSMB5
P28289	TMOD1
P28300	LOX
P28325	CST5
P28330	ACADL
P28331	NDUFS1
P28482	MAPK1
P28566	HTR1E
P28702	RXRB
P28749	RBL1
P28799	GRN
P28838	LAP3
P29218	IMPA1
P29317	EPHA2
P29323	EPHB2
P29372	MPG
P29376	LTK
P29400	COL4A5
P29401	TKT
P29508	SERPINB3
P29558	RBMS1
P29590	PML
P29597	TYK2
P29692	EEF1D
P29728	OAS2
P29966	MARCKS
P29973	CNGA1
P29992	GNA11
P30040	ERP29
P30041	PRDX6
P30044	PRDX5
P30046	DDT
P30047	GCHFR
P30048	PRDX3
P30049	ATP5D
P30050	RPL12
P30084	ECHS1
P30085	CMPK1
P30086	PEBP1
P30101	PDIA3
P30154	PPP2R1B
P30203	CD6
P30291	WEE1
P30304	CDC25A
P30305	CDC25B
P30307	CDC25C
P30405	PPIF
P30414	NKTR
P30519	HMOX2
P30520	ADSS
P30532	CHRNA5
P30533	LRPAP1
P30566	ADSL
P30622	CLIP1
P30740	SERPINB1
P30825	SLC7A1
P30837	ALDH1B1
P31025	LCN1
P31040	SDHA
P31146	CORO1A
P31150	GDI1
P31151	S100A7
P31153	MAT2A
P31268	HOXA7
P31321	PRKAR1B
P31323	PRKAR2B
P31327	CPS1
P31350	RRM2
P31415	CASQ1
P31431	SDC4
P31629	HIVEP2
P31689	DNAJA1
P31930	UQCRC1
P31937	HIBADH
P31939	ATIC
P31942	HNRNPH3
P31944	CASP14
P31946	YWHAB
P31947	SFN
P31948	STIP1
P31949	S100A11
P32019	INPP5B
P32119	PRDX2
P32121	ARRB2
P32249	GPR183
P32322	PYCR1
P32780	GTF2H1
P32929	CTH
P33176	KIF5B
P33240	CSTF2
P33527	ABCC1
P33552	CKS2
P33764	S100A3
P33897	ABCD1
P33908	MAN1A1
P33947	KDELR2
P33981	TTK
P33992	MCM5
P33993	MCM7
P34059	GALNS
P34896	SHMT1
P34897	SHMT2
P34925	RYK
P34931	HSPA1L
P34932	HSPA4
P34949	MPI
P35052	GPC1
P35219	CA8
P35221	CTNNA1
P35227	PCGF2
P35232	PHB
P35237	SERPINB6
P35240	NF2
P35244	RPA3
P35249	RFC4
P35250	RFC2
P35251	RFC1
P35269	GTF2F1
P35270	SPR
P35453	HOXD13
P35503	UGT1A3
P35504	UGT1A5
P35520	CBS
P35556	FBN2
P35568	IRS1
P35573	AGL
P35580	MYH10
P35609	ACTN2
P35610	SOAT1
P35625	TIMP3
P35754	GLRX
P35813	PPM1A
P35916	FLT4
P35998	PSMC2
P36021	SLC16A2
P36383	GJC1
P36404	ARL2
P36405	ARL3
P36507	MAP2K2
P36542	ATP5C1
P36543	ATP6V1E1
P36551	CPOX
P36578	RPL4
P36639	NUDT1
P36871	PGM1
P36873	PPP1CC
P36896	ACVR1B
P36952	SERPINB5
P36954	POLR2I
P36955	SERPINF1
P36957	DLST
P36959	GMPR
P37108	SRP14
P37198	NUP62
P37235	HPCAL1
P37268	FDFT1
P37287	PIGA
P37802	TAGLN2
P37837	TALDO1
P38117	ETFB
P38159	RBMX
P38398	BRCA1
P38432	COIL
P38606	ATP6V1A
P38646	HSPA9
P38919	EIF4A3
P38935	IGHMBP2
P38936	CDKN1A
P39019	RPS19
P39023	RPL3
P39656	DDOST
P39748	FEN1
P39880	CUX1
P40121	CAPG
P40123	CAP2
P40126	DCT
P40222	TXLNA
P40227	CCT6A
P40337	VHL
P40425	PBX2
P40429	RPL13A
P40616	ARL1
P40818	USP8
P40855	PEX19
P40925	MDH1
P40926	MDH2
P40937	RFC5
P40938	RFC3
P41091	EIF2S3
P41159	LEP
P41162	ETV3
P41208	CETN2
P41223	BUD31
P41227	NAA10
P41240	CSK
P41252	IARS
P41273	TNFSF9
P41439	FOLR3
P41440	SLC19A1
P41743	PRKCI
P42025	ACTR1B
P42126	ECI1
P42166	TMPO
P42167	TMPO
P42224	STAT1
P42285	SKIV2L2
P42336	PIK3CA
P42338	PIK3CB
P42345	MTOR
P42356	PI4KA
P42357	HAL
P42568	MLLT3
P42677	RPS27
P42684	ABL2
P42696	RBM34
P42702	LIFR
P42765	ACAA2
P42766	RPL35
P42771	CDKN2A
P42773	CDKN2C
P42785	PRCP
P43003	SLC1A3
P43005	SLC1A1
P43007	SLC1A4
P43026	GDF5
P43121	MCAM
P43246	MSH2
P43250	GRK6
P43251	BTD
P43304	GPD2
P43308	SSR2
P43487	RANBP1
P43490	NAMPT
P43686	PSMC4
P43897	TSFM
P45877	PPIC
P45880	VDAC2
P45954	ACADSB
P45973	CBX5
P45974	USP5
P45984	MAPK9
P46013	MKI67
P46060	RANGAP1
P46087	NOP2
P46100	ATRX
P46108	CRK
P46109	CRKL
P46199	MTIF2
P46379	BAG6
P46527	CDKN1B
P46734	MAP2K3
P46736	BRCC3
P46776	RPL27A
P46777	RPL5
P46778	RPL21
P46779	RPL28
P46781	RPS9
P46783	RPS10
P46821	MAP1B
P46926	GNPDA1
P46937	YAP1
P46939	UTRN
P46940	IQGAP1
P46976	GYG1
P46977	STT3A
P47224	RABIF
P47755	CAPZA2
P47756	CAPZB
P47813	EIF1AX
P47874	OMP
P47897	QARS
P47928	ID4
P47929	LGALS7
P47974	ZFP36L2
P47985	UQCRFS1
P48029	SLC6A8
P48047	ATP5O
P48147	PREP
P48163	ME1
P48167	GLRB
P48357	LEPR
P48378	RFX2
P48382	RFX5
P48426	PIP4K2A
P48444	ARCN1
P48449	LSS
P48454	PPP3CC
P48507	GCLM
P48549	KCNJ3
P48553	TRAPPC10
P48594	SERPINB4
P48634	PRRC2A
P48637	GSS
P48643	CCT5
P48651	PTDSS1
P48723	HSPA13
P48735	IDH2
P48739	PITPNB
P48960	CD97
P49006	MARCKSL1
P49184	DNASE1L1
P49189	ALDH9A1
P49207	RPL34
P49221	TGM4
P49247	RPIA
P49257	LMAN1
P49321	NASP
P49327	FASN
P49354	FNTA
P49356	FNTB
P49366	DHPS
P49368	CCT3
P49406	MRPL19
P49411	TUFM
P49419	ALDH7A1
P49454	CENPF
P49458	SRP9
P49588	AARS
P49593	PPM1F
P49641	MAN2A2
P49674	CSNK1E
P49711	CTCF
P49720	PSMB3
P49721	PSMB2
P49736	MCM2
P49748	ACADVL
P49750	YLPM1
P49754	VPS41
P49755	TMED10
P49756	RBM25
P49757	NUMB
P49761	CLK3
P49768	PSEN1
P49770	EIF2B2
P49773	HINT1
P49790	NUP153
P49792	RANBP2
P49810	PSEN2
P49815	TSC2
P49840	GSK3A
P49841	GSK3B
P49903	SEPHS1
P49915	GMPS
P49916	LIG3
P50135	HNMT
P50148	GNAQ
P50151	GNG10
P50213	IDH3A
P50281	MMP14
P50395	GDI2
P50402	EMD
P50416	CPT1A
P50443	SLC26A2
P50452	SERPINB8
P50453	SERPINB9
P50454	SERPINH1
P50502	ST13
P50548	ERF
P50552	VASP
P50570	DNM2
P50579	METAP2
P50613	CDK7
P50616	TOB1
P50748	KNTC1
P50749	RASSF2
P50750	CDK9
P50990	CCT8
P50991	CCT4
P50995	ANXA11
P51116	FXR2
P51148	RAB5C
P51151	RAB9A
P51153	RAB13
P51157	RAB28
P51159	RAB27A
P51178	PLCD1
P51398	DAP3
P51452	DUSP3
P51511	MMP15
P51530	DNA2
P51531	SMARCA2
P51553	IDH3G
P51570	GALK1
P51571	SSR4
P51572	BCAP31
P51610	HCFC1
P51617	IRAK1
P51649	ALDH5A1
P51654	GPC3
P51659	HSD17B4
P51665	PSMD7
P51674	GPM6A
P51687	SUOX
P51688	SGSH
P51786	ZNF157
P51798	CLCN7
P51805	PLXNA3
P51809	VAMP7
P51812	RPS6KA3
P51813	BMX
P51817	PRKX
P51825	AFF1
P51911	CNN1
P51948	MNAT1
P51957	NEK4
P51970	NDUFA8
P51991	HNRNPA3
P52179	MYOM1
P52209	PGD
P52272	HNRNPM
P52292	KPNA2
P52294	KPNA1
P52298	NCBP2
P52306	RAP1GDS1
P52435	POLR2J
P52565	ARHGDIA
P52569	SLC7A2
P52594	AGFG1
P52597	HNRNPF
P52655	GTF2A1
P52732	KIF11
P52737	ZNF136
P52739	ZNF131
P52747	ZNF143
P52756	RBM5
P52758	HRSP12
P52788	SMS
P52789	HK2
P52799	EFNB2
P52803	EFNA5
P52815	MRPL12
P52848	NDST1
P52849	NDST2
P52888	THOP1
P52907	CAPZA1
P52948	NUP98
P53004	BLVRA
P53007	SLC25A1
P53041	PPP5C
P53350	PLK1
P53367	ARFIP1
P53384	NUBP1
P53396	ACLY
P53420	COL4A4
P53567	CEBPG
P53582	METAP1
P53597	SUCLG1
P53611	RABGGTB
P53618	COPB1
P53621	COPA
P53675	CLTCL1
P53680	AP2S1
P53701	HCCS
P53708	ITGA8
P53803	POLR2K
P53985	SLC16A1
P53990	IST1
P53992	SEC24C
P53999	SUB1
P54098	POLG
P54105	CLNS1A
P54107	CRISP1
P54136	RARS
P54253	ATXN1
P54277	PMS1
P54577	YARS
P54578	USP14
P54619	PRKAG1
P54646	PRKAA2
P54652	HSPA2
P54687	BCAT1
P54707	ATP12A
P54709	ATP1B3
P54725	RAD23A
P54727	RAD23B
P54760	EPHB4
P54764	EPHA4
P54802	NAGLU
P54803	GALC
P54886	ALDH18A1
P55010	EIF5
P55011	SLC12A2
P55036	PSMD4
P55042	RRAD
P55058	PLTP
P55060	CSE1L
P55072	VCP
P55081	MFAP1
P55082	MFAP3
P55084	HADHB
P55145	MANF
P55196	MLLT4
P55199	ELL
P55268	LAMB2
P55273	CDKN2D
P55345	PRMT2
P55347	PKNOX1
P55735	SEC13
P55769	NHP2L1
P55786	NPEPPS
P55795	HNRNPH2
P55809	OXCT1
P55884	EIF3B
P55957	BID
P56179	DLX6
P56182	RRP1
P56192	MARS
P56270	MAZ
P56277	CMC4
P56282	POLE2
P56377	AP1S2
P56381	ATP5E
P56385	ATP5I
P56537	EIF6
P56545	CTBP2
P56556	NDUFA6
P56589	PEX3
P56749	CLDN12
P56937	HSD17B7
P56962	STX17
P57076	C21orf59
P57078	RIPK4
P57086	SCAND1
P57087	JAM2
P57105	SYNJ2BP
P57740	NUP107
P57772	EEFSEC
P58004	SESN2
P58166	INHBE
P58317	ZNF121
P58340	MLF1
P58511	SMIM11
P58546	MTPN
P58557	YBEY
P59047	NLRP5
P59190	RAB15
P59534	TAS2R39
P59923	ZNF445
P59998	ARPC4
P60059	SEC61G
P60174	TPI1
P60468	SEC61B
P60510	PPP4C
P60520	GABARAPL2
P60604	UBE2G2
P60606	CTXN1
P60709	ACTB
P60842	EIF4A1
P60866	RPS20
P60903	S100A10
P60953	CDC42
P60983	GMFB
P61006	RAB8A
P61009	SPCS3
P61011	SRP54
P61019	RAB2A
P61024	CKS1B
P61026	RAB10
P61081	UBE2M
P61086	UBE2K
P61088	UBE2N
P61106	RAB14
P61129	ZC3H6
P61158	ACTR3
P61160	ACTR2
P61163	ACTR1A
P61201	COPS2
P61221	ABCE1
P61225	RAP2B
P61244	MAX
P61247	RPS3A
P61254	RPL26
P61289	PSME3
P61313	RPL15
P61353	RPL27
P61371	ISL1
P61457	PCBD1
P61586	RHOA
P61604	HSPE1
P61626	LYZ
P61758	VBP1
P61956	SUMO2
P61960	UFM1
P61964	WDR5
P61968	LMO4
P61970	NUTF2
P61981	YWHAG
P62070	RRAS2
P62072	TIMM10
P62081	RPS7
P62136	PPP1CA
P62166	NCS1
P62191	PSMC1
P62195	PSMC5
P62244	RPS15A
P62249	RPS16
P62258	YWHAE
P62263	RPS14
P62266	RPS23
P62269	RPS18
P62273	RPS29
P62277	RPS13
P62280	RPS11
P62304	SNRPE
P62306	SNRPF
P62308	SNRPG
P62310	LSM3
P62312	LSM6
P62314	SNRPD1
P62316	SNRPD2
P62318	SNRPD3
P62330	ARF6
P62341	SELT
P62424	RPL7A
P62487	POLR2G
P62699	YPEL5
P62701	RPS4X
P62714	PPP2CB
P62753	RPS6
P62805	HIST1H4A
P62829	RPL23
P62834	RAP1A
P62851	RPS25
P62854	RPS26
P62857	RPS28
P62875	POLR2L
P62877	RBX1
P62879	GNB2
P62888	RPL30
P62899	RPL31
P62906	RPL10A
P62913	RPL11
P62917	RPL8
P62937	PPIA
P62942	FKBP1A
P62979	RPS27A
P62993	GRB2
P62995	TRA2B
P63096	GNAI1
P63104	YWHAZ
P63151	PPP2R2A
P63162	SNRPN
P63167	DYNLL1
P63172	DYNLT1
P63173	RPL38
P63218	GNG5
P63244	GNB2L1
P63313	TMSB10
P63316	TNNC1
P67809	YBX1
P67812	SEC11A
P68032	ACTC1
P68036	UBE2L3
P68133	ACTA1
P68363	TUBA1B
P68366	TUBA4A
P68371	TUBB4B
P68402	PAFAH1B2
P68871	HBB
P69905	HBA1
P78310	CXADR
P78316	NOP14
P78318	IGBP1
P78332	RBM6
P78334	GABRE
P78344	EIF4G2
P78345	RPP38
P78346	RPP30
P78347	GTF2I
P78348	ASIC1
P78356	PIP4K2B
P78357	CNTNAP1
P78364	PHC1
P78368	CSNK1G2
P78371	CCT2
P78381	SLC35A2
P78395	PRAME
P78406	RAE1
P78417	GSTO1
P78527	PRKDC
P78536	ADAM17
P78540	ARG2
P78549	NTHL1
P79522	PRR3
P80303	NUCB2
P80723	BASP1
P81408	FAM189B
P81605	DCD
P82673	MRPS35
P82675	MRPS5
P82909	MRPS36
P82912	MRPS11
P82914	MRPS15
P82921	MRPS21
P82932	MRPS6
P82933	MRPS9
P82979	SARNP
P83110	HTRA3
P83111	LACTB
P83369	LSM11
P83731	RPL24
P83876	TXNL4A
P83916	CBX1
P84085	ARF5
P84090	ERH
P84095	RHOG
P84103	SRSF3
P84157	MXRA7
P85037	FOXK1
P85299	PRR5
P86790	CCZ1B
P98088	MUC5AC
P98153	DGCR2
P98164	LRP2
P98170	XIAP
P98172	EFNB1
P98173	FAM3A
P98174	FGD1
P98175	RBM10
P98177	FOXO4
P98179	RBM3
P98198	ATP8B2
Q00013	MPP1
Q00056	HOXA4
Q00059	TFAM
Q00169	PITPNA
Q00325	SLC25A3
Q00341	HDLBP
Q00403	GTF2B
Q00526	CDK3
Q00535	CDK5
Q00536	CDK16
Q00537	CDK17
Q00577	PURA
Q00587	CDC42EP1
Q00610	CLTC
Q00613	HSF1
Q00653	NFKB2
Q00688	FKBP3
Q00765	REEP5
Q00796	SORD
Q00839	HNRNPU
Q00973	B4GALNT1
Q00987	MDM2
Q01081	U2AF1
Q01082	SPTBN1
Q01085	TIAL1
Q01105	SET
Q01167	FOXK2
Q01433	AMPD2
Q01459	CTBS
Q01469	FABP5
Q01484	ANK2
Q01518	CAP1
Q01538	MYT1
Q01650	SLC7A5
Q01658	DR1
Q01780	EXOSC10
Q01804	OTUD4
Q01826	SATB1
Q01831	XPC
Q01850	CDR2
Q01968	OCRL
Q02086	SP2
Q02218	OGDH
Q02224	CENPE
Q02383	SEMG2
Q02413	DSG1
Q02747	GUCA2A
Q02790	FKBP4
Q02809	PLOD1
Q02878	RPL6
Q02952	AKAP12
Q02978	SLC25A11
Q03111	MLLT1
Q03112	MECOM
Q03135	CAV1
Q03167	TGFBR3
Q03181	PPARD
Q03188	CENPC
Q03252	LMNB2
Q03701	CEBPZ
Q03933	HSF2
Q03936	ZNF92
Q04446	GBE1
Q04637	EIF4G1
Q04721	NOTCH2
Q04724	TLE1
Q04759	PRKCQ
Q04760	GLO1
Q04837	SSBP1
Q04917	YWHAH
Q05048	CSTF1
Q05315	CLC
Q05397	PTK2
Q05513	PRKCZ
Q05707	COL14A1
Q05823	RNASEL
Q05BQ5	MBTD1
Q06055	ATP5G2
Q06136	KDSR
Q06190	PPP2R3A
Q06203	PPAT
Q06210	GFPT1
Q06323	PSME1
Q06432	CACNG1
Q06481	APLP2
Q06546	GABPA
Q06587	RING1
Q06609	RAD51
Q06787	FMR1
Q06830	PRDX1
Q07002	CDK18
Q07021	C1QBP
Q07065	CKAP4
Q07075	ENPEP
Q07283	TCHH
Q07444	KLRC3
Q07617	SPAG1
Q07666	KHDRBS1
Q07812	BAX
Q07864	POLE
Q07954	LRP1
Q07960	ARHGAP1
Q08050	FOXM1
Q08117	AES
Q08188	TGM3
Q08209	PPP3CA
Q08211	DHX9
Q08257	CRYZ
Q08380	LGALS3BP
Q08495	DMTN
Q08554	DSC1
Q08945	SSRP1
Q08999	RBL2
Q08AD1	CAMSAP2
Q08AE8	SPIRE1
Q08AG7	MZT1
Q08AM6	VAC14
Q08AT0	SGCZ
Q08E93	FAM27E3
Q08J23	NSUN2
Q09028	RBBP4
Q09161	NCBP1
Q09328	MGAT5
Q09666	AHNAK
Q0JRZ9	FCHO2
Q0P5T2	C6orf136
Q0P651	C4orf29
Q0P6H9	TMEM62
Q0VAK6	LMOD3
Q0VDD7	C19orf57
Q0VDF9	HSPA14
Q0VDG4	SCRN3
Q0VF96	CGNL1
Q0VG06	FAAP100
Q0VGL1	LAMTOR4
Q10469	MGAT2
Q10471	GALNT2
Q10472	GALNT1
Q10567	AP1B1
Q10570	CPSF1
Q10571	MN1
Q10713	PMPCA
Q11130	FUT7
Q12768	KIAA0196
Q12770	SCAP
Q12772	SREBF2
Q12778	FOXO1
Q12788	TBL3
Q12789	GTF3C1
Q12792	TWF1
Q12797	ASPH
Q12800	TFCP2
Q12802	AKAP13
Q12824	SMARCB1
Q12834	CDC20
Q12841	FSTL1
Q12846	STX4
Q12849	GRSF1
Q12860	CNTN1
Q12870	TCF15
Q12872	SFSWAP
Q12874	SF3A3
Q12891	HYAL2
Q12899	TRIM26
Q12904	AIMP1
Q12905	ILF2
Q12906	ILF3
Q12907	LMAN2
Q12923	PTPN13
Q12931	TRAP1
Q12933	TRAF2
Q12946	FOXF1
Q12947	FOXF2
Q12948	FOXC1
Q12955	ANK3
Q12959	DLG1
Q12962	TAF10
Q12965	MYO1E
Q12974	PTP4A2
Q12981	BNIP1
Q12986	NFX1
Q12996	CSTF3
Q13009	TIAM1
Q13011	ECH1
Q13015	MLLT11
Q13033	STRN3
Q13042	CDC16
Q13043	STK4
Q13045	FLII
Q13049	TRIM32
Q13057	COASY
Q13077	TRAF1
Q13084	MRPL28
Q13085	ACACA
Q13099	IFT88
Q13107	USP4
Q13112	CHAF1B
Q13126	MTAP
Q13129	RLF
Q13131	PRKAA1
Q13136	PPFIA1
Q13137	CALCOCO2
Q13144	EIF2B5
Q13148	TARDBP
Q13155	AIMP2
Q13162	PRDX4
Q13177	PAK2
Q13185	CBX3
Q13188	STK3
Q13190	STX5
Q13200	PSMD2
Q13201	MMRN1
Q13217	DNAJC3
Q13228	SELENBP1
Q13231	CHIT1
Q13232	NME3
Q13242	SRSF9
Q13243	SRSF5
Q13247	SRSF6
Q13257	MAD2L1
Q13263	TRIM28
Q13268	DHRS2
Q13283	G3BP1
Q13308	PTK7
Q13332	PTPRS
Q13347	EIF3I
Q13352	ITGB3BP
Q13370	PDE3B
Q13371	PDCL
Q13387	MAPK8IP2
Q13393	PLD1
Q13394	MAB21L1
Q13395	TARBP1
Q13404	UBE2V1
Q13405	MRPL49
Q13409	DYNC1I2
Q13416	ORC2
Q13418	ILK
Q13421	MSLN
Q13423	NNT
Q13425	SNTB2
Q13426	XRCC4
Q13428	TCOF1
Q13432	UNC119
Q13433	SLC39A6
Q13435	SF3B2
Q13442	PDAP1
Q13444	ADAM15
Q13445	TMED1
Q13451	FKBP5
Q13459	MYO9B
Q13467	FZD5
Q13472	TOP3A
Q13490	BIRC2
Q13492	PICALM
Q13501	SQSTM1
Q13505	MTX1
Q13506	NAB1
Q13509	TUBB3
Q13523	PRPF4B
Q13535	ATR
Q13541	EIF4EBP1
Q13546	RIPK1
Q13555	CAMK2G
Q13557	CAMK2D
Q13561	DCTN2
Q13563	PKD2
Q13564	NAE1
Q13573	SNW1
Q13576	IQGAP2
Q13585	GPR50
Q13586	STIM1
Q13595	TRA2A
Q13596	SNX1
Q13601	KRR1
Q13608	PEX6
Q13610	PWP1
Q13614	MTMR2
Q13615	MTMR3
Q13616	CUL1
Q13617	CUL2
Q13618	CUL3
Q13619	CUL4A
Q13625	TP53BP2
Q13627	DYRK1A
Q13642	FHL1
Q13643	FHL3
Q13705	ACVR2B
Q13724	MOGS
Q13740	ALCAM
Q13769	THOC5
Q13772	NCOA4
Q13813	SPTAN1
Q13823	GNL2
Q13825	AUH
Q13835	PKP1
Q13838	DDX39B
Q13867	BLMH
Q13868	EXOSC2
Q13885	TUBB2A
Q13895	BYSL
Q13907	IDI1
Q13938	CAPS
Q13946	PDE7A
Q13948	CUX1
Q13950	RUNX2
Q13951	CBFB
Q13976	PRKG1
Q14008	CKAP5
Q14011	CIRBP
Q14012	CAMK1
Q14106	TOB2
Q14117	DPYS
Q14118	DAG1
Q14119	VEZF1
Q14126	DSG2
Q14134	TRIM29
Q14135	VGLL4
Q14137	BOP1
Q14139	UBE4A
Q14145	KEAP1
Q14146	URB2
Q14149	MORC3
Q14151	SAFB2
Q14152	EIF3A
Q14153	FAM53B
Q14161	GIT2
Q14166	TTLL12
Q14192	FHL2
Q14195	DPYSL3
Q14197	ICT1
Q14201	BTG3
Q14204	DYNC1H1
Q14207	NPAT
Q14232	EIF2B1
Q14240	EIF4A2
Q14241	TCEB3
Q14244	MAP7
Q14247	CTTN
Q14249	ENDOG
Q14254	FLOT2
Q14257	RCN2
Q14314	FGL2
Q14315	FLNC
Q14318	FKBP8
Q14320	FAM50A
Q14331	FRG1
Q14344	GNA13
Q14393	GAS6
Q14432	PDE3A
Q14444	CAPRIN1
Q14457	BECN1
Q14498	RBM39
Q14507	EDDM3A
Q14517	FAT1
Q14527	HLTF
Q14532	KRT32
Q14534	SQLE
Q14549	GBX1
Q14554	PDIA5
Q14558	PRPSAP1
Q14566	MCM6
Q14571	ITPR2
Q14574	DSC3
Q14587	ZNF268
Q14592	ZNF460
Q14596	NBR1
Q14657	LAGE3
Q14671	PUM1
Q14674	ESPL1
Q14676	MDC1
Q14677	CLINT1
Q14679	TTLL4
Q14680	MELK
Q14681	KCTD2
Q14683	SMC1A
Q14684	RRP1B
Q14686	NCOA6
Q14687	GSE1
Q14689	DIP2A
Q14692	BMS1
Q14693	LPIN1
Q14694	USP10
Q14696	MESDC2
Q14697	GANAB
Q14699	RFTN1
Q14703	MBTPS1
Q14739	LBR
Q14746	COG2
Q14765	STAT4
Q14766	LTBP1
Q14773	ICAM4
Q14789	GOLGB1
Q147U7	SMCO1
Q147X3	NAA30
Q14807	KIF22
Q14814	MEF2D
Q14839	CHD4
Q14847	LASP1
Q14849	STARD3
Q14940	SLC9A5
Q14964	RAB39A
Q14974	KPNB1
Q14980	NUMA1
Q14997	PSME4
Q14999	CUL7
Q14C86	GAPVD1
Q14CB8	ARHGAP19
Q14CZ7	FASTKD3
Q15003	NCAPH
Q15005	SPCS2
Q15006	EMC2
Q15007	WTAP
Q15008	PSMD6
Q15013	MAD2L1BP
Q15014	MORF4L2
Q15018	FAM175B
Q15019	SEPT2
Q15021	NCAPD2
Q15024	EXOSC7
Q15029	EFTUD2
Q15031	LARS2
Q15036	SNX17
Q15046	KARS
Q15050	RRS1
Q15051	IQCB1
Q15052	ARHGEF6
Q15054	POLD3
Q15056	EIF4H
Q15057	ACAP2
Q15058	KIF14
Q15059	BRD3
Q15061	WDR43
Q15067	ACOX1
Q15072	ZNF146
Q15075	EEA1
Q15084	PDIA6
Q15102	PAFAH1B3
Q15118	PDK1
Q15119	PDK2
Q15120	PDK3
Q15121	PEA15
Q15125	EBP
Q15126	PMVK
Q15139	PRKD1
Q15154	PCM1
Q15170	TCEAL1
Q15181	PPA1
Q15208	STK38
Q15223	PVRL1
Q15269	PWP2
Q15274	QPRT
Q15276	RABEP1
Q15283	RASA2
Q15286	RAB35
Q15291	RBBP5
Q15293	RCN1
Q15311	RALBP1
Q15334	LLGL1
Q15345	LRRC41
Q15361	TTF1
Q15363	TMED2
Q15365	PCBP1
Q15366	PCBP2
Q15369	TCEB1
Q15370	TCEB2
Q15375	EPHA7
Q15382	RHEB
Q15386	UBE3C
Q15388	TOMM20
Q15392	DHCR24
Q15393	SF3B3
Q15397	KIAA0020
Q15398	DLGAP5
Q15399	TLR1
Q15404	RSU1
Q15417	CNN3
Q15424	SAFB
Q15427	SF3B4
Q15428	SF3A2
Q15431	SYCP1
Q15434	RBMS2
Q15435	PPP1R7
Q15459	SF3A1
Q15475	SIX1
Q15493	RGN
Q15526	SURF1
Q15532	SS18
Q15542	TAF5
Q15545	TAF7
Q15555	MAPRE2
Q15572	TAF1C
Q15573	TAF1A
Q15599	SLC9A3R2
Q15643	TRIP11
Q15645	TRIP13
Q15648	MED1
Q15649	ZNHIT3
Q15652	JMJD1C
Q15654	TRIP6
Q15678	PTPN14
Q15691	MAPRE1
Q15714	TSC22D1
Q15717	ELAVL1
Q15723	ELF2
Q15738	NSDHL
Q15742	NAB2
Q15744	CEBPE
Q15750	TAB1
Q15751	HERC1
Q15758	SLC1A5
Q15768	EFNB3
Q15772	SPEG
Q15773	MLF2
Q15776	ZKSCAN8
Q15782	CHI3L2
Q15796	SMAD2
Q15800	MSMO1
Q15811	ITSN1
Q15813	TBCE
Q15818	NPTX1
Q15819	UBE2V2
Q15828	CST6
Q15833	STXBP2
Q15836	VAMP3
Q15842	KCNJ8
Q15843	NEDD8
Q15847	ADIRF
Q15849	SLC14A2
Q15904	ATP6AP1
Q15906	VPS72
Q15907	RAB11B
Q16181	SEPT7
Q16186	ADRM1
Q16204	CCDC6
Q16222	UAP1
Q16342	PDCD2
Q16352	INA
Q16394	EXT1
Q16401	PSMD5
Q16512	PKN1
Q16513	PKN2
Q16526	CRY1
Q16527	CSRP2
Q16531	DDB1
Q16537	PPP2R5E
Q16539	MAPK14
Q16540	MRPL23
Q16543	CDC37
Q16560	SNRNP35
Q16566	CAMK4
Q16576	RBBP7
Q16585	SGCB
Q16587	ZNF74
Q16610	ECM1
Q16619	CTF1
Q16629	SRSF7
Q16630	CPSF6
Q16643	DBN1
Q16658	FSCN1
Q16659	MAPK6
Q16671	AMHR2
Q16698	DECR1
Q16706	MAN2A1
Q16739	UGCG
Q16740	CLPP
Q16762	TST
Q16763	UBE2S
Q16769	QPCT
Q16775	HAGH
Q16777	HIST2H2AC
Q16778	HIST2H2BE
Q16795	NDUFA9
Q16822	PCK2
Q16825	PTPN21
Q16831	UPP1
Q16850	CYP51A1
Q16864	ATP6V1F
Q16880	UGT8
Q16891	IMMT
Q17RP2	TIGD6
Q19AV6	ZSWIM7
Q1ED39	KNOP1
Q1KMD3	HNRNPUL2
Q24JP5	TMEM132A
Q29RF7	PDS5A
Q2KHM9	KIAA0753
Q2L6G8	CDSN
Q2M2Z5	KIZ
Q2M3G4	SHROOM1
Q2M3V2	SOWAHA
Q2NKJ3	CTC1
Q2NKX8	ERCC6L
Q2NL82	TSR1
Q2PPJ7	RALGAPA2
Q2Q1W2	TRIM71
Q2QD12	RPEL1
Q2T9J0	TYSND1
Q2TAL5	SMTNL2
Q2TAL8	QRICH1
Q2TAM5	RELA
Q2TAM9	TUSC1
Q2TAY7	SMU1
Q2TBE0	CWF19L2
Q2VIQ3	KIF4B
Q2VPB7	AP5B1
Q309B1	TRIM16L
Q30KQ8	DEFB112
Q32M78	ZNF699
Q32MZ4	LRRFIP1
Q32NC0	C18orf21
Q32P28	LEPRE1
Q32Q12	NME1-NME2
Q3B726	TWISTNB
Q3B7T1	EDRF1
Q3B820	FAM161A
Q3BDU5	LMNA
Q3KNV8	PCGF3
Q3KNW1	SNAI3
Q3KP22	C11orf85
Q3L8U1	CHD9
Q3LI83	KRTAP24-1
Q3SXM5	HSDL1
Q3SY69	ALDH1L2
Q3SY77	UGT3A2
Q3SYG4	BBS9
Q3T8J9	GON4L
Q3T906	GNPTAB
Q3V6T2	CCDC88A
Q3YEC7	RABL6
Q3ZAQ7	VMA21
Q3ZCQ8	TIMM50
Q3ZCW2	LGALSL
Q495W5	FUT11
Q496A3	SPATS1
Q49A26	GLYR1
Q49AR2	C5orf22
Q4AE62	GTDC1
Q4G0F5	VPS26B
Q4G0I0	CCSMST1
Q4G0M1	FAM132B
Q4G0N4	NADK2
Q4G148	GXYLT1
Q4J6C6	PREPL
Q4KMG0	CDON
Q4KMP7	TBC1D10B
Q4KMQ1	TPRN
Q4R9M9	KIF1Bbeta
Q4TT34	NME4
Q4U2R6	MRPL51
Q4V328	GRIPAP1
Q4VC05	BCL7A
Q4VCS5	AMOT
Q4VXN0	EPB41L1
Q4VXZ8	DECR2
Q4ZG55	GREB1
Q504Q3	PAN2
Q504U0	C4orf46
Q504Y0	SLC39A12
Q50LG9	LRRC24
Q52LD8	RFTN2
Q52LJ0	FAM98B
Q53EP0	FNDC3B
Q53EQ6	TIGD5
Q53ET0	CRTC2
Q53EU6	AGPAT9
Q53F19	C17orf85
Q53FV1	ORMDL2
Q53G59	KLHL12
Q53GI4	TEAD4
Q53GL0	PLEKHO1
Q53GQ0	HSD17B12
Q53GT1	KLHL22
Q53HC0	CCDC92
Q53HC5	KLHL26
Q53R41	FASTKD1
Q53RT3	ASPRV1
Q53S58	TMEM177
Q53T94	TAF1B
Q562R1	ACTBL2
Q567U6	CCDC93
Q567V2	MPV17L2
Q56NI9	ESCO2
Q587I9	SFT2D3
Q58A45	PAN3
Q58EX7	PLEKHG4
Q58FF6	HSP90AB4P
Q58FF8	HSP90AB2P
Q58WW2	DCAF6
Q59FN2	
Q59GN2	RPL39P5
Q5BJD5	TMEM41B
Q5BJH7	YIF1B
Q5BKT4	ALG10
Q5BKZ1	ZNF326
Q5BLP8	C4orf48
Q5C9Z4	NOM1
Q5EBL8	PDZD11
Q5EG05	CARD16
Q5EP54	HLA-DPB1
Q5F1R6	DNAJC21
Q5FBB7	SGOL1
Q5FWF4	ZRANB3
Q5GLZ8	HERC4
Q5H8A4	PIGG
Q5H9F3	BCORL1
Q5HYI7	MTX3
Q5HYI8	RABL3
Q5HYK3	COQ5
Q5JP53	TUBB
Q5JPH6	EARS2
Q5JPI3	C3orf38
Q5JPU2	PDHA1
Q5JR95	RPS8
Q5JRA6	MIA3
Q5JRI1	SRSF10
Q5JRX3	PITRM1
Q5JS37	NHLRC3
Q5JS54	PSMG4
Q5JS98	PBX3
Q5JSD2	VDAC2
Q5JSH3	WDR44
Q5JSL0	HMGN5
Q5JSL3	DOCK11
Q5JSZ5	PRRC2B
Q5JT25	RAB41
Q5JTC6	AMER1
Q5JTH9	RRP12
Q5JTJ3	COA6
Q5JTV1	GMEB2
Q5JTY5	CBWD3
Q5JTZ9	AARS2
Q5JU69	TOR2A
Q5JVF3	PCID2
Q5JVZ5	ELMO2
Q5JW98	FAM26D
Q5JWE9	GNAS
Q5JWT2	MED23
Q5JXC2	MIIP
Q5KU26	COLEC12
Q5LJA5	UCHL5
Q5M7Z0	RNFT1
Q5MIZ7	SMEK2
Q5MJ10	SPANXN2
Q5MNZ6	WDR45B
Q5NDL2	EOGT
Q5QJE6	DNTTIP2
Q5QP82	DCAF10
Q5QPM7	PSMF1
Q5R3B4	MPC2
Q5R3I4	TTC38
Q5RI15	COX20
Q5RKV6	EXOSC6
Q5SGD2	PPM1L
Q5SNT2	TMEM201
Q5SNW7	MTHFR
Q5SQI0	ATAT1
Q5SRE5	NUP188
Q5SRI9	MANEA
Q5SSJ5	HP1BP3
Q5STZ8	ABCF1
Q5SVS4	SLC25A30
Q5SVZ6	ZMYM1
Q5SW79	CEP170
Q5SWX8	ODR4
Q5SXM2	SNAPC4
Q5SXM8	DNLZ
Q5SY16	NOL9
Q5SYZ4	CRABP2
Q5SZC9	ABRACL
Q5SZK8	FREM2
Q5SZR4	TDRKH
Q5T011	SZT2
Q5T035	C9orf129
Q5T0C7	STIL
Q5T0I0	GSN
Q5T0N5	FNBP1L
Q5T0R9	CAP1
Q5T123	SH3BGRL3
Q5T160	RARS2
Q5T1C6	THEM4
Q5T1M5	FKBP15
Q5T1Q4	SLC35F1
Q5T200	ZC3H13
Q5T280	C9orf114
Q5T2D3	OTUD3
Q5T2R2	PDSS1
Q5T2T1	MPP7
Q5T2W1	PDZK1
Q5T2Z1	PSRC1
Q5T3F8	TMEM63B
Q5T3I0	GPATCH4
Q5T3J3	LRIF1
Q5T3U5	ABCC10
Q5T440	IBA57
Q5T447	HECTD3
Q5T4B2	CERCAM
Q5T4D3	TMTC4
Q5T4K2	SLC39A1
Q5T4S7	UBR4
Q5T5C7	SARS
Q5T5I6	GOLPH3L
Q5T5P2	KIAA1217
Q5T5X7	BEND3
Q5T686	AVPI1
Q5T6F2	UBAP2
Q5T6K7	NFYC
Q5T749	KPRP
Q5T750	XP32
Q5T760	SRSF11
Q5T7N3	KANK4
Q5T8I3	FAM102B
Q5T8U5	SURF4
Q5T9A4	ATAD3B
Q5T9L3	WLS
Q5TA45	CPSF3L
Q5TA58	AGO1
Q5TAL2	SNRPC
Q5TAQ0	UQCC2
Q5TAQ9	DCAF8
Q5TAW7	CAB39L
Q5TB30	DEPDC1
Q5TBB1	RNASEH2B
Q5TC12	ATPAF1
Q5TCQ9	MAGI3
Q5TCX8	MLK4
Q5TCY1	TTBK1
Q5TCZ1	SH3PXD2A
Q5TCZ7	CUTC
Q5TD07	NQO2
Q5TDF0	NTPCR
Q5TEU4	NDUFAF5
Q5TF58	IFFO2
Q5TFE4	NT5DC1
Q5TFG8	ZC2HC1B
Q5TG12	PTPRK
Q5TGY3	AHDC1
Q5TH69	ARFGEF3
Q5THJ4	VPS13D
Q5THK1	PRR14L
Q5TI78	METTL18
Q5TKA1	LIN9
Q5U5X0	LYRM7
Q5U651	RASIP1
Q5U8S2	STX10
Q5UIP0	RIF1
Q5VIR6	VPS53
Q5VSG8	MANEAL
Q5VST6	ABHD17B
Q5VT52	RPRD2
Q5VT82	PCDH9
Q5VTE6	ANGEL2
Q5VTR2	RNF20
Q5VTY9	HHAT
Q5VU11	RPP30
Q5VU97	CACHD1
Q5VUA4	ZNF318
Q5VUD6	FAM69B
Q5VUJ6	LRCH2
Q5VUR7	ANKRD20A3
Q5VV41	ARHGEF16
Q5VV42	CDKAL1
Q5VV67	PPRC1
Q5VVC0	C1orf146
Q5VVQ6	YOD1
Q5VW32	BROX
Q5VW36	FOCAD
Q5VWC4	PSMD4
Q5VWQ0	RSBN1
Q5VWQ8	DAB2IP
Q5VWV2	PARD3
Q5VWZ2	LYPLAL1
Q5VXM1	CDCP2
Q5VYV7	SLX4IP
Q5VZ89	DENND4C
Q5VZI3	C9orf91
Q5VZK9	LRRC16A
Q5VZL5	ZMYM4
Q5VZU9	TPP2
Q5VZY9	DCLK1
Q5W015	PFKFB3
Q5W0B1	RNF219
Q5W0H4	TPT1
Q5W111	SPRYD7
Q5XG87	PAPD7
Q5XKE5	KRT79
Q5XPI4	RNF123
Q5XUX1	FBXW9
Q63HK5	TSHZ3
Q63HM9	PLCXD3
Q63ZY3	KANK2
Q641Q2	FAM21A
Q641Q3	METRNL
Q643R3	LPCAT4
Q658P3	STEAP3
Q658Y4	FAM91A1
Q659A1	ICE2
Q66K14	TBC1D9B
Q66K74	MAP1S
Q66LE6	PPP2R2D
Q66S35	PFKFB4
Q674R7	ATG9B
Q68CP9	ARID2
Q68CQ4	DIEXF
Q68CQ7	GLT8D1
Q68CZ6	HAUS3
Q68D10	SPTY2D1
Q68D51	DENND2C
Q68D85	NCR3LG1
Q68D91	MBLAC2
Q68DC2	ANKS6
Q68DH5	LMBRD2
Q68DK7	MSL1
Q68DQ2	CRYBG3
Q68DV7	RNF43
Q68E01	INTS3
Q68EM7	ARHGAP17
Q68J44	DUPD1
Q69YH5	CDCA2
Q69YN2	CWF19L1
Q69YN4	KIAA1429
Q69YQ0	SPECC1L
Q69YU3	ANKRD34A
Q6AHZ1	ZNF518A
Q6AI08	HEATR6
Q6AI12	ANKRD40
Q6AI39	GLTSCR1L
Q6AWC2	WWC2
Q6AZY7	SCARA3
Q6AZZ1	TRIM68
Q6BDS2	UHRF1BP1
Q6DD87	ZNF787
Q6DD88	ATL3
Q6DKI1	RPL7L1
Q6DKJ4	NXN
Q6DKK2	TTC19
Q6DT37	CDC42BPG
Q6E213	AWAT2
Q6EEV4	POLR2M
Q6EMB2	TTLL5
Q6EMK4	VASN
Q6F5E8	RLTPR
Q6GMV2	SMYD5
Q6GPH6	ITPRIPL1
Q6I9Y2	THOC7
Q6IA69	NADSYN1
Q6IA86	ELP2
Q6IAA8	LAMTOR1
Q6IBS0	TWF2
Q6IBW4	NCAPH2
Q6ICG6	KIAA0930
Q6ICH7	ASPHD2
Q6IEG0	SNRNP48
Q6IN84	MRM1
Q6IPR1	LYRM5
Q6IPR3	TYW3
Q6IQ21	ZNF770
Q6IQ49	SDE2
Q6IQ55	TTBK2
Q6ISU1	PTCRA
Q6JHV3	USP3
Q6JQN1	ACAD10
Q6L8Q7	PDE12
Q6MZM0	HEPHL1
Q6MZP7	LIN54
Q6MZZ7	CAPN13
Q6N069	NAA16
Q6N075	MFSD5
Q6NS38	ALKBH2
Q6NSI4	CXorf57
Q6NSJ2	PHLDB3
Q6NSJ5	LRRC8E
Q6NSZ9	ZSCAN25
Q6NT16	SLC18B1
Q6NTF9	RHBDD2
Q6NUI2	GPAT2
Q6NUJ1	PSAPL1
Q6NUK1	SLC25A24
Q6NUK4	REEP3
Q6NUM9	RETSAT
Q6NUQ1	RINT1
Q6NUQ4	TMEM214
Q6NUT3	MFSD12
Q6NV74	KIAA1211L
Q6NVH7	SWSAP1
Q6NVY1	HIBCH
Q6NW29	RWDD4
Q6NW34	C3orf17
Q6NXE6	ARMC6
Q6NXG1	ESRP1
Q6NXT4	SLC30A6
Q6NXT6	TAPT1
Q6NYC8	PPP1R18
Q6NZI2	PTRF
Q6NZY4	ZCCHC8
Q6P087	RPUSD3
Q6P0N0	MIS18BP1
Q6P0Q8	MAST2
Q6P158	DHX57
Q6P161	MRPL54
Q6P1A2	LPCAT3
Q6P1J9	CDC73
Q6P1K2	PMF1
Q6P1L5	FAM117B
Q6P1L8	MRPL14
Q6P1M0	SLC27A4
Q6P1M9	ARMCX5
Q6P1N0	CC2D1A
Q6P1Q0	LETMD1
Q6P1S2	C3orf33
Q6P2D0	ZFP1
Q6P2E9	EDC4
Q6P2H3	CEP85
Q6P2P2	PRMT9
Q6P2Q9	PRPF8
Q6P3S6	FBXO42
Q6P3X3	TTC27
Q6P435	
Q6P444	MTFR2
Q6P4A7	SFXN4
Q6P4A8	PLBD1
Q6P4I2	WDR73
Q6P4Q7	CNNM4
Q6P4R8	NFRKB
Q6P582	MZT2A
Q6P587	FAHD1
Q6P597	KLC3
Q6P5S2	LEG1
Q6P5Z2	PKN3
Q6P6B1	ERICH5
Q6P6B7	ANKRD16
Q6P6C2	ALKBH5
Q6P996	PDXDC1
Q6P9B6	TLDC1
Q6P9B9	INTS5
Q6P9G9	ZNF449
Q6PCB0	VWA1
Q6PCB5	RSBN1L
Q6PCB7	SLC27A1
Q6PCD5	RFWD3
Q6PD62	CTR9
Q6PD74	AAGAB
Q6PEW1	ZCCHC12
Q6PGN9	PSRC1
Q6PGP7	TTC37
Q6PHW0	IYD
Q6PI26	SHQ1
Q6PI48	DARS2
Q6PI98	INO80C
Q6PID8	KLHDC10
Q6PIJ6	FBXO38
Q6PIW4	FIGNL1
Q6PJ21	SPSB3
Q6PJ61	FBXO46
Q6PJ69	TRIM65
Q6PJF5	RHBDF2
Q6PJG2	ELMSAN1
Q6PJG6	BRAT1
Q6PJG9	LRFN4
Q6PJI9	WDR59
Q6PJP8	DCLRE1A
Q6PJT7	ZC3H14
Q6PK18	OGFOD3
Q6PKC3	TXNDC11
Q6PKG0	LARP1
Q6PL24	TMED8
Q6PML9	SLC30A9
Q6Q0C0	TRAF7
Q6QNY1	BLOC1S2
Q6R327	RICTOR
Q6RI45	BRWD3
Q6S8J3	POTEE
Q6SPF0	SAMD1
Q6STE5	SMARCD3
Q6SZW1	SARM1
Q6TDP4	KLHL17
Q6TFL4	KLHL24
Q6UB99	ANKRD11
Q6UN15	FIP1L1
Q6UUV7	CRTC3
Q6UUV9	CRTC1
Q6UVJ0	SASS6
Q6UVM3	KCNT2
Q6UVY6	MOXD1
Q6UW78	UQCC3
Q6UWD8	C16orf54
Q6UWJ1	TMCO3
Q6UWM9	UGT2A3
Q6UWP7	LCLAT1
Q6UWP8	SBSN
Q6UWS5	PET117
Q6UWU2	GLB1L
Q6UWW8	CES3
Q6UWY0	ARSK
Q6UWZ7	FAM175A
Q6UX04	CWC27
Q6UX07	DHRS13
Q6UX71	PLXDC2
Q6UXD5	SEZ6L2
Q6UXM1	LRIG3
Q6UXN9	WDR82
Q6UXV4	APOOL
Q6V0I7	FAT4
Q6VMQ6	ATF7IP
Q6VY07	PACS1
Q6WKZ4	RAB11FIP1
Q6WRX3	ZYG11A
Q6XUX3	DSTYK
Q6XYB7	LBX2
Q6XZF7	DNMBP
Q6Y1H2	HACD2
Q6Y288	B3GALTL
Q6Y2X3	DNAJC14
Q6Y7W6	GIGYF2
Q6YHK3	CD109
Q6YHU6	THADA
Q6YN16	HSDL2
Q6YP21	CCBL2
Q6ZMI0	PPP1R21
Q6ZMY9	ZNF517
Q6ZN04	MEX3B
Q6ZN16	MAP3K15
Q6ZN18	AEBP2
Q6ZN55	ZNF574
Q6ZNA4	RNF111
Q6ZNB6	NFXL1
Q6ZNE5	ATG14
Q6ZNG0	ZNF620
Q6ZNJ1	NBEAL2
Q6ZNW5	GDPGP1
Q6ZPD9	DPY19L3
Q6ZRP7	QSOX2
Q6ZRQ5	MMS22L
Q6ZRS2	SRCAP
Q6ZRV2	FAM83H
Q6ZRY4	RBPMS2
Q6ZS86	GK5
Q6ZSI9	CAPN12
Q6ZT07	TBC1D9
Q6ZT12	UBR3
Q6ZT21	TMPPE
Q6ZTN6	ANKRD13D
Q6ZTQ3	RASSF6
Q6ZU64	CCDC108
Q6ZU65	UBN2
Q6ZUS5	CCDC121
Q6ZUT1	C11orf57
Q6ZUT6	C15orf52
Q6ZUX7	LHFPL2
Q6ZV29	PNPLA7
Q6ZV73	FGD6
Q6ZV77	C9orf139
Q6ZV89	SH2D5
Q6ZVM7	TOM1L2
Q6ZVX7	NCCRP1
Q6ZW31	SYDE1
Q6ZW49	PAXIP1
Q6ZWE6	PLEKHM3
Q6ZWJ1	STXBP4
Q6ZWL3	CYP4V2
Q6ZXV5	TMTC3
Q709C8	VPS13C
Q709F0	ACAD11
Q70CQ2	USP34
Q70CQ3	USP30
Q70EL1	USP54
Q70EL4	USP43
Q70HW3	SLC25A26
Q70JA7	CHSY3
Q70SY1	CREB3L2
Q70UQ0	IKBIP
Q70Z35	PREX2
Q71F23	CENPU
Q71RC2	LARP4
Q71RG4	TMUB2
Q71RS6	SLC24A5
Q71U36	TUBA1A
Q71UI9	H2AFV
Q75T13	PGAP1
Q76FK4	NOL8
Q7KYR7	BTN2A1
Q7KZ85	SUPT6H
Q7KZF4	SND1
Q7KZI7	MARK2
Q7KZN9	COX15
Q7L014	DDX46
Q7L099	RUFY3
Q7L0J3	SV2A
Q7L0Y3	TRMT10C
Q7L1Q6	BZW1
Q7L1T6	CYB5R4
Q7L1W4	LRRC8D
Q7L266	ASRGL1
Q7L2E3	DHX30
Q7L2H7	EIF3M
Q7L2J0	MEPCE
Q7L2Z9	CENPQ
Q7L3S4	ZNF771
Q7L3T8	PARS2
Q7L523	RRAGA
Q7L576	CYFIP1
Q7L590	MCM10
Q7L592	NDUFAF7
Q7L5D6	GET4
Q7L5L3	GDPD3
Q7L5N1	COPS6
Q7L5N7	LPCAT2
Q7L7V1	DHX32
Q7L7X3	TAOK1
Q7L804	RAB11FIP2
Q7L8J4	SH3BP5L
Q7L8L6	FASTKD5
Q7L945	ZNF627
Q7L9B9	EEPD1
Q7L9L4	MOB1B
Q7LBC6	KDM3B
Q7LBE3	SLC26A9
Q7LG56	RRM2B
Q7LGC8	CHST3
Q7RTN6	STRADA
Q7RTP0	NIPA1
Q7RTS9	DYM
Q7RTT5	SSX7
Q7RTV5	AAED1
Q7Z2E3	APTX
Q7Z2K8	GPRIN1
Q7Z2T5	TRMT1L
Q7Z2W4	ZC3HAV1
Q7Z2W9	MRPL21
Q7Z2X4	PID1
Q7Z309	FAM122B
Q7Z333	SETX
Q7Z388	DPY19L4
Q7Z392	TRAPPC11
Q7Z3B3	KANSL1
Q7Z3C6	ATG9A
Q7Z3I7	ZNF572
Q7Z401	DENND4A
Q7Z406	MYH14
Q7Z417	NUFIP2
Q7Z434	MAVS
Q7Z478	DHX29
Q7Z494	NPHP3
Q7Z4F1	LRP10
Q7Z4G1	COMMD6
Q7Z4H3	HDDC2
Q7Z4H7	HAUS6
Q7Z4H8	KDELC2
Q7Z4Q2	HEATR3
Q7Z4R8	C6orf120
Q7Z4V5	HDGFRP2
Q7Z4W1	DCXR
Q7Z4Y8	ATP5L2
Q7Z589	EMSY
Q7Z5B4	RIC3
Q7Z5K2	WAPAL
Q7Z5L0	VMO1
Q7Z5L9	IRF2BP2
Q7Z5W3	BCDIN3D
Q7Z5Y6	BMP8A
Q7Z628	NET1
Q7Z6E9	RBBP6
Q7Z6J0	SH3RF1
Q7Z6J8	UBE3D
Q7Z6K1	THAP5
Q7Z6L1	TECPR1
Q7Z6M1	RABEPK
Q7Z6M4	MTERF4
Q7Z6Z7	HUWE1
Q7Z736	PLEKHH3
Q7Z7A3	CTU1
Q7Z7B1	PIGW
Q7Z7C7	STRA8
Q7Z7F7	MRPL55
Q7Z7H5	TMED4
Q7Z7H8	MRPL10
Q7Z7J7	LHFPL4
Q7Z7K0	CMC1
Q7Z7K6	CENPV
Q7Z7L7	ZER1
Q7Z7M0	MEGF8
Q7Z7N9	TMEM179B
Q86SE9	PCGF5
Q86SF2	GALNT7
Q86SG5	S100A7A
Q86SG7	LYG2
Q86SJ2	AMIGO2
Q86SJ6	DSG4
Q86SK9	SCD5
Q86SQ0	PHLDB2
Q86SX3	C14orf80
Q86SX6	GLRX5
Q86SZ2	TRAPPC6B
Q86T03	TMEM55B
Q86T24	ZBTB33
Q86TD4	SRL
Q86TI2	DPP9
Q86TM6	SYVN1
Q86TP1	PRUNE
Q86TS9	MRPL52
Q86TU7	SETD3
Q86TW2	ADCK1
Q86U28	ISCA2
Q86U38	NOP9
Q86U42	PABPN1
Q86U44	METTL3
Q86UA1	PRPF39
Q86UD0	SAPCD2
Q86UD1	OAF
Q86UE4	MTDH
Q86UE6	LRRTM1
Q86UF1	TSPAN33
Q86UL3	AGPAT6
Q86UN3	RTN4RL2
Q86UP2	KTN1
Q86UQ0	ZNF589
Q86UT6	NLRX1
Q86UU9	TAC4
Q86UV5	USP48
Q86UW6	N4BP2
Q86UY8	NT5DC3
Q86V25	VASH2
Q86V42	FAM124A
Q86V48	LUZP1
Q86V59	PNMAL1
Q86V81	ALYREF
Q86V85	GPR180
Q86V97	KBTBD6
Q86VI3	IQGAP3
Q86VP3	PACS2
Q86VP6	CAND1
Q86VQ1	GLCCI1
Q86VR2	FAM134C
Q86VS8	HOOK3
Q86VU5	COMTD1
Q86VW0	SESTD1
Q86VW2	ARHGEF25
Q86VZ4	LRP11
Q86W34	AMZ2
Q86W42	THOC6
Q86W92	PPFIBP1
Q86WA8	LONP2
Q86WB0	ZC3HC1
Q86WI0	LHFPL1
Q86WJ1	CHD1L
Q86WK6	AMIGO1
Q86WK7	AMIGO3
Q86WT1	TTC30A
Q86WV5	TEN1
Q86WX3	RPS19BP1
Q86X02	CDR2L
Q86X10	RALGAPB
Q86X27	RALGPS2
Q86X52	CHSY1
Q86XE0	SNX32
Q86XE3	MICU3
Q86XF0	DHFRL1
Q86XI2	NCAPG2
Q86XL3	ANKLE2
Q86XP0	PLA2G4D
Q86XP1	DGKH
Q86XP3	DDX42
Q86XR7	TICAM2
Q86XX4	FRAS1
Q86XZ4	SPATS2
Q86Y07	VRK2
Q86Y13	DZIP3
Q86Y37	CACUL1
Q86Y39	NDUFA11
Q86Y56	DNAAF5
Q86Y82	STX12
Q86Y97	SUV420H2
Q86YD1	PTOV1
Q86YF9	DZIP1
Q86YH6	PDSS2
Q86YM7	HOMER1
Q86YN1	DOLPP1
Q86YP4	GATAD2A
Q86YQ8	CPNE8
Q86YS6	RAB43
Q86YS7	C2CD5
Q86YT6	MIB1
Q86YV9	HPS6
Q8IU54	IFNL1
Q8IU60	DCP2
Q8IU81	IRF2BP1
Q8IUB9	KRTAP19-1
Q8IUC3	KRTAP7-1
Q8IUC4	RHPN2
Q8IUC8	GALNT13
Q8IUF1	CBWD2
Q8IUF8	MINA
Q8IUH3	RBM45
Q8IUH4	ZDHHC13
Q8IUH5	ZDHHC17
Q8IUI8	CRLF3
Q8IUQ4	SIAH1
Q8IUR0	TRAPPC5
Q8IUR7	ARMC8
Q8IUS5	EPHX4
Q8IUX1	TMEM126B
Q8IUX4	APOBEC3F
Q8IV08	PLD3
Q8IVD9	NUDCD3
Q8IVF2	AHNAK2
Q8IVF6	ANKRD18A
Q8IVF7	FMNL3
Q8IVL5	LEPREL1
Q8IVL6	LEPREL2
Q8IVM0	CCDC50
Q8IVS2	MCAT
Q8IVU9	C10orf107
Q8IVV7	GID4
Q8IVW6	ARID3B
Q8IW75	SERPINA12
Q8IW92	GLB1L2
Q8IWA0	WDR75
Q8IWA4	MFN1
Q8IWB1	ITPRIP
Q8IWB7	WDFY1
Q8IWC1	MAP7D3
Q8IWD4	CCDC117
Q8IWF2	FOXRED2
Q8IWS0	PHF6
Q8IWT3	CUL9
Q8IWT6	LRRC8A
Q8IWU5	SULF2
Q8IWV7	UBR1
Q8IWV8	UBR2
Q8IWW6	ARHGAP12
Q8IWX7	UNC45B
Q8IWZ3	ANKHD1
Q8IWZ6	BBS7
Q8IX03	WWC1
Q8IX04	UEVLD
Q8IX06	REXO1L1P
Q8IX12	CCAR1
Q8IX18	DHX40
Q8IX21	FAM178A
Q8IX90	SKA3
Q8IXI1	RHOT2
Q8IXJ6	SIRT2
Q8IXK2	GALNT12
Q8IXL9	IQCF2
Q8IXM2	BAP18
Q8IXM3	MRPL41
Q8IXM7	ODF3L1
Q8IXQ3	C9orf40
Q8IXQ5	KLHL7
Q8IXU6	SLC35F2
Q8IXV7	KLHDC8B
Q8IXW5	RPAP2
Q8IXZ2	ZC3H3
Q8IY18	SMC5
Q8IY22	CMIP
Q8IY26	PPAPDC2
Q8IY37	DHX37
Q8IY47	KBTBD2
Q8IY57	YAF2
Q8IY63	AMOTL1
Q8IY81	FTSJ3
Q8IY92	SLX4
Q8IY95	TMEM192
Q8IYA6	CKAP2L
Q8IYB5	SMAP1
Q8IYB8	SUPV3L1
Q8IYD1	GSPT2
Q8IYD8	FANCM
Q8IYE0	CCDC146
Q8IYH5	ZZZ3
Q8IYI6	EXOC8
Q8IYK4	COLGALT2
Q8IYL2	TRMT44
Q8IYQ7	THNSL1
Q8IYR2	SMYD4
Q8IYS1	PM20D2
Q8IYS2	KIAA2013
Q8IYS4	C16orf71
Q8IYU8	MICU2
Q8IYY4	DZIP1L
Q8IZ07	ANKRD13A
Q8IZ21	PHACTR4
Q8IZ40	RCOR2
Q8IZ41	RASEF
Q8IZ52	CHPF
Q8IZ73	RPUSD2
Q8IZ83	ALDH16A1
Q8IZC4	RTKN2
Q8IZC7	ZNF101
Q8IZD4	DCP1B
Q8IZF4	GPR114
Q8IZL2	MAML2
Q8IZL8	PELP1
Q8IZM8	ZNF654
Q8IZQ5	SELH
Q8IZS5	OFCC1
Q8IZT9	FAM9C
Q8IZV2	CMTM8
Q8IZV5	RDH10
Q8MH48	HLA-G
Q8N0S6	CENPL
Q8N0V3	RBFA
Q8N0X7	SPG20
Q8N0Y2	ZNF444
Q8N0Z3	SPICE1
Q8N0Z6	TTC5
Q8N0Z8	PUSL1
Q8N108	MIER1
Q8N122	RPTOR
Q8N138	ORMDL3
Q8N158	GPC2
Q8N163	CCAR2
Q8N196	SIX5
Q8N1B4	VPS52
Q8N1F7	NUP93
Q8N1F8	STK11IP
Q8N1G0	ZNF687
Q8N1G2	CMTR1
Q8N1G4	LRRC47
Q8N201	INTS1
Q8N205	SYNE4
Q8N2A8	PLD6
Q8N2C9	UMODL1-AS1
Q8N2G4	LYPD1
Q8N2G8	GHDC
Q8N2K0	ABHD12
Q8N2R8	FAM43A
Q8N302	AGGF1
Q8N335	GPD1L
Q8N350	DOS
Q8N357	SLC35F6
Q8N371	KDM8
Q8N3C0	ASCC3
Q8N3E9	PLCD3
Q8N3I7	BBS5
Q8N3J3	C17orf53
Q8N3J9	ZNF664
Q8N3R9	MPP5
Q8N3X1	FNBP4
Q8N3X6	LCORL
Q8N3Y1	FBXW8
Q8N3Z3	GTPBP8
Q8N3Z6	ZCCHC7
Q8N427	NME8
Q8N428	GALNT16
Q8N441	FGFRL1
Q8N442	GUF1
Q8N488	RYBP
Q8N4B1	FAM109A
Q8N4F0	BPIFB2
Q8N4J0	C9orf41
Q8N4N8	KIF2B
Q8N4Q0	ZADH2
Q8N4Q1	CHCHD4
Q8N4T4	ARHGEF39
Q8N4T8	CBR4
Q8N4U5	TCP11L2
Q8N4V1	MMGT1
Q8N4Y2	CRACR2B
Q8N511	TMEM199
Q8N554	ZNF276
Q8N567	ZCCHC9
Q8N5A5	ZGPAT
Q8N5C6	SRBD1
Q8N5C8	TAB3
Q8N5D0	WDTC1
Q8N5G2	TMEM57
Q8N5J2	FAM63A
Q8N5K1	CISD2
Q8N5L8	RPP25L
Q8N5M1	ATPAF2
Q8N5M4	TTC9C
Q8N5M9	JAGN1
Q8N5N7	MRPL50
Q8N5P1	ZC3H8
Q8N5S3	C2orf73
Q8N5S9	CAMKK1
Q8N5Z5	KCTD17
Q8N612	FAM160A2
Q8N668	COMMD1
Q8N684	CPSF7
Q8N697	SLC15A4
Q8N6G5	CSGALNACT2
Q8N6I1	EID2
Q8N6M3	FITM2
Q8N6N3	C1orf52
Q8N6Q8	METTL25
Q8N6R0	METTL13
Q8N6V9	TEX9
Q8N6Y1	PCDH20
Q8N720	ZNF655
Q8N726	CDKN2A
Q8N7F7	UBL4B
Q8N7H5	PAF1
Q8N7R7	CCNYL1
Q8N806	UBR7
Q8N8A6	DDX51
Q8N8D1	PDCD7
Q8N8E3	CEP112
Q8N8J7	C4orf32
Q8N8L6	ARL10
Q8N8R3	SLC25A29
Q8N8R7	ARL14EP
Q8N8S7	ENAH
Q8N8V4	ANKS4B
Q8N8X9	MAB21L3
Q8N8Z6	DCBLD1
Q8N954	GPATCH11
Q8N961	ABTB2
Q8N972	ZNF709
Q8N9B5	JMY
Q8N9F8	ZNF454
Q8N9L9	ACOT4
Q8N9M5	TMEM102
Q8N9U0	TC2N
Q8NA58	PNLDC1
Q8NAF0	ZNF579
Q8NAJ2	C9orf106
Q8NAT1	POMGNT2
Q8NAX2	KDF1
Q8NB12	SMYD1
Q8NB14	USP38
Q8NB37	PDDC1
Q8NB46	ANKRD52
Q8NB50	ZFP62
Q8NB90	SPATA5
Q8NBA8	DTWD2
Q8NBE8	KLHL23
Q8NBF2	NHLRC2
Q8NBI6	XXYLT1
Q8NBJ4	GOLM1
Q8NBJ5	COLGALT1
Q8NBK3	SUMF1
Q8NBL1	POGLUT1
Q8NBM4	UBAC2
Q8NBM8	PCYOX1L
Q8NBN7	RDH13
Q8NBP0	TTC13
Q8NBP5	MFSD9
Q8NBQ5	HSD17B11
Q8NBR0	TP53I13
Q8NBS9	TXNDC5
Q8NBT2	SPC24
Q8NBU5	ATAD1
Q8NBW4	SLC38A9
Q8NBY1	STK26
Q8NBZ7	UXS1
Q8NC24	RELL2
Q8NC42	RNF149
Q8NC51	SERBP1
Q8NC54	KCT2
Q8NC56	LEMD2
Q8NC60	NOA1
Q8NC67	NETO2
Q8NCA5	FAM98A
Q8NCB2	CAMKV
Q8NCD3	HJURP
Q8NCE0	TSEN2
Q8NCG7	DAGLB
Q8NCH0	CHST14
Q8NCL4	GALNT6
Q8NCM8	DYNC2H1
Q8NCN4	RNF169
Q8NCN5	PDPR
Q8NCS7	SLC44A5
Q8NCT3	KIAA0895
Q8NCW5	APOA1BP
Q8NCW6	GALNT11
Q8ND04	SMG8
Q8ND24	RNF214
Q8ND30	PPFIBP2
Q8ND56	LSM14A
Q8ND71	GIMAP8
Q8ND76	CCNY
Q8ND82	ZNF280C
Q8ND90	PNMA1
Q8NDC0	MAPK1IP1L
Q8NDC4	MORN4
Q8NDL9	AGBL5
Q8NDN9	RCBTB1
Q8NDT2	RBM15B
Q8NDV1	ST6GALNAC3
Q8NDV7	TNRC6A
Q8NDX5	PHC3
Q8NDZ2	SIMC1
Q8NDZ4	C3orf58
Q8NE01	CNNM3
Q8NE62	CHDH
Q8NE79	BVES
Q8NE86	MCU
Q8NEA9	GMCL1P1
Q8NEB9	PIK3C3
Q8NEL9	DDHD1
Q8NEM2	SHCBP1
Q8NEM7	SUPT20H
Q8NEN9	PDZD8
Q8NET8	TRPV3
Q8NEW0	SLC30A7
Q8NEX9	SDR9C7
Q8NEY8	PPHLN1
Q8NEZ2	VPS37A
Q8NEZ3	WDR19
Q8NEZ4	KMT2C
Q8NEZ5	FBXO22
Q8NF37	LPCAT1
Q8NF99	ZNF397
Q8NFF5	FLAD1
Q8NFG4	FLCN
Q8NFH3	NUP43
Q8NFH4	NUP37
Q8NFH5	NUP35
Q8NFJ9	BBS1
Q8NFP7	NUDT10
Q8NFP9	NBEA
Q8NFQ8	TOR1AIP2
Q8NFW8	CMAS
Q8NFY4	SEMA6D
Q8NFY9	KBTBD8
Q8NFZ4	NLGN2
Q8NFZ8	CADM4
Q8NG27	PJA1
Q8NG31	CASC5
Q8NG48	LINS
Q8NG76	OR2T33
Q8NG81	OR2M7
Q8NGA1	OR1M1
Q8NGD1	OR4N2
Q8NGK3	OR52K2
Q8NGR4	OR5C1
Q8NHG7	SVIP
Q8NHH9	ATL2
Q8NHP8	PLBD2
Q8NHQ8	RASSF8
Q8NHS3	MFSD8
Q8NHU6	TDRD7
Q8NHV4	NEDD1
Q8NHY2	RFWD2
Q8NHZ8	CDC26
Q8NI22	MCFD2
Q8NI27	THOC2
Q8NI36	WDR36
Q8NI60	ADCK3
Q8TAA9	VANGL1
Q8TAD4	SLC30A5
Q8TAE6	PPP1R14C
Q8TAE8	GADD45GIP1
Q8TAF3	WDR48
Q8TAG9	EXOC6
Q8TAM1	BBS10
Q8TAQ2	SMARCC2
Q8TB37	NUBPL
Q8TB52	FBXO30
Q8TB61	SLC35B2
Q8TB96	ITFG1
Q8TBA6	GOLGA5
Q8TBC4	UBA3
Q8TBF4	ZCRB1
Q8TBF8	FAM81A
Q8TBG4	ETNPPL
Q8TBM8	DNAJB14
Q8TBP5	FAM174A
Q8TBP6	SLC25A40
Q8TBR4	STAG3L4
Q8TBR7	FAM57A
Q8TBX8	PIP4K2C
Q8TC07	TBC1D15
Q8TC12	RDH11
Q8TC76	FAM110B
Q8TC92	ENOX1
Q8TCA0	LRRC20
Q8TCC3	MRPL30
Q8TCE6	FAM45A
Q8TCG1	KIAA1524
Q8TCG2	PI4K2B
Q8TCJ0	FBXO25
Q8TCS8	PNPT1
Q8TCT0	CERK
Q8TCT6	SPPL3
Q8TCT7	SPPL2B
Q8TCX1	DYNC2LI1
Q8TCX5	RHPN1
Q8TD16	BICD2
Q8TD17	ZNF398
Q8TD20	SLC2A12
Q8TD30	GPT2
Q8TD43	TRPM4
Q8TD55	PLEKHO2
Q8TDB4	MGARP
Q8TDD1	DDX54
Q8TDL5	BPIFB1
Q8TDM6	DLG5
Q8TDN4	CABLES1
Q8TDN6	BRIX1
Q8TDP1	RNASEH2C
Q8TDR0	TRAF3IP1
Q8TDV0	GPR151
Q8TDW0	LRRC8C
Q8TDW4	ST7L
Q8TDW7	FAT3
Q8TDX6	CSGALNACT1
Q8TDY2	RB1CC1
Q8TDY4	ASAP3
Q8TDZ2	MICAL1
Q8TE23	TAS1R2
Q8TE49	OTUD7A
Q8TE69	CXorf40A
Q8TE76	MORC4
Q8TEA1	NSUN6
Q8TEA8	DTD1
Q8TEB1	DCAF11
Q8TEC5	SH3RF2
Q8TED0	UTP15
Q8TED1	GPX8
Q8TEJ3	SH3RF3
Q8TEL6	TRPC4AP
Q8TEM1	NUP210
Q8TEQ0	SNX29
Q8TEQ6	GEMIN5
Q8TER5	ARHGEF40
Q8TES7	FBF1
Q8TEV9	SMCR8
Q8TEW0	PARD3
Q8TEX9	IPO4
Q8TEY7	USP33
Q8TF05	PPP4R1
Q8TF30	WHAMM
Q8TF32	ZNF431
Q8TF39	ZNF483
Q8TF42	UBASH3B
Q8TF46	DIS3L
Q8TF65	GIPC2
Q8TF66	LRRC15
Q8TF71	SLC16A10
Q8TF74	WIPF2
Q8TF76	GSG2
Q8WTQ7	GRK7
Q8WTR4	GDPD5
Q8WTS1	ABHD5
Q8WTS6	SETD7
Q8WTT2	NOC3L
Q8WTX7	GATSL3
Q8WU67	ABHD3
Q8WU76	SCFD2
Q8WU90	ZC3H15
Q8WUA2	PPIL4
Q8WUA4	GTF3C2
Q8WUB2	FAM216A
Q8WUF5	PPP1R13L
Q8WUF8	FAM172A
Q8WUH6	TMEM263
Q8WUJ1	CYB5D2
Q8WUK0	PTPMT1
Q8WUM0	NUP133
Q8WUM4	PDCD6IP
Q8WUM9	SLC20A1
Q8WUN7	UBTD2
Q8WUQ7	CACTIN
Q8WUW1	BRK1
Q8WUY1	THEM6
Q8WUY8	NAT14
Q8WUY9	DEPDC1B
Q8WUZ0	BCL7C
Q8WV16	DCAF4
Q8WV22	NSMCE1
Q8WV41	SNX33
Q8WVC0	LEO1
Q8WVC2	RPS21
Q8WVC6	DCAKD
Q8WVD3	RNF138
Q8WVI0	SMIM4
Q8WVJ9	TWIST2
Q8WVM0	TFB1M
Q8WVM7	STAG1
Q8WVM8	SCFD1
Q8WVP5	TNFAIP8L1
Q8WVP7	LMBR1
Q8WVR3	C7orf43
Q8WVT3	TRAPPC12
Q8WVV4	POF1B
Q8WVV5	BTN2A2
Q8WVX3	C4orf3
Q8WVX9	FAR1
Q8WVZ7	RNF133
Q8WVZ9	KBTBD7
Q8WW01	TSEN15
Q8WW12	PCNP
Q8WW22	DNAJA4
Q8WWC4	C2orf47
Q8WWF6	DNAJB3
Q8WWH5	TRUB1
Q8WWK9	CKAP2
Q8WWL2	SPIRE2
Q8WWM7	ATXN2L
Q8WWR8	NEU4
Q8WWY3	PRPF31
Q8WWZ1	IL1F10
Q8WX77	IGFBPL1
Q8WX92	NELFB
Q8WX93	PALLD
Q8WXA3	RUFY2
Q8WXA9	SREK1
Q8WXB1	METTL21A
Q8WXD5	GEMIN6
Q8WXF1	PSPC1
Q8WXG1	RSAD2
Q8WXG9	GPR98
Q8WXH0	SYNE2
Q8WXW3	PIBF1
Q8WXX5	DNAJC9
Q8WY07	SLC7A3
Q8WY54	PPM1E
Q8WYA0	IFT81
Q8WYA6	CTNNBL1
Q8WYL5	SSH1
Q8WYP3	RIN2
Q8WYP5	AHCTF1
Q8WYQ9	ZCCHC14
Q92466	DDB2
Q92485	SMPDL3B
Q92520	FAM3C
Q92522	H1FX
Q92526	CCT6B
Q92536	SLC7A6
Q92537	SUSD6
Q92538	GBF1
Q92539	LPIN2
Q92541	RTF1
Q92542	NCSTN
Q92545	TMEM131
Q92551	IP6K1
Q92558	WASF1
Q92567	FAM168A
Q92569	PIK3R3
Q92572	AP3S1
Q92574	TSC1
Q92575	UBXN4
Q92576	PHF3
Q92585	MAML1
Q92597	NDRG1
Q92598	HSPH1
Q92600	RQCD1
Q92604	LPGAT1
Q92609	TBC1D5
Q92610	ZNF592
Q92611	EDEM1
Q92614	MYO18A
Q92616	GCN1L1
Q92618	ZNF516
Q92620	DHX38
Q92621	NUP205
Q92622	KIAA0226
Q92624	APPBP2
Q92625	ANKS1A
Q92626	PXDN
Q92628	KIAA0232
Q92629	SGCD
Q92630	DYRK2
Q92633	LPAR1
Q92636	NSMAF
Q92643	PIGK
Q92665	MRPS31
Q92667	AKAP1
Q92673	SORL1
Q92685	ALG3
Q92688	ANP32B
Q92692	PVRL2
Q92696	RABGGTA
Q92729	PTPRU
Q92733	PRCC
Q92743	HTRA1
Q92747	ARPC1A
Q92759	GTF2H4
Q92764	KRT35
Q92769	HDAC2
Q92783	STAM
Q92784	DPF3
Q92786	PROX1
Q92791	LEPREL4
Q92793	CREBBP
Q92796	DLG3
Q92797	SYMPK
Q92802	N4BP2L2
Q92804	TAF15
Q92820	GGH
Q92824	PCSK5
Q92828	CORO2A
Q92831	KAT2B
Q92838	EDA
Q92843	BCL2L2
Q92844	TANK
Q92859	NEO1
Q92878	RAD50
Q92887	ABCC2
Q92889	ERCC4
Q92890	UFD1L
Q92896	GLG1
Q92900	UPF1
Q92905	COPS5
Q92908	GATA6
Q92922	SMARCC1
Q92925	SMARCD2
Q92934	BAD
Q92963	RIT1
Q92968	PEX13
Q92973	TNPO1
Q92979	EMG1
Q92990	GLMN
Q92993	KAT5
Q93034	CUL5
Q93045	STMN2
Q93050	ATP6V0A1
Q93052	LPP
Q93063	EXT2
Q93074	MED12
Q93075	TATDN2
Q93077	HIST1H2AC
Q93084	ATP2A3
Q93088	BHMT
Q93096	PTP4A1
Q95460	MR1
Q969E2	SCAMP4
Q969E3	UCN3
Q969E8	TSR2
Q969F1	GTF3C6
Q969G3	SMARCE1
Q969H6	POP5
Q969H8	MYDGF
Q969I3	GLYATL1
Q969J5	IL22RA2
Q969L4	LSM10
Q969M2	GJA10
Q969M3	YIPF5
Q969N2	PIGT
Q969P0	IGSF8
Q969R5	L3MBTL2
Q969R8	ITFG2
Q969S3	ZNF622
Q969S9	GFM2
Q969U6	FBXW5
Q969V3	NCLN
Q969V5	MUL1
Q969X5	ERGIC1
Q969X6	CIRH1A
Q969Y2	GTPBP3
Q969Z0	TBRG4
Q969Z4	RELT
Q96A19	CCDC102A
Q96A29	SLC35C1
Q96A32	MYLPF
Q96A33	CCDC47
Q96A35	MRPL24
Q96A47	ISL2
Q96A49	SYAP1
Q96A65	EXOC4
Q96A72	MAGOHB
Q96A73	KIAA1191
Q96A83	COL26A1
Q96AA3	RFT1
Q96AC1	FERMT2
Q96AD5	PNPLA2
Q96AE4	FUBP1
Q96AG3	SLC25A46
Q96AG4	LRRC59
Q96AN5	TMEM143
Q96AQ6	PBXIP1
Q96AY3	FKBP10
Q96B23	C18orf25
Q96B26	EXOSC8
Q96B36	AKT1S1
Q96B77	TMEM186
Q96B97	SH3KBP1
Q96BA8	CREB3L1
Q96BD8	SKA1
Q96BH1	RNF25
Q96BI3	APH1A
Q96BN2	TADA1
Q96BN8	OTULIN
Q96BP2	CHCHD1
Q96BR5	COA7
Q96BR6	ZNF669
Q96BT3	CENPT
Q96BU1	S100PBP
Q96BV0	ZNF775
Q96BW5	PTER
Q96BW9	TAMM41
Q96BY7	ATG2B
Q96C00	ZBTB9
Q96C01	FAM136A
Q96C19	EFHD2
Q96C23	GALM
Q96C28	ZNF707
Q96C34	RUNDC1
Q96C36	PYCR2
Q96C86	DCPS
Q96C90	PPP1R14B
Q96CB8	INTS12
Q96CB9	NSUN4
Q96CG3	TIFA
Q96CM3	RPUSD4
Q96CN4	EVI5L
Q96CN5	LRRC45
Q96CN7	ISOC1
Q96CN9	GCC1
Q96CP6	GRAMD1A
Q96CP7	TLCD1
Q96CS2	HAUS1
Q96CS3	FAF2
Q96CS4	ZNF689
Q96CT2	KLHL29
Q96CT7	CCDC124
Q96CU9	FOXRED1
Q96CV9	OPTN
Q96CW1	AP2M1
Q96CW5	TUBGCP3
Q96CX2	KCTD12
Q96D05	C10orf35
Q96D09	GPRASP2
Q96D31	ORAI1
Q96D53	ADCK4
Q96D71	REPS1
Q96D98	EID2B
Q96DA2	RAB39B
Q96DE5	ANAPC16
Q96DF8	DGCR14
Q96DG6	CMBL
Q96DH6	MSI2
Q96DI7	SNRNP40
Q96DN2	VWCE
Q96DR5	BPIFA2
Q96DR7	ARHGEF26
Q96DT6	ATG4C
Q96DT7	ZBTB10
Q96DU9	PABPC5
Q96DV4	MRPL38
Q96DX4	RSPRY1
Q96DY2	IQCD
Q96DZ1	ERLEC1
Q96E09	FAM122A
Q96E14	RMI2
Q96E22	NUS1
Q96E29	MTERF3
Q96E35	ZMYND19
Q96E52	OMA1
Q96EA4	SPDL1
Q96EB6	SIRT1
Q96EC8	YIPF6
Q96ED9	HOOK2
Q96EE3	SEH1L
Q96EG1	ARSG
Q96EH3	MALSU1
Q96EI5	TCEAL4
Q96EK4	THAP11
Q96EL2	MRPS24
Q96EL3	MRPL53
Q96EN8	MOCOS
Q96ER3	SAAL1
Q96ER9	CCDC51
Q96ES6	MFSD3
Q96ES7	CCDC101
Q96EU7	C1GALT1C1
Q96EV2	RBM33
Q96EV8	DTNBP1
Q96EX3	WDR34
Q96EY1	DNAJA3
Q96EY7	PTCD3
Q96EY8	MMAB
Q96EZ8	MCRS1
Q96F07	CYFIP2
Q96F25	ALG14
Q96F44	TRIM11
Q96F45	ZNF503
Q96F46	IL17RA
Q96F86	EDC3
Q96FC9	DDX11
Q96FE5	LINGO1
Q96FH0	MEF2BNB
Q96FJ2	DYNLL2
Q96FK6	WDR89
Q96FL8	SLC47A1
Q96FN4	CPNE2
Q96FQ6	S100A16
Q96FS4	SIPA1
Q96FV9	THOC1
Q96FX8	PERP
Q96FZ2	HMCES
Q96FZ7	CHMP6
Q96G03	PGM2
Q96G23	CERS2
Q96G25	MED8
Q96G46	DUS3L
Q96G75	RMND5B
Q96G97	BSCL2
Q96GA3	LTV1
Q96GD4	AURKB
Q96GE4	CEP95
Q96GE9	TMEM261
Q96GF1	RNF185
Q96GJ1	TRMT2B
Q96GK7	FAHD2A
Q96GM5	SMARCD1
Q96GM8	TOE1
Q96GN5	CDCA7L
Q96GP6	SCARF2
Q96GQ7	DDX27
Q96GS4	C17orf59
Q96GV9	C5orf30
Q96GW9	MARS2
Q96GX5	MASTL
Q96GX8	C16orf74
Q96GX9	APIP
Q96GY3	LIN37
Q96H20	SNF8
Q96H22	CENPN
Q96H55	MYO19
Q96H79	ZC3HAV1L
Q96H86	ZNF764
Q96HA1	POM121
Q96HA4	C1orf159
Q96HA7	TONSL
Q96HC4	PDLIM5
Q96HD1	CRELD1
Q96HE7	ERO1L
Q96HE9	PRR11
Q96HI0	SENP5
Q96HJ9	C7orf55
Q96HN2	AHCYL2
Q96HQ2	CDKN2AIPNL
Q96HR3	MED30
Q96HR8	NAF1
Q96HR9	REEP6
Q96HS1	PGAM5
Q96HW7	INTS4
Q96HY6	DDRGK1
Q96HY7	DHTKD1
Q96I24	FUBP3
Q96I25	RBM17
Q96I51	WBSCR16
Q96I59	NARS2
Q96I99	SUCLG2
Q96IC2	44M2.3
Q96IF1	AJUBA
Q96IJ6	GMPPA
Q96IK5	GMCL1
Q96IR2	ZNF845
Q96IT1	ZNF496
Q96IU4	ABHD14B
Q96IV0	NGLY1
Q96IW2	SHD
Q96IX5	USMG5
Q96IZ0	PAWR
Q96J01	THOC3
Q96J02	ITCH
Q96J84	KIRREL
Q96JA1	LRIG1
Q96JB3	HIC2
Q96JB5	CDK5RAP3
Q96JC9	EAF1
Q96JG6	CCDC132
Q96JG8	MAGED4
Q96JH7	VCPIP1
Q96JH8	RADIL
Q96JI7	SPG11
Q96JJ7	TMX3
Q96JK2	DCAF5
Q96JK4	HHIPL1
Q96JM3	CHAMP1
Q96JM7	L3MBTL3
Q96JN2	CCDC136
Q96JQ0	DCHS1
Q96JQ2	CLMN
Q96JX3	SERAC1
Q96K19	RNF170
Q96K37	SLC35E1
Q96K58	ZNF668
Q96K76	USP47
Q96K80	ZC3H10
Q96KA5	CLPTM1L
Q96KC2	ARL5B
Q96KC8	DNAJC1
Q96KF7	SMIM8
Q96KN3	PKNOX2
Q96KP1	EXOC2
Q96KP4	CNDP2
Q96KQ4	PPP1R13B
Q96KR1	ZFR
Q96KR6	FAM210B
Q96L15	ART5
Q96L34	MARK4
Q96L46	CAPNS2
Q96L50	LRR1
Q96L58	B3GALT6
Q96L91	EP400
Q96L92	SNX27
Q96L93	KIF16B
Q96LA8	PRMT6
Q96LB3	IFT74
Q96LI5	CNOT6L
Q96LL9	DNAJC30
Q96LT9	RNPC3
Q96LW7	C9orf89
Q96M27	PRRC1
Q96MD7	C9orf85
Q96MG7	NDNL2
Q96MH6	TMEM68
Q96MH7	C5orf34
Q96MM3	ZFP42
Q96MM7	HS6ST2
Q96MX3	ZNF48
Q96MX6	WDR92
Q96MZ4	FAM218A
Q96N06	SPATA33
Q96N66	MBOAT7
Q96N67	DOCK7
Q96NB2	SFXN2
Q96NB3	ZNF830
Q96ND0	FAM210A
Q96NE9	FRMD6
Q96NL6	SCLT1
Q96NT0	CCDC115
Q96NT5	SLC46A1
Q96P11	NSUN5
Q96P16	RPRD1A
Q96P47	AGAP3
Q96P48	ARAP1
Q96P50	ACAP3
Q96P63	SERPINB12
Q96P70	IPO9
Q96PB1	CASD1
Q96PD2	DCBLD2
Q96PE2	ARHGEF17
Q96PK6	RBM14
Q96PU4	UHRF2
Q96PU5	NEDD4L
Q96PU8	QKI
Q96PV6	LENG8
Q96PY6	NEK1
Q96PZ0	PUS7
Q96Q05	TRAPPC9
Q96Q07	BTBD9
Q96Q15	SMG1
Q96Q42	ALS2
Q96QA5	GSDMA
Q96QC0	PPP1R10
Q96QD8	SLC38A2
Q96QD9	FYTTD1
Q96QE3	ATAD5
Q96QE5	TEFM
Q96QF0	RAB3IP
Q96QG7	MTMR9
Q96QK1	VPS35
Q96QR8	PURB
Q96QT4	TRPM7
Q96QU6	ACCS
Q96QU8	XPO6
Q96QZ7	MAGI1
Q96R06	SPAG5
Q96RD2	OR52B2
Q96RE7	NACC1
Q96RF0	SNX18
Q96RG2	PASK
Q96RL7	VPS13A
Q96RN5	MED15
Q96RP9	GFM1
Q96RQ1	ERGIC2
Q96RQ3	MCCC1
Q96RR1	PEO1
Q96RR4	CAMKK2
Q96RS0	TGS1
Q96RS6	NUDCD1
Q96RT7	TUBGCP6
Q96RY5	CRAMP1L
Q96RY7	IFT140
Q96S06	LMF1
Q96S44	TP53RK
Q96S52	PIGS
Q96S53	TESK2
Q96S55	WRNIP1
Q96S59	RANBP9
Q96S82	UBL7
Q96S94	CCNL2
Q96SB3	PPP1R9B
Q96SB4	SRPK1
Q96SB8	SMC6
Q96SF2	CCT8L2
Q96SI1	KCTD15
Q96SI9	STRBP
Q96SK2	TMEM209
Q96SL8	FIZ1
Q96SN8	CDK5RAP2
Q96SQ9	CYP2S1
Q96ST8	CEP89
Q96SZ6	CDK5RAP1
Q96T17	MAP7D2
Q96T21	SECISBP2
Q96T51	RUFY1
Q96T58	SPEN
Q96T76	MMS19
Q96TA2	YME1L1
Q96TC7	RMDN3
Q99081	TCF12
Q99417	MYCBP
Q99424	ACOX2
Q99436	PSMB7
Q99442	SEC62
Q99459	CDC5L
Q99460	PSMD1
Q99470	SDF2
Q99471	PFDN5
Q99496	RNF2
Q99497	PARK7
Q99504	EYA3
Q99519	NEU1
Q99523	SORT1
Q99536	VAT1
Q99538	LGMN
Q99543	DNAJC2
Q99567	NUP88
Q99569	PKP4
Q99570	PIK3R4
Q99575	POP1
Q99576	TSC22D3
Q99584	S100A13
Q99592	ZBTB18
Q99595	TIMM17A
Q99598	TSNAX
Q99613	EIF3C
Q99614	TTC1
Q99615	DNAJC7
Q99618	CDCA3
Q99623	PHB2
Q99627	COPS8
Q99640	PKMYT1
Q99653	CHP1
Q99661	KIF2C
Q99665	IL12RB2
Q99666	RGPD5
Q99675	CGRRF1
Q99676	ZNF184
Q99697	PITX2
Q99707	MTR
Q99714	HSD17B10
Q99720	SIGMAR1
Q99733	NAP1L4
Q99735	MGST2
Q99741	CDC6
Q99742	NPAS1
Q99743	NPAS2
Q99747	NAPG
Q99757	TXN2
Q99767	APBA2
Q99797	MIPEP
Q99805	TM9SF2
Q99808	SLC29A1
Q99832	CCT7
Q99835	SMO
Q99856	ARID3A
Q99871	HAUS7
Q99935	PROL1
Q99941	ATF6B
Q99942	RNF5
Q99943	AGPAT1
Q99956	DUSP9
Q99959	PKP2
Q99961	SH3GL1
Q99973	TEP1
Q99996	AKAP9
Q9BPU6	DPYSL5
Q9BPW8	NIPSNAP1
Q9BPX3	NCAPG
Q9BPX5	ARPC5L
Q9BPZ3	PAIP2
Q9BPZ7	MAPKAP1
Q9BQ04	RBM4B
Q9BQ15	NABP2
Q9BQ39	DDX50
Q9BQ50	TREX2
Q9BQ52	ELAC2
Q9BQ61	C19orf43
Q9BQ67	GRWD1
Q9BQ70	TCF25
Q9BQ75	CMSS1
Q9BQ87	TBL1Y
Q9BQ90	KLHDC3
Q9BQ95	ECSIT
Q9BQA1	WDR77
Q9BQA9	C17orf62
Q9BQC3	DPH2
Q9BQC6	MRPL57
Q9BQE9	BCL7B
Q9BQG0	MYBBP1A
Q9BQG2	NUDT12
Q9BQI0	AIF1L
Q9BQK8	LPIN3
Q9BQP7	MGME1
Q9BQQ3	GORASP1
Q9BQS8	FYCO1
Q9BQT8	SLC25A21
Q9BQT9	CLSTN3
Q9BR76	CORO1B
Q9BRA2	TXNDC17
Q9BRB3	PIGQ
Q9BRD0	BUD13
Q9BRG1	VPS25
Q9BRJ6	C7orf50
Q9BRJ7	NUDT16L1
Q9BRK4	LZTS2
Q9BRL6	SRSF8
Q9BRN9	TM2D3
Q9BRP1	PDCD2L
Q9BRP4	PAAF1
Q9BRR3	TMEM246
Q9BRR6	ADPGK
Q9BRR8	GPATCH1
Q9BRS2	RIOK1
Q9BRT6	LLPH
Q9BRT8	CBWD1
Q9BRT9	GINS4
Q9BRU9	UTP23
Q9BRV8	SIKE1
Q9BRX2	PELO
Q9BRX5	GINS3
Q9BRX8	FAM213A
Q9BRX9	WDR83
Q9BS18	ANAPC13
Q9BS26	ERP44
Q9BS34	ZNF670
Q9BSC4	NOL10
Q9BSF4	C19orf52
Q9BSG0	PRADC1
Q9BSJ8	ESYT1
Q9BSK2	SLC25A33
Q9BSL1	UBAC1
Q9BSM1	PCGF1
Q9BSU3	NAA11
Q9BT09	CNPY3
Q9BT17	MTG1
Q9BT25	HAUS8
Q9BT40	INPP5K
Q9BT43	POLR3GL
Q9BT67	NDFIP1
Q9BT73	PSMG3
Q9BT78	COPS4
Q9BT92	TCHP
Q9BTC0	DIDO1
Q9BTE1	DCTN5
Q9BTE3	MCMBP
Q9BTL3	FAM103A1
Q9BTN0	LRFN3
Q9BTT0	ANP32E
Q9BTT6	LRRC1
Q9BTV4	TMEM43
Q9BTV6	DPH7
Q9BTV7	CABLES2
Q9BTX1	NDC1
Q9BTX3	TMEM208
Q9BTY2	FUCA2
Q9BTY7	HGH1
Q9BTZ2	DHRS4
Q9BU02	THTPA
Q9BU23	LMF2
Q9BU61	NDUFAF3
Q9BU70	C9orf156
Q9BU76	MMTAG2
Q9BUA3	C11orf84
Q9BUB7	TMEM70
Q9BUE6	ISCA1
Q9BUF5	TUBB6
Q9BUG6	ZSCAN5A
Q9BUH6	C9orf142
Q9BUI4	POLR3C
Q9BUJ0	ABHD14A
Q9BUJ2	HNRNPUL1
Q9BUK6	MSTO1
Q9BUL8	PDCD10
Q9BUL9	RPP25
Q9BUN5	CCDC28B
Q9BUN8	DERL1
Q9BUP0	EFHD1
Q9BUT1	BDH2
Q9BUW7	C9orf16
Q9BV10	ALG12
Q9BV20	MRI1
Q9BV23	ABHD6
Q9BV44	THUMPD3
Q9BV57	ADI1
Q9BV79	MECR
Q9BV94	EDEM2
Q9BVA0	KATNB1
Q9BVA1	TUBB2B
Q9BVC3	DSCC1
Q9BVC4	MLST8
Q9BVC6	TMEM109
Q9BVG4	PBDC1
Q9BVG9	PTDSS2
Q9BVI0	PHF20
Q9BVI4	NOC4L
Q9BVJ6	UTP14A
Q9BVK6	TMED9
Q9BVL4	SELO
Q9BVM4	GGACT
Q9BVP2	GNL3
Q9BVQ7	SPATA5L1
Q9BVS4	RIOK2
Q9BVS5	TRMT61B
Q9BVV7	TIMM21
Q9BW19	KIFC1
Q9BW27	NUP85
Q9BW60	ELOVL1
Q9BW61	DDA1
Q9BW71	HIRIP3
Q9BW72	HIGD2A
Q9BW85	CCDC94
Q9BW91	NUDT9
Q9BW92	TARS2
Q9BWD1	ACAT2
Q9BWF3	RBM4
Q9BWG4	SSBP4
Q9BWG6	SCNM1
Q9BWH6	RPAP1
Q9BWJ5	SF3B5
Q9BWL3	C1orf43
Q9BWN1	PRR14
Q9BWS9	CHID1
Q9BWT3	PAPOLG
Q9BWT7	CARD10
Q9BWW4	SSBP3
Q9BX10	GTPBP2
Q9BX40	LSM14B
Q9BX63	BRIP1
Q9BX67	JAM3
Q9BX68	HINT2
Q9BX70	BTBD2
Q9BXA7	TSSK1B
Q9BXB1	LGR4
Q9BXB4	OSBPL11
Q9BXC9	BBS2
Q9BXF9	TEKT3
Q9BXH1	BBC3
Q9BXI9	C1QTNF6
Q9BXM7	PINK1
Q9BXP2	SLC12A9
Q9BXP5	SRRT
Q9BXR0	QTRT1
Q9BXR5	TLR10
Q9BXS4	TMEM59
Q9BXS5	AP1M1
Q9BXS6	NUSAP1
Q9BXU2	TEX13B
Q9BXV9	C14orf142
Q9BXW7	CECR5
Q9BXW9	FANCD2
Q9BXY0	MAK16
Q9BY32	ITPA
Q9BY50	SEC11C
Q9BY71	LRRC3
Q9BY77	POLDIP3
Q9BY89	KIAA1671
Q9BYB4	GNB1L
Q9BYC2	OXCT2
Q9BYC5	FUT8
Q9BYC8	MRPL32
Q9BYC9	MRPL20
Q9BYD1	MRPL13
Q9BYD2	MRPL9
Q9BYD6	MRPL1
Q9BYE7	PCGF6
Q9BYG3	NIFK
Q9BYG4	PARD6G
Q9BYG5	PARD6B
Q9BYJ9	YTHDF1
Q9BYK2	RPS21
Q9BYN8	MRPS26
Q9BYT8	NLN
Q9BZ23	PANK2
Q9BZ68	FRMD8P1
Q9BZ76	CNTNAP3
Q9BZD4	NUF2
Q9BZE1	MRPL37
Q9BZE4	GTPBP4
Q9BZE9	ASPSCR1
Q9BZF1	OSBPL8
Q9BZF3	OSBPL6
Q9BZF9	UACA
Q9BZG8	DPH1
Q9BZH6	WDR11
Q9BZI7	UPF3B
Q9BZJ0	CRNKL1
Q9BZK3	NACAP1
Q9BZL6	PRKD2
Q9BZM4	ULBP3
Q9BZM5	ULBP2
Q9BZW8	CD244
Q9BZZ5	API5
Q9C002	NMES1
Q9C005	DPY30
Q9C035	TRIM5
Q9C056	NKX6-2
Q9C073	FAM117A
Q9C091	GREB1L
Q9C099	LRRCC1
Q9C0B7	TANGO6
Q9C0C2	TNKS1BP1
Q9C0C4	SEMA4C
Q9C0C6	CIPC
Q9C0C7	AMBRA1
Q9C0C9	UBE2O
Q9C0D2	CEP295
Q9C0D3	ZYG11B
Q9C0E2	XPO4
Q9C0E8	LNP
Q9C0F1	CEP44
Q9C0H2	TTYH3
Q9C0H5	ARHGAP39
Q9C0I3	CCSER1
Q9C0J8	WDR33
Q9C0K7	STRADB
Q9GZL7	WDR12
Q9GZM8	NDEL1
Q9GZN1	ACTR6
Q9GZN8	C20orf27
Q9GZP4	PITHD1
Q9GZP9	DERL2
Q9GZR1	SENP6
Q9GZR2	REXO4
Q9GZR5	ELOVL4
Q9GZS1	POLR1E
Q9GZT3	SLIRP
Q9GZT4	SRR
Q9GZT8	NIF3L1
Q9GZT9	EGLN1
Q9GZU3	TMEM39B
Q9GZU8	FAM192A
Q9GZV1	ANKRD2
Q9GZV5	WWTR1
Q9GZY0	NXF2
Q9GZY4	COA1
Q9GZZ8	LACRT
Q9H040	SPRTN
Q9H061	TMEM126A
Q9H069	LRRC48
Q9H074	PAIP1
Q9H078	CLPB
Q9H079	KATNBL1
Q9H081	MIS12
Q9H089	LSG1
Q9H0A0	NAT10
Q9H0A8	COMMD4
Q9H0B6	KLC2
Q9H0C5	BTBD1
Q9H0C8	ILKAP
Q9H0D6	XRN2
Q9H0E2	TOLLIP
Q9H0E3	SAP130
Q9H0H5	RACGAP1
Q9H0I2	ENKD1
Q9H0I9	TKTL2
Q9H0K1	SIK2
Q9H0L4	CSTF2T
Q9H0M0	WWP1
Q9H0Q3	FXYD6
Q9H0R6	QRSL1
Q9H0S4	DDX47
Q9H0U4	RAB1B
Q9H0U6	MRPL18
Q9H0U9	TSPYL1
Q9H0V9	LMAN2L
Q9H0W8	SMG9
Q9H0X4	ITFG3
Q9H116	GZF1
Q9H173	SIL1
Q9H1A3	METTL9
Q9H1A4	ANAPC1
Q9H1B5	XYLT2
Q9H1B7	IRF2BPL
Q9H1C3	GLT8D2
Q9H1C4	UNC93B1
Q9H1E1	RNASE7
Q9H1E3	NUCKS1
Q9H1E5	TMX4
Q9H1I8	ASCC2
Q9H1R3	MYLK2
Q9H1Z9	TSPAN10
Q9H221	ABCG8
Q9H223	EHD4
Q9H228	S1PR5
Q9H246	C1orf21
Q9H257	CARD9
Q9H269	VPS16
Q9H293	IL25
Q9H2C0	GAN
Q9H2C1	LHX5
Q9H2D6	TRIOBP
Q9H2G2	SLK
Q9H2G4	TSPYL2
Q9H2G9	BLZF1
Q9H2H8	PPIL3
Q9H2H9	SLC38A1
Q9H2J4	PDCL3
Q9H2U1	DHX36
Q9H2U2	PPA2
Q9H2V7	SPNS1
Q9H2W6	MRPL46
Q9H307	PNN
Q9H334	FOXP1
Q9H336	CRISPLD1
Q9H339	OR51B5
Q9H3D4	TP63
Q9H3F6	KCTD10
Q9H3G5	CPVL
Q9H3K2	GHITM
Q9H3K6	BOLA2
Q9H3M7	TXNIP
Q9H3N1	TMX1
Q9H3P7	ACBD3
Q9H3R5	CENPH
Q9H3S5	PIGM
Q9H3S7	PTPN23
Q9H3U1	UNC45A
Q9H3Z4	DNAJC5
Q9H410	DSN1
Q9H425	C1orf198
Q9H444	CHMP4B
Q9H488	POFUT1
Q9H490	PIGU
Q9H497	TOR3A
Q9H4A4	RNPEP
Q9H4A6	GOLPH3
Q9H4B6	SAV1
Q9H4B7	TUBB1
Q9H4F8	SMOC1
Q9H4G4	GLIPR2
Q9H4L4	SENP3
Q9H4L5	OSBPL3
Q9H4L7	SMARCAD1
Q9H4P4	RNF41
Q9H501	ESF1
Q9H503	BANF2
Q9H582	ZNF644
Q9H583	HEATR1
Q9H5H4	ZNF768
Q9H5J8	TAF1D
Q9H5N1	RABEP2
Q9H5Q4	TFB2M
Q9H5V9	CXorf56
Q9H5Z1	DHX35
Q9H611	PIF1
Q9H649	NSUN3
Q9H672	ASB7
Q9H6A9	PCNXL3
Q9H6E4	CCDC134
Q9H6E5	TUT1
Q9H6F5	CCDC86
Q9H6K1	C6orf106
Q9H6K5	PRR36
Q9H6Q4	NARFL
Q9H6R0	DHX33
Q9H6R4	NOL6
Q9H6R7	C2orf44
Q9H6S0	YTHDC2
Q9H6T3	RPAP3
Q9H6U6	BCAS3
Q9H6X2	ANTXR1
Q9H6Y7	RNF167
Q9H706	GAREM
Q9H773	DCTPP1
Q9H788	SH2D4A
Q9H792	PEAK1
Q9H7B2	RPF2
Q9H7C4	SYNC
Q9H7C9	AAMDC
Q9H7H0	METTL17
Q9H7J1	PPP1R3E
Q9H7N4	SCAF1
Q9H7S9	ZNF703
Q9H7U1	CCSER2
Q9H7X3	ZNF696
Q9H7X7	IFT22
Q9H7Z6	KAT8
Q9H813	TMEM206
Q9H814	PHAX
Q9H819	DNAJC18
Q9H845	ACAD9
Q9H857	NT5DC2
Q9H871	RMND5A
Q9H875	PRKRIP1
Q9H8E8	CSRP2BP
Q9H8G1	ZNF430
Q9H8G2	CAAP1
Q9H8H0	NOL11
Q9H8H2	DDX31
Q9H8M2	BRD9
Q9H8M5	CNNM2
Q9H8M7	FAM188A
Q9H8N7	ZNF395
Q9H8T0	AKTIP
Q9H8V3	ECT2
Q9H8X2	IPPK
Q9H8Y8	GORASP2
Q9H910	HN1L
Q9H936	SLC25A22
Q9H967	WDR76
Q9H974	QTRTD1
Q9H977	WDR54
Q9H981	ACTR8
Q9H987	SYNPO2L
Q9H992	MARCH7
Q9H993	ARMT1
Q9H9A5	CNOT10
Q9H9A6	LRRC40
Q9H9B4	SFXN1
Q9H9D4	ZNF408
Q9H9F9	ACTR5
Q9H9G7	AGO3
Q9H9H4	VPS37B
Q9H9J2	MRPL44
Q9H9L3	ISG20L2
Q9H9P8	L2HGDH
Q9H9Q2	COPS7B
Q9H9S3	SEC61A2
Q9H9S5	FKRP
Q9H9T3	ELP3
Q9H9V9	JMJD4
Q9H9Y2	RPF1
Q9H9Y4	GPN2
Q9H9Y6	POLR1B
Q9HA64	FN3KRP
Q9HA92	RSAD1
Q9HAB8	PPCS
Q9HAC7	SUGCT
Q9HAF1	MEAF6
Q9HAI6	CXorf21
Q9HAN9	NMNAT1
Q9HAP6	LIN7B
Q9HAS0	C17orf75
Q9HAT2	SIAE
Q9HAU0	PLEKHA5
Q9HAU4	SMURF2
Q9HAU8	RNPEPL1
Q9HAV0	GNB4
Q9HAV4	XPO5
Q9HAV5	EDA2R
Q9HAV7	GRPEL1
Q9HAW7	UGT1A7
Q9HAY2	MAGEF1
Q9HB07	C12orf10
Q9HB20	PLEKHA3
Q9HB40	SCPEP1
Q9HB66	MKKS
Q9HB71	CACYBP
Q9HB90	RRAGC
Q9HBD4	SMARCA4
Q9HBE1	PATZ1
Q9HBG6	IFT122
Q9HBH0	RHOF
Q9HBH1	PDF
Q9HBH5	RDH14
Q9HBI5	C3orf14
Q9HBK9	AS3MT
Q9HBM1	SPC25
Q9HBM6	TAF9B
Q9HBR0	SLC38A10
Q9HBU9	POPDC2
Q9HBV1	POPDC3
Q9HC07	TMEM165
Q9HC21	SLC25A19
Q9HC35	EML4
Q9HC36	RNMTL1
Q9HC38	GLOD4
Q9HC44	GPBP1L1
Q9HC62	SENP2
Q9HC73	CRLF2
Q9HC77	CENPJ
Q9HC84	MUC5B
Q9HCB6	SPON1
Q9HCC0	MCCC2
Q9HCD5	NCOA5
Q9HCE1	MOV10
Q9HCG8	CWC22
Q9HCH0	NCKAP5L
Q9HCI5	MAGEE1
Q9HCJ0	TNRC6C
Q9HCJ3	RAVER2
Q9HCK1	ZDBF2
Q9HCK5	AGO4
Q9HCK8	CHD8
Q9HCL0	PCDH18
Q9HCM2	PLXNA4
Q9HCM4	EPB41L5
Q9HCM9	TRIM39
Q9HCN3	TMEM8A
Q9HCN4	GPN1
Q9HCN8	SDF2L1
Q9HCQ7	NPVF
Q9HCS2	CYP4F12
Q9HCS7	XAB2
Q9HCU4	CELSR2
Q9HCU5	PREB
Q9HCY8	S100A14
Q9HD15	SRA1
Q9HD20	ATP13A1
Q9HD23	MRS2
Q9HD26	GOPC
Q9HD33	MRPL47
Q9HD34	LYRM4
Q9HD45	TM9SF3
Q9HD47	RANGRF
Q9HD90	NEUROD4
Q9HDC5	JPH1
Q9HDC9	APMAP
Q9NNW5	WDR6
Q9NNX1	TUFT1
Q9NP55	BPIFA1
Q9NP58	ABCB6
Q9NP61	ARFGAP3
Q9NP66	HMG20A
Q9NP72	RAB18
Q9NP73	ALG13
Q9NP77	SSU72
Q9NP78	ABCB9
Q9NP79	VTA1
Q9NP92	MRPS30
Q9NP97	DYNLRB1
Q9NPA0	EMC7
Q9NPA8	ENY2
Q9NPB8	GPCPD1
Q9NPE2	NGRN
Q9NPF0	CD320
Q9NPF2	CHST11
Q9NPF4	OSGEP
Q9NPF5	DMAP1
Q9NPG1	FZD3
Q9NPG4	PCDH12
Q9NPH2	ISYNA1
Q9NPI6	DCP1A
Q9NPJ3	ACOT13
Q9NPJ6	MED4
Q9NPL8	TIMMDC1
Q9NPQ8	RIC8A
Q9NQ11	ATP13A2
Q9NQ29	LUC7L
Q9NQ34	TMEM9B
Q9NQ48	LZTFL1
Q9NQ50	MRPL40
Q9NQ76	MEPE
Q9NQ79	CRTAC1
Q9NQ92	COPRS
Q9NQC3	RTN4
Q9NQG5	RPRD1B
Q9NQG6	MIEF1
Q9NQH7	XPNPEP3
Q9NQL2	RRAGD
Q9NQP4	PFDN4
Q9NQR4	NIT2
Q9NQS3	PVRL3
Q9NQT4	EXOSC5
Q9NQT5	EXOSC3
Q9NQT8	KIF13B
Q9NQU5	PAK6
Q9NQW6	ANLN
Q9NQW7	XPNPEP1
Q9NQX3	GPHN
Q9NQX4	MYO5C
Q9NQX7	ITM2C
Q9NQY0	BIN3
Q9NQZ2	UTP3
Q9NQZ5	STARD7
Q9NQZ7	ENTPD7
Q9NR12	PDLIM7
Q9NR20	DYRK4
Q9NR28	DIABLO
Q9NR31	SAR1A
Q9NR33	POLE4
Q9NR45	NANS
Q9NR50	EIF2B3
Q9NR81	ARHGEF3
Q9NRA1	PDGFC
Q9NRB3	CHST12
Q9NRD1	FBXO6
Q9NRD5	PICK1
Q9NRE2	TSHZ2
Q9NRF8	CTPS2
Q9NRF9	POLE3
Q9NRG4	SMYD2
Q9NRG7	SDR39U1
Q9NRG9	AAAS
Q9NRH1	YAE1D1
Q9NRH2	SNRK
Q9NRI5	DISC1
Q9NRJ4	TULP4
Q9NRK6	ABCB10
Q9NRL2	BAZ1A
Q9NRM6	IL17RB
Q9NRN7	AASDHPPT
Q9NRP4	SDHAF3
Q9NRR3	CDC42SE2
Q9NRR5	UBQLN4
Q9NRR6	INPP5E
Q9NRU3	CNNM1
Q9NRV9	HEBP1
Q9NRW3	APOBEC3C
Q9NRW7	VPS45
Q9NRX1	PNO1
Q9NRX2	MRPL17
Q9NRX5	SERINC1
Q9NRY2	INIP
Q9NRY4	ARHGAP35
Q9NRY5	FAM114A2
Q9NRZ5	AGPAT4
Q9NRZ7	AGPAT3
Q9NRZ9	HELLS
Q9NS00	C1GALT1
Q9NS56	TOPORS
Q9NS69	TOMM22
Q9NS84	CHST7
Q9NS86	LANCL2
Q9NS91	RAD18
Q9NSB8	HOMER2
Q9NSD9	FARSB
Q9NSE4	IARS2
Q9NSG2	C1orf112
Q9NSI2	FAM207A
Q9NSK0	KLC4
Q9NSV4	DIAPH3
Q9NSY1	BMP2K
Q9NSY2	STARD5
Q9NT22	EMILIN3
Q9NT62	ATG3
Q9NTI5	PDS5B
Q9NTJ3	SMC4
Q9NTJ4	MAN2C1
Q9NTJ5	SACM1L
Q9NTU7	CBLN4
Q9NTX5	ECHDC1
Q9NU19	TBC1D22B
Q9NU22	MDN1
Q9NU53	GINM1
Q9NUB1	ACSS1
Q9NUD5	ZCCHC3
Q9NUD7	C20orf96
Q9NUE0	ZDHHC18
Q9NUG6	PDRG1
Q9NUJ1	ABHD10
Q9NUL3	STAU2
Q9NUL5	C19orf66
Q9NUL7	DDX28
Q9NUP1	BLOC1S4
Q9NUP7	TRMT13
Q9NUP9	LIN7C
Q9NUQ2	AGPAT5
Q9NUQ3	TXLNG
Q9NUQ7	UFSP2
Q9NUQ8	ABCF3
Q9NUT2	ABCB8
Q9NUY8	TBC1D23
Q9NV31	IMP3
Q9NV56	MRGBP
Q9NV64	TMEM39A
Q9NV66	TYW1
Q9NV70	EXOC1
Q9NV79	PCMTD2
Q9NV92	NDFIP2
Q9NV96	TMEM30A
Q9NVA1	UQCC1
Q9NVA4	TMEM184C
Q9NVC6	MED17
Q9NVD7	PARVA
Q9NVE7	PANK4
Q9NVF7	FBXO28
Q9NVH0	EXD2
Q9NVH1	DNAJC11
Q9NVH2	INTS7
Q9NVH6	TMLHE
Q9NVI7	ATAD3A
Q9NVJ2	ARL8B
Q9NVK5	FGFR1OP2
Q9NVM4	PRMT7
Q9NVP1	DDX18
Q9NVP2	ASF1B
Q9NVQ4	FAIM
Q9NVR0	KLHL11
Q9NVR5	DNAAF2
Q9NVR7	TBCCD1
Q9NVS2	MRPS18A
Q9NVT9	ARMC1
Q9NVU0	POLR3E
Q9NVU7	SDAD1
Q9NVV4	MTPAP
Q9NVV5	AIG1
Q9NVW2	RLIM
Q9NVX2	NLE1
Q9NVX7	KBTBD4
Q9NVZ3	NECAP2
Q9NW07	ZNF358
Q9NW08	POLR3B
Q9NW13	RBM28
Q9NW61	PLEKHJ1
Q9NW64	RBM22
Q9NW75	GPATCH2
Q9NW81	ATP5SL
Q9NW82	WDR70
Q9NWB7	IFT57
Q9NWH2	TMEM242
Q9NWH9	SLTM
Q9NWK9	ZNHIT6
Q9NWL6	ASNSD1
Q9NWM3	CUEDC1
Q9NWM8	FKBP14
Q9NWN3	FBXO34
Q9NWQ8	PAG1
Q9NWQ9	C14orf119
Q9NWS0	PIH1D1
Q9NWS6	FAM118A
Q9NWS9	ZNF446
Q9NWT1	PAK1IP1
Q9NWT6	HIF1AN
Q9NWU2	GID8
Q9NWU5	MRPL22
Q9NWV4	C1orf123
Q9NWV8	BABAM1
Q9NWW5	CLN6
Q9NWZ5	UCKL1
Q9NWZ8	GEMIN8
Q9NX00	TMEM160
Q9NX07	TRNAU1AP
Q9NX08	COMMD8
Q9NX14	NDUFB11
Q9NX20	MRPL16
Q9NX24	NHP2
Q9NX36	DNAJC28
Q9NX40	OCIAD1
Q9NX46	ADPRHL2
Q9NX55	HYPK
Q9NX58	LYAR
Q9NX62	IMPAD1
Q9NX76	CMTM6
Q9NXB9	ELOVL2
Q9NXC5	MIOS
Q9NXD2	MTMR10
Q9NXF1	TEX10
Q9NXF7	DCAF16
Q9NXG2	THUMPD1
Q9NXH9	TRMT1
Q9NXK8	FBXL12
Q9NXL2	ARHGEF38
Q9NXL9	MCM9
Q9NXR1	NDE1
Q9NXR7	BRE
Q9NXR8	ING3
Q9NXS2	QPCTL
Q9NXU5	ARL15
Q9NXV2	KCTD5
Q9NXV6	CDKN2AIP
Q9NXW2	DNAJB12
Q9NXX6	NSMCE4A
Q9NY12	GAR1
Q9NY35	CLDND1
Q9NY72	SCN3B
Q9NY91	SLC5A4
Q9NY93	DDX56
Q9NY97	B3GNT2
Q9NYA4	MTMR4
Q9NYB0	TERF2IP
Q9NYF3	FAM53C
Q9NYF8	BCLAF1
Q9NYH9	UTP6
Q9NYJ1	COA4
Q9NYJ8	TAB2
Q9NYK5	MRPL39
Q9NYL2	ZAK
Q9NYL9	TMOD3
Q9NYP7	ELOVL5
Q9NYQ7	CELSR3
Q9NYR9	NKIRAS2
Q9NYS0	NKIRAS1
Q9NYU1	UGGT2
Q9NYU2	UGGT1
Q9NYV4	CDK12
Q9NYW8	RBAK
Q9NYY1	IL20
Q9NYY8	FASTKD2
Q9NYZ3	GTSE1
Q9NZ01	TECR
Q9NZ08	ERAP1
Q9NZ09	UBAP1
Q9NZ32	ACTR10
Q9NZ43	USE1
Q9NZ45	CISD1
Q9NZ53	PODXL2
Q9NZ63	C9orf78
Q9NZ71	RTEL1
Q9NZB2	FAM120A
Q9NZC7	WWOX
Q9NZE8	MRPL35
Q9NZG7	NINJ2
Q9NZH8	IL36G
Q9NZI2	KCNIP1
Q9NZI6	TFCP2L1
Q9NZI7	UBP1
Q9NZI8	IGF2BP1
Q9NZJ5	EIF2AK3
Q9NZJ9	NUDT4
Q9NZL4	HSPBP1
Q9NZL6	RGL1
Q9NZM3	ITSN2
Q9NZM5	GLTSCR2
Q9NZN8	CNOT2
Q9NZQ0	DNAJC27
Q9NZQ3	NCKIPSD
Q9NZR1	TMOD2
Q9NZR2	LRP1B
Q9NZR4	VSX1
Q9NZT1	CALML5
Q9NZT2	OGFR
Q9NZU0	FLRT3
Q9NZU1	FLRT1
Q9NZW5	MPP6
Q9NZZ3	CHMP5
Q9P000	COMMD9
Q9P013	CWC15
Q9P015	MRPL15
Q9P031	CCDC59
Q9P032	NDUFAF4
Q9P035	HACD3
Q9P086	MED11
Q9P0B6	CCDC167
Q9P0I2	EMC3
Q9P0J0	NDUFA13
Q9P0J1	PDP1
Q9P0J6	MRPL36
Q9P0J7	KCMF1
Q9P0K7	RAI14
Q9P0L0	VAPA
Q9P0M2	AKAP7
Q9P0M6	H2AFY2
Q9P0M9	MRPL27
Q9P0N9	TBC1D7
Q9P0P0	RNF181
Q9P0R6	GSKIP
Q9P0U3	SENP1
Q9P0U4	CXXC1
Q9P0V3	SH3BP4
Q9P0W2	HMG20B
Q9P107	GMIP
Q9P1U1	ACTR3B
Q9P1W3	TMEM63C
Q9P1Y5	CAMSAP3
Q9P1Z0	ZBTB4
Q9P1Z2	CALCOCO1
Q9P206	KIAA1522
Q9P215	POGK
Q9P219	CCDC88C
Q9P244	LRFN1
Q9P253	VPS18
Q9P255	ZNF492
Q9P258	RCC2
Q9P265	DIP2B
Q9P270	SLAIN2
Q9P273	TENM3
Q9P278	FNIP2
Q9P287	BCCIP
Q9P2B2	PTGFRN
Q9P2D1	CHD7
Q9P2D3	HEATR5B
Q9P2E7	PCDH10
Q9P2E9	RRBP1
Q9P2G9	KLHL8
Q9P2H3	IFT80
Q9P2I0	CPSF2
Q9P2J3	KLHL9
Q9P2J8	ZNF624
Q9P2K2	TXNDC16
Q9P2K3	RCOR3
Q9P2K6	KLHL42
Q9P2M4	TBC1D14
Q9P2M7	CGN
Q9P2N5	RBM27
Q9P2N7	KLHL13
Q9P2P1	NYNRIN
Q9P2Q2	FRMD4A
Q9P2R3	ANKFY1
Q9P2W9	STX18
Q9P2X0	DPM3
Q9P2Y5	UVRAG
Q9UBB4	ATXN10
Q9UBB6	NCDN
Q9UBB9	TFIP11
Q9UBC1	NFKBIL1
Q9UBC2	EPS15L1
Q9UBC7	GALP
Q9UBD5	ORC3
Q9UBE0	SAE1
Q9UBF2	COPG2
Q9UBG0	MRC2
Q9UBG3	CRNN
Q9UBG7	RBPJL
Q9UBH6	XPR1
Q9UBI1	COMMD3
Q9UBI4	STOML1
Q9UBI6	GNG12
Q9UBK7	RABL2A
Q9UBK9	UXT
Q9UBQ5	EIF3K
Q9UBQ6	EXTL2
Q9UBQ7	GRHPR
Q9UBR2	CTSZ
Q9UBS0	RPS6KB2
Q9UBS3	DNAJB9
Q9UBS4	DNAJB11
Q9UBS9	SUCO
Q9UBT2	UBA2
Q9UBT3	DKK4
Q9UBT6	POLK
Q9UBT7	CTNNAL1
Q9UBU6	FAM8A1
Q9UBU7	DBF4
Q9UBU9	NXF1
Q9UBV2	SEL1L
Q9UBV7	B4GALT7
Q9UBV8	PEF1
Q9UBW7	ZMYM2
Q9UBW8	COPS7A
Q9UBX3	SLC25A10
Q9UBY5	LPAR3
Q9UBZ4	APEX2
Q9UBZ9	REV1
Q9UC06	ZNF70
Q9UDR5	AASS
Q9UDT6	CLIP2
Q9UDV7	ZNF282
Q9UDW1	UQCR10
Q9UDW3	ZMAT5
Q9UDX5	MTFP1
Q9UDY4	DNAJB4
Q9UEG4	ZNF629
Q9UET6	FTSJ1
Q9UEU0	VTI1B
Q9UEW3	MARCO
Q9UEY8	ADD3
Q9UF56	FBXL17
Q9UFC0	LRWD1
Q9UFD9	RIMBP3
Q9UFN0	NIPSNAP3A
Q9UFW8	CGGBP1
Q9UG56	PISD
Q9UG63	ABCF2
Q9UGI0	ZRANB1
Q9UGI9	PRKAG3
Q9UGJ1	TUBGCP4
Q9UGN5	PARP2
Q9UGP4	LIMD1
Q9UGP8	SEC63
Q9UGQ3	SLC2A6
Q9UGU0	TCF20
Q9UGV2	NDRG3
Q9UH03	SEPT3
Q9UH62	ARMCX3
Q9UH99	SUN2
Q9UHA2	SS18L2
Q9UHA4	LAMTOR3
Q9UHB6	LIMA1
Q9UHB7	AFF4
Q9UHB9	SRP68
Q9UHC7	MKRN1
Q9UHD0	IL19
Q9UHD1	CHORDC1
Q9UHD8	SEPT9
Q9UHD9	UBQLN2
Q9UHF1	EGFL7
Q9UHF3	NAT8B
Q9UHG0	DCDC2
Q9UHG2	PCSK1N
Q9UHG3	PCYOX1
Q9UHG9	RHAG
Q9UHI6	DDX20
Q9UHK0	NUFIP1
Q9UHN6	TMEM2
Q9UHQ7	WBP5
Q9UHQ9	CYB5R1
Q9UHR4	BAIAP2L1
Q9UHR6	ZNHIT2
Q9UHV9	PFDN2
Q9UHW5	GPN3
Q9UHX1	PUF60
Q9UHY1	NRBP1
Q9UHY7	ENOPH1
Q9UI08	EVL
Q9UI09	NDUFA12
Q9UI10	EIF2B4
Q9UI12	ATP6V1H
Q9UI26	IPO11
Q9UI30	TRMT112
Q9UI36	DACH1
Q9UI43	FTSJ2
Q9UID3	VPS51
Q9UII2	ATPIF1
Q9UII4	HERC5
Q9UIJ7	AK3
Q9UIL1	SCOC
Q9UIQ6	LNPEP
Q9UIU6	SIX4
Q9UIV1	CNOT7
Q9UIV8	SERPINB13
Q9UIW2	PLXNA1
Q9UJ04	TSPYL4
Q9UJ14	GGT7
Q9UJ42	GPR160
Q9UJ70	NAGK
Q9UJ71	CD207
Q9UJ83	HACL1
Q9UJA5	TRMT6
Q9UJC3	HOOK1
Q9UJC5	SH3BGRL2
Q9UJD0	RIMS3
Q9UJK0	TSR3
Q9UJM3	ERRFI1
Q9UJN7	ZNF391
Q9UJP4	KLHL21
Q9UJS0	SLC25A13
Q9UJU5	FOXD3
Q9UJU6	DBNL
Q9UJV9	DDX41
Q9UJW0	DCTN4
Q9UJX2	CDC23
Q9UJX3	ANAPC7
Q9UJX4	ANAPC5
Q9UJX5	ANAPC4
Q9UJX6	ANAPC2
Q9UJZ1	STOML2
Q9UK13	ZNF221
Q9UK22	FBXO2
Q9UK28	TMEM59L
Q9UK39	CCRN4L
Q9UK41	VPS28
Q9UK45	LSM7
Q9UK59	DBR1
Q9UK61	FAM208A
Q9UK73	FEM1B
Q9UK76	HN1
Q9UK96	FBXO10
Q9UK99	FBXO3
Q9UKA1	FBXL5
Q9UKA4	AKAP11
Q9UKD2	MRTO4
Q9UKF6	CPSF3
Q9UKG1	APPL1
Q9UKI8	TLK1
Q9UKJ3	GPATCH8
Q9UKK6	NXT1
Q9UKL0	RCOR1
Q9UKM7	MAN1B1
Q9UKM9	RALY
Q9UKN8	GTF3C4
Q9UKR5	C14orf1
Q9UKT7	FBXL3
Q9UKT8	FBXW2
Q9UKU6	TRHDE
Q9UKU7	ACAD8
Q9UKV5	AMFR
Q9UKV8	AGO2
Q9UKX2	MYH2
Q9UKX7	NUP50
Q9UKY4	POMT2
Q9UKY7	CDV3
Q9UKZ1	CNOT11
Q9UKZ9	PCOLCE2
Q9UL01	DSE
Q9UL03	INTS6
Q9UL15	BAG5
Q9UL25	RAB21
Q9UL42	PNMA2
Q9UL54	TAOK2
Q9UL62	TRPC5
Q9UL63	MKLN1
Q9ULD0	OGDHL
Q9ULD5	ZNF777
Q9ULE6	PALD1
Q9ULF5	SLC39A10
Q9ULG1	INO80
Q9ULG6	CCPG1
Q9ULH4	LRFN2
Q9ULH7	MKL2
Q9ULJ3	ZBTB21
Q9ULJ8	PPP1R9A
Q9ULK5	VANGL2
Q9ULL5	PRR12
Q9ULM2	ZNF490
Q9ULM3	YEATS2
Q9ULM6	CNOT6
Q9ULR0	ISY1
Q9ULR3	PPM1H
Q9ULR5	PAIP2B
Q9ULV4	CORO1C
Q9ULV5	HSF4
Q9ULW0	TPX2
Q9ULW3	ABT1
Q9ULW8	PADI3
Q9ULX3	NOB1
Q9UM13	ANAPC10
Q9UM22	EPDR1
Q9UM47	NOTCH3
Q9UM54	MYO6
Q9UMR2	DDX19B
Q9UMR7	CLEC4A
Q9UMS0	NFU1
Q9UMS4	PRPF19
Q9UMW8	USP18
Q9UMX0	UBQLN1
Q9UMX1	SUFU
Q9UMX5	NENF
Q9UMY1	NOL7
Q9UMZ2	SYNRG
Q9UN36	NDRG2
Q9UN70	PCDHGC3
Q9UN72	PCDHA7
Q9UN76	SLC6A14
Q9UN81	L1RE1
Q9UN86	G3BP2
Q9UNE7	STUB1
Q9UNF0	PACSIN2
Q9UNF1	MAGED2
Q9UNG2	TNFSF18
Q9UNH7	SNX6
Q9UNI6	DUSP12
Q9UNK0	STX8
Q9UNK9	ANGEL1
Q9UNL2	SSR3
Q9UNL4	ING4
Q9UNM6	PSMD13
Q9UNN5	FAF1
Q9UNN8	PROCR
Q9UNP9	PPIE
Q9UNQ2	DIMT1
Q9UNS2	COPS3
Q9UNW1	MINPP1
Q9UNX3	RPL26L1
Q9UNX4	WDR3
Q9UNY4	TTF2
Q9UNZ2	NSFL1C
Q9UP52	TFR2
Q9UP95	SLC12A4
Q9UPI3	FLVCR2
Q9UPM8	AP4E1
Q9UPN4	CEP131
Q9UPN7	PPP6R1
Q9UPN9	TRIM33
Q9UPQ0	LIMCH1
Q9UPQ8	DOLK
Q9UPQ9	TNRC6B
Q9UPR3	SMG5
Q9UPT6	MAPK8IP3
Q9UPT8	ZC3H4
Q9UPT9	USP22
Q9UPU5	USP24
Q9UPU7	TBC1D2B
Q9UPU9	SAMD4A
Q9UPV0	CEP164
Q9UPW6	SATB2
Q9UPY3	DICER1
Q9UPY5	SLC7A11
Q9UPZ3	HPS5
Q9UQ07	MOK
Q9UQ26	RIMS2
Q9UQ35	SRRM2
Q9UQ49	NEU3
Q9UQ53	MGAT4B
Q9UQ80	PA2G4
Q9UQ84	EXO1
Q9UQ90	SPG7
Q9UQB8	BAIAP2
Q9UQC2	GAB2
Q9UQE7	SMC3
Q9UQL6	HDAC5
Q9UQR1	ZNF148
Q9Y219	JAG2
Q9Y221	NIP7
Q9Y224	C14orf166
Q9Y227	ENTPD4
Q9Y230	RUVBL2
Q9Y232	CDYL
Q9Y234	LIPT1
Q9Y237	PIN4
Q9Y241	HIGD1A
Q9Y250	LZTS1
Q9Y252	RNF6
Q9Y253	POLH
Q9Y255	PRELID1
Q9Y263	PLAA
Q9Y265	RUVBL1
Q9Y266	NUDC
Q9Y275	TNFSF13B
Q9Y277	VDAC3
Q9Y281	CFL2
Q9Y285	FARSA
Q9Y287	ITM2B
Q9Y289	SLC5A6
Q9Y291	MRPS33
Q9Y294	ASF1A
Q9Y295	DRG1
Q9Y296	TRAPPC4
Q9Y297	BTRC
Q9Y2A7	NCKAP1
Q9Y2A9	B3GNT3
Q9Y2B1	TMEM5
Q9Y2B5	VPS9D1
Q9Y2C4	EXOG
Q9Y2D5	AKAP2
Q9Y2D8	SSX2IP
Q9Y2G5	POFUT2
Q9Y2G8	DNAJC16
Q9Y2H0	DLGAP4
Q9Y2H1	STK38L
Q9Y2H6	FNDC3A
Q9Y2H9	MAST1
Q9Y2I1	NISCH
Q9Y2I6	NINL
Q9Y2J0	RPH3A
Q9Y2J2	EPB41L3
Q9Y2J4	AMOTL2
Q9Y2K1	ZBTB1
Q9Y2K2	SIK3
Q9Y2K6	USP20
Q9Y2L1	DIS3
Q9Y2M2	SSUH2
Q9Y2M5	KLHL20
Q9Y2P4	SLC27A6
Q9Y2P8	RCL1
Q9Y2Q3	GSTK1
Q9Y2Q5	LAMTOR2
Q9Y2Q9	MRPS28
Q9Y2R0	COA3
Q9Y2R4	DDX52
Q9Y2R9	MRPS7
Q9Y2S7	POLDIP2
Q9Y2T1	AXIN2
Q9Y2T2	AP3M1
Q9Y2T5	GPR52
Q9Y2U5	MAP3K2
Q9Y2U8	LEMD3
Q9Y2U9	KLHDC2
Q9Y2V2	CARHSP1
Q9Y2W1	THRAP3
Q9Y2X0	MED16
Q9Y2X3	NOP58
Q9Y2X9	ZNF281
Q9Y2Y1	POLR3K
Q9Y2Y8	PRG3
Q9Y2Z0	SUGT1
Q9Y2Z2	MTO1
Q9Y2Z4	YARS2
Q9Y305	ACOT9
Q9Y314	NOSIP
Q9Y315	DERA
Q9Y316	MEMO1
Q9Y333	LSM2
Q9Y366	IFT52
Q9Y375	NDUFAF1
Q9Y376	CAB39
Q9Y383	LUC7L2
Q9Y385	UBE2J1
Q9Y388	RBMX2
Q9Y397	ZDHHC9
Q9Y399	MRPS2
Q9Y3A3	MOB4
Q9Y3A6	TMED5
Q9Y3B2	EXOSC1
Q9Y3B4	SF3B6
Q9Y3B7	MRPL11
Q9Y3B9	RRP15
Q9Y3C1	NOP16
Q9Y3C4	TPRKB
Q9Y3C6	PPIL1
Q9Y3D0	FAM96B
Q9Y3D3	MRPS16
Q9Y3D6	FIS1
Q9Y3D8	AK6
Q9Y3D9	MRPS23
Q9Y3F4	STRAP
Q9Y3I0	RTCB
Q9Y3I1	FBXO7
Q9Y3L3	SH3BP1
Q9Y3L5	RAP2C
Q9Y3M2	CBY1
Q9Y3P4	RHBDD3
Q9Y3P9	RABGAP1
Q9Y3Q3	TMED3
Q9Y3Q8	TSC22D4
Q9Y3R4	NEU2
Q9Y3R5	DOPEY2
Q9Y3S2	ZNF330
Q9Y3T9	NOC2L
Q9Y3U8	RPL36
Q9Y3Z3	SAMHD1
Q9Y446	PKP3
Q9Y450	HBS1L
Q9Y458	TBX22
Q9Y463	DYRK1B
Q9Y478	PRKAB1
Q9Y484	WDR45
Q9Y487	ATP6V0A2
Q9Y490	TLN1
Q9Y4B6	VPRBP
Q9Y4C1	KDM3A
Q9Y4C2	TCAF1
Q9Y4C8	RBM19
Q9Y4D1	DAAM1
Q9Y4E1	FAM21C
Q9Y4E8	USP15
Q9Y4F5	CEP170B
Q9Y4G6	TLN2
Q9Y4H2	IRS2
Q9Y4I1	MYO5A
Q9Y4J8	DTNA
Q9Y4K1	AIM1
Q9Y4K3	TRAF6
Q9Y4L1	HYOU1
Q9Y4L5	RNF115
Q9Y4P1	ATG4B
Q9Y4R8	TELO2
Q9Y4W2	LAS1L
Q9Y4W6	AFG3L2
Q9Y4X0	AMMECR1
Q9Y4X5	ARIH1
Q9Y4Y9	LSM5
Q9Y512	SAMM50
Q9Y535	POLR3H
Q9Y547	HSPB11
Q9Y561	LRP12
Q9Y575	ASB3
Q9Y597	KCTD3
Q9Y5A6	ZSCAN21
Q9Y5A9	YTHDF2
Q9Y5B0	CTDP1
Q9Y5B6	PAXBP1
Q9Y5B8	NME7
Q9Y5B9	SUPT16H
Q9Y5E7	PCDHB2
Q9Y5F3	PCDHB1
Q9Y5F6	PCDHGC5
Q9Y5F7	PCDHGC4
Q9Y5G0	PCDHGB5
Q9Y5G2	PCDHGB2
Q9Y5G6	PCDHGA7
Q9Y5G7	PCDHGA6
Q9Y5G8	PCDHGA5
Q9Y5H2	PCDHGA11
Q9Y5H3	PCDHGA10
Q9Y5H5	PCDHA9
Q9Y5H6	PCDHA8
Q9Y5I1	PCDHA11
Q9Y5I2	PCDHA10
Q9Y5I3	PCDHA1
Q9Y5I4	PCDHAC2
Q9Y5J1	UTP18
Q9Y5J7	TIMM9
Q9Y5J9	TIMM8B
Q9Y5K6	CD2AP
Q9Y5L0	TNPO3
Q9Y5L4	TIMM13
Q9Y5M8	SRPRB
Q9Y5P6	GMPPB
Q9Y5Q3	MAFB
Q9Y5Q8	GTF3C5
Q9Y5Q9	GTF3C3
Q9Y5R8	TRAPPC1
Q9Y5S2	CDC42BPB
Q9Y5S9	RBM8A
Q9Y5U2	TSSC4
Q9Y5V3	MAGED1
Q9Y5W5	WIF1
Q9Y5X3	SNX5
Q9Y5X9	LIPG
Q9Y5Y0	FLVCR1
Q9Y5Y2	NUBP2
Q9Y5Y5	PEX16
Q9Y5Z0	BACE2
Q9Y5Z4	HEBP2
Q9Y5Z7	HCFC2
Q9Y5Z9	UBIAD1
Q9Y605	MRFAP1
Q9Y608	LRRFIP2
Q9Y613	FHOD1
Q9Y617	PSAT1
Q9Y619	SLC25A15
Q9Y623	MYH4
Q9Y624	F11R
Q9Y625	GPC6
Q9Y639	NPTN
Q9Y644	RFNG
Q9Y657	SPIN1
Q9Y664	KPTN
Q9Y672	ALG6
Q9Y676	MRPS18B
Q9Y678	COPG1
Q9Y679	AUP1
Q9Y680	FKBP7
Q9Y692	GMEB1
Q9Y696	CLIC4
Q9Y697	NFS1
Q9Y6A4	CFAP20
Q9Y6A5	TACC3
Q9Y6B7	AP4B1
Q9Y6C9	MTCH2
Q9Y6D0	SELK
Q9Y6D6	ARFGEF1
Q9Y6D9	MAD1L1
Q9Y6G9	DYNC1LI1
Q9Y6I3	EPN1
Q9Y6I9	TEX264
Q9Y6J9	TAF6L
Q9Y6M0	PRSS21
Q9Y6M5	SLC30A1
Q9Y6N1	COX11
Q9Y6N5	SQRDL
Q9Y6N9	USH1C
Q9Y6Q3	ZFP37
Q9Y6U3	SCIN
Q9Y6W5	WASF2
Q9Y6X3	MAU2
Q9Y6X5	ENPP4
Q9Y6Y8	SEC23IP
Q9Y6Z7	COLEC10
R4GMR5	PSMD8
R4GMU6	APC
R4GMX3	COMMD3-BMI1
R4GMX8	RANBP10
R4GMX9	ZMAT2
R4GNB1	AASDH
R4GND1	UBE2E3
R4GNH3	PSMC3
S4R341	NOLC1
S4R360	MRPL42
S4R3E2	DNAJC12
S4R3H3	ZSWIM8
S4R3H4	ACIN1
S4R3K6	LCA5
S4R3N2	MBIP
S5FZ81	PHF10
U3KPR8	MEIS1
U3KPU7	SLC37A4
U3KPX3	CSNK1A1
U3KQ91	ADCY3
U3KQB0	POLR2F
U3KQC1	WDR18
U3KQF8	STK17B
U3KQI2	MEIS2
U3KQK0	HIST1H2BN
U3KQP1	ASNSD1
U3KQU4	CYB561D2
V9GY01	KNSTRN
V9GYL6	NAP1L3
V9GYY3	MTHFD1
V9GYY5	NOL12
V9GZ44	HSF2
V9GZ56	LSM4
W5RWE6	PXK
X6R3L3	MOB3C
X6R3N0	SLC27A3
X6R3P0	SLIT2
X6R700	CHTOP
X6R8F3	LCN2
X6R9S5	FAM188A
X6RA14	ESD
X6RCC3	SMAP2
X6RCR8	ARID4B
X6REB3	TCF3
X6RGR3	DOCK9
X6RKS3	PRNP
X6RLX0	ERC1
X6RM59	NT5C3A
