sample_id	raw_file_name	quant_type	source_column	bait_name	condition	is_control	replicate_group	keep	notes
b10494	b10494.raw	Intensity	Intensity b10494	TBC1D14	81110	N	TBC1D14__81110	Y	platewell=G07; replicate=C
b10495	b10495.raw	Intensity	Intensity b10495	VILL	81110	N	VILL__81110	Y	platewell=G06; replicate=C
b12290	b12290.raw	Intensity	Intensity b12290	YBEY	81131	N	YBEY__81131	Y	platewell=B12; replicate=B
b12292	b12292.raw	Intensity	Intensity b12292	CHL1	81131	N	CHL1__81131	Y	platewell=B10; replicate=B
b12293	b12293.raw	Intensity	Intensity b12293	MAML2	81131	N	MAML2__81131	Y	platewell=B09; replicate=B
b12294	b12294.raw	Intensity	Intensity b12294	LRIG1	81131	N	LRIG1__81131	Y	platewell=B08; replicate=B
b12295	b12295.raw	Intensity	Intensity b12295	TUBGCP5	81131	N	TUBGCP5__81131	Y	platewell=B07; replicate=B
b12297	b12297.raw	Intensity	Intensity b12297	MAGEE1	81131	N	MAGEE1__81131	Y	platewell=B05; replicate=B
b12298	b12298.raw	Intensity	Intensity b12298	PLEKHG5	81131	N	PLEKHG5__81131	Y	platewell=B04; replicate=B
b12299	b12299.raw	Intensity	Intensity b12299	OCRL	81131	N	OCRL__81131	Y	platewell=B03; replicate=B
b12300	b12300.raw	Intensity	Intensity b12300	COPG	81131	N	COPG__81131	Y	platewell=B02; replicate=B
b12301	b12301.raw	Intensity	Intensity b12301	ECT2	81131	N	ECT2__81131	Y	platewell=G02; replicate=A
b12302	b12302.raw	Intensity	Intensity b12302	NSMAF	81131	N	NSMAF__81131	Y	platewell=G03; replicate=A
b12303	b12303.raw	Intensity	Intensity b12303	GAA	81131	N	GAA__81131	Y	platewell=G04; replicate=A
b12304	b12304.raw	Intensity	Intensity b12304	SUGP2	81131	N	SUGP2__81131	Y	platewell=G05; replicate=A
b12306	b12306.raw	Intensity	Intensity b12306	PCDH12	81131	N	PCDH12__81131	Y	platewell=G09; replicate=A
b12310	b12310.raw	Intensity	Intensity b12310	IL12RB2	81131	N	IL12RB2__81131	Y	platewell=H01; replicate=A
b12311	b12311.raw	Intensity	Intensity b12311	PCDHAC2	81131	N	PCDHAC2__81131	Y	platewell=H02; replicate=A
b12312	b12312.raw	Intensity	Intensity b12312	VWCE	81131	N	VWCE__81131	Y	platewell=H04; replicate=A
b12313	b12313.raw	Intensity	Intensity b12313	ANKRD18A	81131	N	ANKRD18A__81131	Y	platewell=H05; replicate=A
b12315	b12315.raw	Intensity	Intensity b12315	CRAMP1L	81131	N	CRAMP1L__81131	Y	platewell=H07; replicate=A
b12316	b12316.raw	Intensity	Intensity b12316	FAM120A	81131	N	FAM120A__81131	Y	platewell=H08; replicate=A
b12318	b12318.raw	Intensity	Intensity b12318	MYO6	81131	N	MYO6__81131	Y	platewell=H10; replicate=A
b12319	b12319.raw	Intensity	Intensity b12319	A2M	81131	N	A2M__81131	Y	platewell=H11; replicate=A
b12325	b12325.raw	Intensity	Intensity b12325	COBL	81131	N	COBL__81131	Y	platewell=D10; replicate=B
b12326	b12326.raw	Intensity	Intensity b12326	LARS	81131	N	LARS__81131	Y	platewell=D09; replicate=B
b12327	b12327.raw	Intensity	Intensity b12327	NOL8	81131	N	NOL8__81131	Y	platewell=D08; replicate=B
b12329	b12329.raw	Intensity	Intensity b12329	KRBA1	81131	N	KRBA1__81131	Y	platewell=D07; replicate=B
b12330	b12330.raw	Intensity	Intensity b12330	SEMA6D	81131	N	SEMA6D__81131	Y	platewell=D06; replicate=B
b12331	b12331.raw	Intensity	Intensity b12331	SYCP1	81131	N	SYCP1__81131	Y	platewell=D05; replicate=B
b12332	b12332.raw	Intensity	Intensity b12332	ERAP1	81131	N	ERAP1__81131	Y	platewell=D04; replicate=B
b12333	b12333.raw	Intensity	Intensity b12333	ANO6	81131	N	ANO6__81131	Y	platewell=D03; replicate=B
b12334	b12334.raw	Intensity	Intensity b12334	GANAB	81131	N	GANAB__81131	Y	platewell=D01; replicate=B
b12337	b12337.raw	Intensity	Intensity b12337	DCLRE1A	81131	N	DCLRE1A__81131	Y	platewell=F07; replicate=C
b12420	b12420.raw	Intensity	Intensity b12420	A2M	81131	N	A2M__81131	Y	platewell=H11; replicate=C
b12421	b12421.raw	Intensity	Intensity b12421	MYO6	81131	N	MYO6__81131	Y	platewell=H10; replicate=C
b12423	b12423.raw	Intensity	Intensity b12423	FAM120A	81131	N	FAM120A__81131	Y	platewell=H08; replicate=C
b12424	b12424.raw	Intensity	Intensity b12424	CRAMP1L	81131	N	CRAMP1L__81131	Y	platewell=H07; replicate=C
b12426	b12426.raw	Intensity	Intensity b12426	ANKRD18A	81131	N	ANKRD18A__81131	Y	platewell=H05; replicate=C
b12427	b12427.raw	Intensity	Intensity b12427	VWCE	81131	N	VWCE__81131	Y	platewell=H04; replicate=C
b12428	b12428.raw	Intensity	Intensity b12428	PCDHAC2	81131	N	PCDHAC2__81131	Y	platewell=H02; replicate=C
b12429	b12429.raw	Intensity	Intensity b12429	IL12RB2	81131	N	IL12RB2__81131	Y	platewell=H01; replicate=C
b12600	b12600.raw	Intensity	Intensity b12600	MAPK8IP3	81131	N	MAPK8IP3__81131	Y	platewell=B11; replicate=D
b12601	b12601.raw	Intensity	Intensity b12601	NOL8	81131	N	NOL8__81131	Y	platewell=D08; replicate=D
b12602	b12602.raw	Intensity	Intensity b12602	LARS	81131	N	LARS__81131	Y	platewell=D09; replicate=D
b12603	b12603.raw	Intensity	Intensity b12603	COBL	81131	N	COBL__81131	Y	platewell=D10; replicate=D
b12605	b12605.raw	Intensity	Intensity b12605	PPFIBP1	81131	N	PPFIBP1__81131	Y	platewell=E06; replicate=D
b12608	b12608.raw	Intensity	Intensity b12608	SUGP2	81131	N	SUGP2__81131	Y	platewell=G05; replicate=D
b13288	b13288.raw	Intensity	Intensity b13288	RPS21	81002	N	RPS21__81002	Y	platewell=G10; replicate=B
b13289	b13289.raw	Intensity	Intensity b13289	C5orf62	81002	N	C5orf62__81002	Y	platewell=G08; replicate=B
b13292	b13292.raw	Intensity	Intensity b13292	ATP5I	81002	N	ATP5I__81002	Y	platewell=G04; replicate=B
b13295	b13295.raw	Intensity	Intensity b13295	OAZ1	81002	N	OAZ1__81002	Y	platewell=F12; replicate=B
b13297	b13297.raw	Intensity	Intensity b13297	COX7C	81002	N	COX7C__81002	Y	platewell=F09; replicate=B
b13300	b13300.raw	Intensity	Intensity b13300	USMG5	81002	N	USMG5__81002	Y	platewell=F05; replicate=B
b13301	b13301.raw	Intensity	Intensity b13301	MT2A	81002	N	MT2A__81002	Y	platewell=F03; replicate=B
b13305	b13305.raw	Intensity	Intensity b13305	GNG5	81002	N	GNG5__81002	Y	platewell=H10; replicate=B
b13306	b13306.raw	Intensity	Intensity b13306	COX17	81002	N	COX17__81002	Y	platewell=H09; replicate=B
b13307	b13307.raw	Intensity	Intensity b13307	SBDSP1	81002	N	SBDSP1__81002	Y	platewell=H08; replicate=B
b13349	b13349.raw	Intensity	Intensity b13349	NBR2	81002	N	NBR2__81002	Y	platewell=E09; replicate=B
b13352	b13352.raw	Intensity	Intensity b13352	RPS28	81002	N	RPS28__81002	Y	platewell=E04; replicate=B
b13353	b13353.raw	Intensity	Intensity b13353	POLR2L	81002	N	POLR2L__81002	Y	platewell=E03; replicate=B
b13358	b13358.raw	Intensity	Intensity b13358	ATOX1	81002	N	ATOX1__81002	Y	platewell=A03; replicate=C
b13359	b13359.raw	Intensity	Intensity b13359	MTCP1NB	81002	N	MTCP1NB__81002	Y	platewell=A11; replicate=C
b13360	b13360.raw	Intensity	Intensity b13360	DEFB106A	81002	N	DEFB106A__81002	Y	platewell=B02; replicate=C
b13361	b13361.raw	Intensity	Intensity b13361	MRPL33	81002	N	MRPL33__81002	Y	platewell=B05; replicate=C
b13364	b13364.raw	Intensity	Intensity b13364	C16orf74	81002	N	C16orf74__81002	Y	platewell=C01; replicate=C
b13365	b13365.raw	Intensity	Intensity b13365	LENEP	81002	N	LENEP__81002	Y	platewell=D11; replicate=C
b13367	b13367.raw	Intensity	Intensity b13367	MT2A	81002	N	MT2A__81002	Y	platewell=F03; replicate=C
b13409	b13409.raw	Intensity	Intensity b13409	USMG5	81002	N	USMG5__81002	Y	platewell=F05; replicate=C
b13412	b13412.raw	Intensity	Intensity b13412	COX7C	81002	N	COX7C__81002	Y	platewell=F09; replicate=C
b13414	b13414.raw	Intensity	Intensity b13414	ATP5I	81002	N	ATP5I__81002	Y	platewell=G04; replicate=C
b13416	b13416.raw	Intensity	Intensity b13416	RPS21	81002	N	RPS21__81002	Y	platewell=G10; replicate=C
b13421	b13421.raw	Intensity	Intensity b13421	COX17	81002	N	COX17__81002	Y	platewell=H09; replicate=C
b13423	b13423.raw	Intensity	Intensity b13423	LST1	81002	N	LST1__81002	Y	platewell=D02; replicate=C
b13425	b13425.raw	Intensity	Intensity b13425	SEP15	81002	N	SEP15__81002	Y	platewell=A07; replicate=C
b13883	b13883.raw	Intensity	Intensity b13883	LRFN2	81130	N	LRFN2__81130	Y	platewell=B03; replicate=A
b13884	b13884.raw	Intensity	Intensity b13884	DIS3	81130	N	DIS3__81130	Y	platewell=B04; replicate=A
b13885	b13885.raw	Intensity	Intensity b13885	PCDHGB2	81130	N	PCDHGB2__81130	Y	platewell=B06; replicate=A
b13886	b13886.raw	Intensity	Intensity b13886	PCDHB1	81130	N	PCDHB1__81130	Y	platewell=B07; replicate=A
b13888	b13888.raw	Intensity	Intensity b13888	MOGS	81130	N	MOGS__81130	Y	platewell=B09; replicate=A
b13889	b13889.raw	Intensity	Intensity b13889	GABBR1	81130	N	GABBR1__81130	Y	platewell=B10; replicate=A
b13890	b13890.raw	Intensity	Intensity b13890	RABEP1	81130	N	RABEP1__81130	Y	platewell=B11; replicate=A
b13891	b13891.raw	Intensity	Intensity b13891	RASEF	81130	N	RASEF__81130	Y	platewell=E01; replicate=A
b13892	b13892.raw	Intensity	Intensity b13892	EPC2	81130	N	EPC2__81130	Y	platewell=E02; replicate=A
b13894	b13894.raw	Intensity	Intensity b13894	GTF3C4	81130	N	GTF3C4__81130	Y	platewell=E07; replicate=A
b13895	b13895.raw	Intensity	Intensity b13895	PCDHGC5	81130	N	PCDHGC5__81130	Y	platewell=E11; replicate=A
b13896	b13896.raw	Intensity	Intensity b13896	PNPT1	81130	N	PNPT1__81130	Y	platewell=F02; replicate=A
b13897	b13897.raw	Intensity	Intensity b13897	GSG2	81130	N	GSG2__81130	Y	platewell=F04; replicate=A
b13898	b13898.raw	Intensity	Intensity b13898	ARHGAP12	81130	N	ARHGAP12__81130	Y	platewell=F09; replicate=A
b13899	b13899.raw	Intensity	Intensity b13899	PHF14	81130	N	PHF14__81130	Y	platewell=F11; replicate=A
b14377	b14377.raw	Intensity	Intensity b14377	EMP3	81033PEI	N	EMP3__81033PEI	Y	platewell=E03; replicate=A
b14378	b14378.raw	Intensity	Intensity b14378	UPP1	81033PEI	N	UPP1__81033PEI	Y	platewell=E04; replicate=A
b14381	b14381.raw	Intensity	Intensity b14381	LAGE3	81033PEI	N	LAGE3__81033PEI	Y	platewell=E07; replicate=A
b14382	b14382.raw	Intensity	Intensity b14382	C4orf39	81033PEI	N	C4orf39__81033PEI	Y	platewell=E08; replicate=A
b14386	b14386.raw	Intensity	Intensity b14386	MS4A6E	81033PEI	N	MS4A6E__81033PEI	Y	platewell=E10; replicate=A
b14391	b14391.raw	Intensity	Intensity b14391	NDUFAF4	81033PEI	N	NDUFAF4__81033PEI	Y	platewell=F04; replicate=A
b14394	b14394.raw	Intensity	Intensity b14394	TWIST2	81033PEI	N	TWIST2__81033PEI	Y	platewell=F08; replicate=A
b14396	b14396.raw	Intensity	Intensity b14396	LAIR2	81033PEI	N	LAIR2__81033PEI	Y	platewell=F10; replicate=A
b14412	b14412.raw	Intensity	Intensity b14412	TNFSF18	81033PEI	N	TNFSF18__81033PEI	Y	platewell=D12; replicate=B
b14413	b14413.raw	Intensity	Intensity b14413	LEP	81033PEI	N	LEP__81033PEI	Y	platewell=D11; replicate=B
b14415	b14415.raw	Intensity	Intensity b14415	PTP4A1	81033PEI	N	PTP4A1__81033PEI	Y	platewell=D09; replicate=B
b14416	b14416.raw	Intensity	Intensity b14416	ZNHIT1	81033PEI	N	ZNHIT1__81033PEI	Y	platewell=D08; replicate=B
b14417	b14417.raw	Intensity	Intensity b14417	C9orf85	81033PEI	N	C9orf85__81033PEI	Y	platewell=D06; replicate=B
b14422	b14422.raw	Intensity	Intensity b14422	OMP	81033PEI	N	OMP__81033PEI	Y	platewell=C11; replicate=B
b14424	b14424.raw	Intensity	Intensity b14424	C6orf136	81033PEI	N	C6orf136__81033PEI	Y	platewell=C09; replicate=B
b14425	b14425.raw	Intensity	Intensity b14425	MRPL23	81033PEI	N	MRPL23__81033PEI	Y	platewell=C08; replicate=B
b14426	b14426.raw	Intensity	Intensity b14426	UBL4B	81033PEI	N	UBL4B__81033PEI	Y	platewell=C07; replicate=B
b14427	b14427.raw	Intensity	Intensity b14427	SIN3A	81033PEI	N	SIN3A__81033PEI	Y	platewell=C06; replicate=B
b14428	b14428.raw	Intensity	Intensity b14428	MORN4	81033PEI	N	MORN4__81033PEI	Y	platewell=C05; replicate=B
b14429	b14429.raw	Intensity	Intensity b14429	CGGBP1	81033PEI	N	CGGBP1__81033PEI	Y	platewell=C04; replicate=B
b14430	b14430.raw	Intensity	Intensity b14430	SPRYD7	81033PEI	N	SPRYD7__81033PEI	Y	platewell=C03; replicate=B
b14432	b14432.raw	Intensity	Intensity b14432	OTUD3	81033PEI	N	OTUD3__81033PEI	Y	platewell=C01; replicate=B
b14435	b14435.raw	Intensity	Intensity b14435	IL20	81033PEI	N	IL20__81033PEI	Y	platewell=B12; replicate=B
b14437	b14437.raw	Intensity	Intensity b14437	CST5	81033PEI	N	CST5__81033PEI	Y	platewell=B10; replicate=B
b14438	b14438.raw	Intensity	Intensity b14438	FGFR1OP2	81033PEI	N	FGFR1OP2__81033PEI	Y	platewell=B09; replicate=B
b14439	b14439.raw	Intensity	Intensity b14439	MTRF1	81033PEI	N	MTRF1__81033PEI	Y	platewell=B08; replicate=B
b14440	b14440.raw	Intensity	Intensity b14440	HBXIP	81033PEI	N	HBXIP__81033PEI	Y	platewell=B07; replicate=B
b14441	b14441.raw	Intensity	Intensity b14441	NINJ2	81033PEI	N	NINJ2__81033PEI	Y	platewell=B05; replicate=B
b14444	b14444.raw	Intensity	Intensity b14444	C2orf73	81033PEI	N	C2orf73__81033PEI	Y	platewell=B02; replicate=B
b14445	b14445.raw	Intensity	Intensity b14445	IRGM	81033PEI	N	IRGM__81033PEI	Y	platewell=B01; replicate=B
b14446	b14446.raw	Intensity	Intensity b14446	MYH7B	81033PEI	N	MYH7B__81033PEI	Y	platewell=A12; replicate=B
b14447	b14447.raw	Intensity	Intensity b14447	LMO1	81033PEI	N	LMO1__81033PEI	Y	platewell=A11; replicate=B
b14448	b14448.raw	Intensity	Intensity b14448	CST8	81033PEI	N	CST8__81033PEI	Y	platewell=A10; replicate=B
b14450	b14450.raw	Intensity	Intensity b14450	STAG3L4	81033PEI	N	STAG3L4__81033PEI	Y	platewell=A08; replicate=B
b14451	b14451.raw	Intensity	Intensity b14451	CDKN3	81033PEI	N	CDKN3__81033PEI	Y	platewell=A07; replicate=B
b14453	b14453.raw	Intensity	Intensity b14453	SPCS3	81033PEI	N	SPCS3__81033PEI	Y	platewell=A05; replicate=B
b14454	b14454.raw	Intensity	Intensity b14454	IQCF2	81033PEI	N	IQCF2__81033PEI	Y	platewell=A04; replicate=B
b14455	b14455.raw	Intensity	Intensity b14455	SSBP1	81033PEI	N	SSBP1__81033PEI	Y	platewell=A03; replicate=B
b14456	b14456.raw	Intensity	Intensity b14456	FAM9C	81033PEI	N	FAM9C__81033PEI	Y	platewell=A02; replicate=B
b14457	b14457.raw	Intensity	Intensity b14457	C1orf146	81033PEI	N	C1orf146__81033PEI	Y	platewell=A01; replicate=B
b14461	b14461.raw	Intensity	Intensity b14461	CRYAA	81033PEI	N	CRYAA__81033PEI	Y	platewell=G11; replicate=B
b14462	b14462.raw	Intensity	Intensity b14462	RGS5	81033PEI	N	RGS5__81033PEI	Y	platewell=G09; replicate=B
b14463	b14463.raw	Intensity	Intensity b14463	C9orf23	81033PEI	N	C9orf23__81033PEI	Y	platewell=G08; replicate=B
b14467	b14467.raw	Intensity	Intensity b14467	IL7	81033PEI	N	IL7__81033PEI	Y	platewell=G04; replicate=B
b14468	b14468.raw	Intensity	Intensity b14468	HINT2	81033PEI	N	HINT2__81033PEI	Y	platewell=G03; replicate=B
b14472	b14472.raw	Intensity	Intensity b14472	AVPI1	81033PEI	N	AVPI1__81033PEI	Y	platewell=H02; replicate=A
b14473	b14473.raw	Intensity	Intensity b14473	NUDT10	81033PEI	N	NUDT10__81033PEI	Y	platewell=H03; replicate=A
b14475	b14475.raw	Intensity	Intensity b14475	SRSF2	81033PEI	N	SRSF2__81033PEI	Y	platewell=H05; replicate=A
b14476	b14476.raw	Intensity	Intensity b14476	TTC9C	81033PEI	N	TTC9C__81033PEI	Y	platewell=H06; replicate=A
b14477	b14477.raw	Intensity	Intensity b14477	MGST2	81033PEI	N	MGST2__81033PEI	Y	platewell=H07; replicate=A
b14478	b14478.raw	Intensity	Intensity b14478	RNASEH2C	81033PEI	N	RNASEH2C__81033PEI	Y	platewell=H08; replicate=A
b14479	b14479.raw	Intensity	Intensity b14479	CALCA	81033PEI	N	CALCA__81033PEI	Y	platewell=H09; replicate=A
b14480	b14480.raw	Intensity	Intensity b14480	GIP	81033PEI	N	GIP__81033PEI	Y	platewell=H10; replicate=A
b14481	b14481.raw	Intensity	Intensity b14481	DLX6	81033PEI	N	DLX6__81033PEI	Y	platewell=H11; replicate=A
b14518	b14518.raw	Intensity	Intensity b14518	DLX6	81033PEI	N	DLX6__81033PEI	Y	platewell=H11; replicate=B
b14519	b14519.raw	Intensity	Intensity b14519	GIP	81033PEI	N	GIP__81033PEI	Y	platewell=H10; replicate=B
b14521	b14521.raw	Intensity	Intensity b14521	RNASEH2C	81033PEI	N	RNASEH2C__81033PEI	Y	platewell=H08; replicate=B
b14522	b14522.raw	Intensity	Intensity b14522	MGST2	81033PEI	N	MGST2__81033PEI	Y	platewell=H07; replicate=B
b14523	b14523.raw	Intensity	Intensity b14523	TTC9C	81033PEI	N	TTC9C__81033PEI	Y	platewell=H06; replicate=B
b14524	b14524.raw	Intensity	Intensity b14524	SRSF2	81033PEI	N	SRSF2__81033PEI	Y	platewell=H05; replicate=B
b14526	b14526.raw	Intensity	Intensity b14526	NUDT10	81033PEI	N	NUDT10__81033PEI	Y	platewell=H03; replicate=B
b15935	b15935.raw	Intensity	Intensity b15935	SEP15	81002	N	SEP15__81002	Y	platewell=A07; replicate=D
b15939	b15939.raw	Intensity	Intensity b15939	C16orf74	81002	N	C16orf74__81002	Y	platewell=C01; replicate=D
b18290	b18290.raw	Intensity	Intensity b18290	SREBF2	OC2116	N	SREBF2__OC2116	Y	platewell=A02; replicate=A
b18291	b18291.raw	Intensity	Intensity b18291	PICK1	OC2116	N	PICK1__OC2116	Y	platewell=A03; replicate=A
b18293	b18293.raw	Intensity	Intensity b18293	SHOX	OC2116	N	SHOX__OC2116	Y	platewell=A06; replicate=A
b18294	b18294.raw	Intensity	Intensity b18294	STRA8	OC2116	N	STRA8__OC2116	Y	platewell=A07; replicate=A
b18295	b18295.raw	Intensity	Intensity b18295	CARD16	OC2116	N	CARD16__OC2116	Y	platewell=A10; replicate=A
b18299	b18299.raw	Intensity	Intensity b18299	SLC5A1	OC2116	N	SLC5A1__OC2116	Y	platewell=B01; replicate=A
b18302	b18302.raw	Intensity	Intensity b18302	DEFB109	OC2116	N	DEFB109__OC2116	Y	platewell=B04; replicate=A
b18303	b18303.raw	Intensity	Intensity b18303	SPANXN2	OC2116	N	SPANXN2__OC2116	Y	platewell=B07; replicate=A
b18304	b18304.raw	Intensity	Intensity b18304	DEFB112	OC2116	N	DEFB112__OC2116	Y	platewell=B09; replicate=A
b18305	b18305.raw	Intensity	Intensity b18305	PREX2	OC2116	N	PREX2__OC2116	Y	platewell=B10; replicate=A
b18306	b18306.raw	Intensity	Intensity b18306	CAPN12	OC2116	N	CAPN12__OC2116	Y	platewell=B12; replicate=A
b18309	b18309.raw	Intensity	Intensity b18309	UBE2L3	OC2116	N	UBE2L3__OC2116	Y	platewell=C01; replicate=A
b18310	b18310.raw	Intensity	Intensity b18310	SNRPD3	OC2116	N	SNRPD3__OC2116	Y	platewell=C02; replicate=A
b18311	b18311.raw	Intensity	Intensity b18311	SEZ6L	OC2116	N	SEZ6L__OC2116	Y	platewell=C03; replicate=A
b18312	b18312.raw	Intensity	Intensity b18312	FAM150B	OC2116	N	FAM150B__OC2116	Y	platewell=C04; replicate=A
b18313	b18313.raw	Intensity	Intensity b18313	ESCO2	OC2116	N	ESCO2__OC2116	Y	platewell=C05; replicate=A
b18314	b18314.raw	Intensity	Intensity b18314	IGFBPL1	OC2116	N	IGFBPL1__OC2116	Y	platewell=C06; replicate=A
b18315	b18315.raw	Intensity	Intensity b18315	HSF4	OC2116	N	HSF4__OC2116	Y	platewell=C07; replicate=A
b18317	b18317.raw	Intensity	Intensity b18317	CLCA1	OC2116	N	CLCA1__OC2116	Y	platewell=C09; replicate=A
b18319	b18319.raw	Intensity	Intensity b18319	FOLR3	OC2116	N	FOLR3__OC2116	Y	platewell=C12; replicate=A
b18369	b18369.raw	Intensity	Intensity b18369	PLA2G6	OC2116	N	PLA2G6__OC2116	Y	platewell=D01; replicate=A
b18370	b18370.raw	Intensity	Intensity b18370	AP1B1	OC2116	N	AP1B1__OC2116	Y	platewell=D02; replicate=A
b18371	b18371.raw	Intensity	Intensity b18371	TST	OC2116	N	TST__OC2116	Y	platewell=D03; replicate=A
b18372	b18372.raw	Intensity	Intensity b18372	ENPP3	OC2116	N	ENPP3__OC2116	Y	platewell=D04; replicate=A
b18373	b18373.raw	Intensity	Intensity b18373	SPRR2D	OC2116	N	SPRR2D__OC2116	Y	platewell=D05; replicate=A
b18374	b18374.raw	Intensity	Intensity b18374	AWAT2	OC2116	N	AWAT2__OC2116	Y	platewell=D06; replicate=A
b18375	b18375.raw	Intensity	Intensity b18375	GPR151	OC2116	N	GPR151__OC2116	Y	platewell=D07; replicate=A
b18377	b18377.raw	Intensity	Intensity b18377	HOXA7	OC2116	N	HOXA7__OC2116	Y	platewell=D11; replicate=A
b18378	b18378.raw	Intensity	Intensity b18378	XKRY2	OC2116	N	XKRY2__OC2116	Y	platewell=D12; replicate=A
b18381	b18381.raw	Intensity	Intensity b18381	YWHAH	OC2116	N	YWHAH__OC2116	Y	platewell=E02; replicate=A
b18383	b18383.raw	Intensity	Intensity b18383	CDCP2	OC2116	N	CDCP2__OC2116	Y	platewell=E04; replicate=A
b18384	b18384.raw	Intensity	Intensity b18384	SLC5A4	OC2116	N	SLC5A4__OC2116	Y	platewell=E05; replicate=A
b18386	b18386.raw	Intensity	Intensity b18386	GUCA2A	OC2116	N	GUCA2A__OC2116	Y	platewell=E07; replicate=A
b18387	b18387.raw	Intensity	Intensity b18387	PROL1	OC2116	N	PROL1__OC2116	Y	platewell=E08; replicate=A
b18389	b18389.raw	Intensity	Intensity b18389	GJA10	OC2116	N	GJA10__OC2116	Y	platewell=E10; replicate=A
b18390	b18390.raw	Intensity	Intensity b18390	TAS1R2	OC2116	N	TAS1R2__OC2116	Y	platewell=E12; replicate=A
b18394	b18394.raw	Intensity	Intensity b18394	RFPL1	OC2116	N	RFPL1__OC2116	Y	platewell=F02; replicate=A
b18396	b18396.raw	Intensity	Intensity b18396	CNGA1	OC2116	N	CNGA1__OC2116	Y	platewell=F07; replicate=A
b18397	b18397.raw	Intensity	Intensity b18397	LIFR	OC2116	N	LIFR__OC2116	Y	platewell=F08; replicate=A
b18404	b18404.raw	Intensity	Intensity b18404	CUX2	OC2116	N	CUX2__OC2116	Y	platewell=G03; replicate=A
b18405	b18405.raw	Intensity	Intensity b18405	MYEOV2	OC2116	N	MYEOV2__OC2116	Y	platewell=G05; replicate=A
b18406	b18406.raw	Intensity	Intensity b18406	SSX7	OC2116	N	SSX7__OC2116	Y	platewell=G06; replicate=A
b18407	b18407.raw	Intensity	Intensity b18407	SPINK14	OC2116	N	SPINK14__OC2116	Y	platewell=G07; replicate=A
b18409	b18409.raw	Intensity	Intensity b18409	NLRP5	OC2116	N	NLRP5__OC2116	Y	platewell=G11; replicate=A
b18414	b18414.raw	Intensity	Intensity b18414	OR4N2	OC2116	N	OR4N2__OC2116	Y	platewell=H03; replicate=A
b18415	b18415.raw	Intensity	Intensity b18415	VPS9D1	OC2116	N	VPS9D1__OC2116	Y	platewell=H04; replicate=A
b18416	b18416.raw	Intensity	Intensity b18416	UGT1A5	OC2116	N	UGT1A5__OC2116	Y	platewell=H06; replicate=A
b18418	b18418.raw	Intensity	Intensity b18418	OR4E2	OC2116	N	OR4E2__OC2116	Y	platewell=H08; replicate=A
b18419	b18419.raw	Intensity	Intensity b18419	B3GNT7	OC2116	N	B3GNT7__OC2116	Y	platewell=H09; replicate=A
b18420	b18420.raw	Intensity	Intensity b18420	GALP	OC2116	N	GALP__OC2116	Y	platewell=H10; replicate=A
b18564	b18564.raw	Intensity	Intensity b18564	FAM178A	OC2119	N	FAM178A__OC2119	Y	platewell=A02; replicate=A
b18565	b18565.raw	Intensity	Intensity b18565	LPIN2	OC2119	N	LPIN2__OC2119	Y	platewell=A03; replicate=A
b18566	b18566.raw	Intensity	Intensity b18566	ZFP1	OC2119	N	ZFP1__OC2119	Y	platewell=A04; replicate=A
b18567	b18567.raw	Intensity	Intensity b18567	HOXA4	OC2119	N	HOXA4__OC2119	Y	platewell=A05; replicate=A
b18568	b18568.raw	Intensity	Intensity b18568	GLCE	OC2119	N	GLCE__OC2119	Y	platewell=A06; replicate=A
b18576	b18576.raw	Intensity	Intensity b18576	CRISP1	OC2119	N	CRISP1__OC2119	Y	platewell=A09; replicate=C
b18577	b18577.raw	Intensity	Intensity b18577	SPAG11B	OC2119	N	SPAG11B__OC2119	Y	platewell=A10; replicate=C
b18578	b18578.raw	Intensity	Intensity b18578	DCDC1	OC2119	N	DCDC1__OC2119	Y	platewell=A11; replicate=A
b18595	b18595.raw	Intensity	Intensity b18595	TEX13B	OC2119	N	TEX13B__OC2119	Y	platewell=B05; replicate=A
b18596	b18596.raw	Intensity	Intensity b18596	TTC39A	OC2119	N	TTC39A__OC2119	Y	platewell=B06; replicate=A
b18597	b18597.raw	Intensity	Intensity b18597	CRLF2	OC2119	N	CRLF2__OC2119	Y	platewell=B07; replicate=A
b18598	b18598.raw	Intensity	Intensity b18598	MATN1	OC2119	N	MATN1__OC2119	Y	platewell=B08; replicate=A
b18600	b18600.raw	Intensity	Intensity b18600	FBXW9	OC2119	N	FBXW9__OC2119	Y	platewell=B11; replicate=A
b18601	b18601.raw	Intensity	Intensity b18601	BMP6	OC2119	N	BMP6__OC2119	Y	platewell=B12; replicate=A
b18640	b18640.raw	Intensity	Intensity b18640	SLC45A4	OC2119	N	SLC45A4__OC2119	Y	platewell=C01; replicate=A
b18641	b18641.raw	Intensity	Intensity b18641	LEPR	OC2119	N	LEPR__OC2119	Y	platewell=C02; replicate=A
b18642	b18642.raw	Intensity	Intensity b18642	EIF2C4	OC2119	N	EIF2C4__OC2119	Y	platewell=C03; replicate=A
b18643	b18643.raw	Intensity	Intensity b18643	C1QL3	OC2119	N	C1QL3__OC2119	Y	platewell=C05; replicate=A
b18644	b18644.raw	Intensity	Intensity b18644	ZFP42	OC2119	N	ZFP42__OC2119	Y	platewell=C07; replicate=A
b18645	b18645.raw	Intensity	Intensity b18645	KLRC3	OC2119	N	KLRC3__OC2119	Y	platewell=C08; replicate=A
b18647	b18647.raw	Intensity	Intensity b18647	ANKS4B	OC2119	N	ANKS4B__OC2119	Y	platewell=C10; replicate=A
b18649	b18649.raw	Intensity	Intensity b18649	LHB	OC2119	N	LHB__OC2119	Y	platewell=C12; replicate=A
b18652	b18652.raw	Intensity	Intensity b18652	EXOC6B	OC2119	N	EXOC6B__OC2119	Y	platewell=D01; replicate=A
b18653	b18653.raw	Intensity	Intensity b18653	KIAA0226	OC2119	N	KIAA0226__OC2119	Y	platewell=D02; replicate=A
b18654	b18654.raw	Intensity	Intensity b18654	RUNX2	OC2119	N	RUNX2__OC2119	Y	platewell=D03; replicate=A
b18655	b18655.raw	Intensity	Intensity b18655	TCF15	OC2119	N	TCF15__OC2119	Y	platewell=D05; replicate=A
b18656	b18656.raw	Intensity	Intensity b18656	ZNF492	OC2119	N	ZNF492__OC2119	Y	platewell=D06; replicate=A
b18657	b18657.raw	Intensity	Intensity b18657	AS3MT	OC2119	N	AS3MT__OC2119	Y	platewell=D07; replicate=A
b18658	b18658.raw	Intensity	Intensity b18658	HPR	OC2119	N	HPR__OC2119	Y	platewell=D08; replicate=A
b18659	b18659.raw	Intensity	Intensity b18659	LBX2	OC2119	N	LBX2__OC2119	Y	platewell=D09; replicate=A
b18660	b18660.raw	Intensity	Intensity b18660	TAS2R39	OC2119	N	TAS2R39__OC2119	Y	platewell=D10; replicate=A
b18662	b18662.raw	Intensity	Intensity b18662	C16orf55	OC2119	N	C16orf55__OC2119	Y	platewell=D12; replicate=A
b18665	b18665.raw	Intensity	Intensity b18665	GBX1	OC2119	N	GBX1__OC2119	Y	platewell=F01; replicate=A
b18666	b18666.raw	Intensity	Intensity b18666	PRKD1	OC2119	N	PRKD1__OC2119	Y	platewell=F02; replicate=A
b18671	b18671.raw	Intensity	Intensity b18671	PKMYT1	OC2119	N	PKMYT1__OC2119	Y	platewell=F03; replicate=A
b18672	b18672.raw	Intensity	Intensity b18672	TAL1	OC2119	N	TAL1__OC2119	Y	platewell=F04; replicate=A
b18673	b18673.raw	Intensity	Intensity b18673	CCNO	OC2119	N	CCNO__OC2119	Y	platewell=F05; replicate=A
b18674	b18674.raw	Intensity	Intensity b18674	TSHZ2	OC2119	N	TSHZ2__OC2119	Y	platewell=F06; replicate=A
b18675	b18675.raw	Intensity	Intensity b18675	NPVF	OC2119	N	NPVF__OC2119	Y	platewell=F08; replicate=A
b18676	b18676.raw	Intensity	Intensity b18676	NAA11	OC2119	N	NAA11__OC2119	Y	platewell=F09; replicate=A
b18677	b18677.raw	Intensity	Intensity b18677	UBXN7	OC2119	N	UBXN7__OC2119	Y	platewell=F10; replicate=A
b18678	b18678.raw	Intensity	Intensity b18678	FMNL3	OC2119	N	FMNL3__OC2119	Y	platewell=F11; replicate=A
b18696	b18696.raw	Intensity	Intensity b18696	ERCC4	OC2119	N	ERCC4__OC2119	Y	platewell=H11; replicate=A
B20854	B20854.raw	Intensity	Intensity B20854	KRT34	REPEAT15	N	KRT34__REPEAT15	Y	platewell=A02; replicate=A
B20855	B20855.raw	Intensity	Intensity B20855	TSPAN10	REPEAT15	N	TSPAN10__REPEAT15	Y	platewell=A03; replicate=A
B20857	B20857.raw	Intensity	Intensity B20857	RPEL1	REPEAT15	N	RPEL1__REPEAT15	Y	platewell=A06; replicate=A
B20859	B20859.raw	Intensity	Intensity B20859	CCT8L2	REPEAT15	N	CCT8L2__REPEAT15	Y	platewell=A09; replicate=A
B20860	B20860.raw	Intensity	Intensity B20860	BANF2	REPEAT15	N	BANF2__REPEAT15	Y	platewell=A10; replicate=A
B20861	B20861.raw	Intensity	Intensity B20861	GPR160	REPEAT15	N	GPR160__REPEAT15	Y	platewell=A11; replicate=A
B20862	B20862.raw	Intensity	Intensity B20862	KCNIP1	REPEAT15	N	KCNIP1__REPEAT15	Y	platewell=B02; replicate=A
B20865	B20865.raw	Intensity	Intensity B20865	PRKY	REPEAT15	N	PRKY__REPEAT15	Y	platewell=B05; replicate=A
B20866	B20866.raw	Intensity	Intensity B20866	STARD5	REPEAT15	N	STARD5__REPEAT15	Y	platewell=B06; replicate=A
B20869	B20869.raw	Intensity	Intensity B20869	LHFPL1	REPEAT15	N	LHFPL1__REPEAT15	Y	platewell=B09; replicate=A
B20870	B20870.raw	Intensity	Intensity B20870	OR52B2	REPEAT15	N	OR52B2__REPEAT15	Y	platewell=B10; replicate=A
B20871	B20871.raw	Intensity	Intensity B20871	PRR4	REPEAT15	N	PRR4__REPEAT15	Y	platewell=B11; replicate=A
B20872	B20872.raw	Intensity	Intensity B20872	FAM81A	REPEAT15	N	FAM81A__REPEAT15	Y	platewell=B12; replicate=A
B20875	B20875.raw	Intensity	Intensity B20875	OR14J1	REPEAT15	N	OR14J1__REPEAT15	Y	platewell=C04; replicate=A
B20876	B20876.raw	Intensity	Intensity B20876	LMOD3	REPEAT15	N	LMOD3__REPEAT15	Y	platewell=C05; replicate=A
B20877	B20877.raw	Intensity	Intensity B20877	OR6T1	REPEAT15	N	OR6T1__REPEAT15	Y	platewell=C06; replicate=A
B20879	B20879.raw	Intensity	Intensity B20879	CHRNA7	REPEAT15	N	CHRNA7__REPEAT15	Y	platewell=C09; replicate=A
B20881	B20881.raw	Intensity	Intensity B20881	LIN52	REPEAT15	N	LIN52__REPEAT15	Y	platewell=C12; replicate=A
B20882	B20882.raw	Intensity	Intensity B20882	CTXN1	REPEAT15	N	CTXN1__REPEAT15	Y	platewell=D02; replicate=A
B20883	B20883.raw	Intensity	Intensity B20883	LGI1	REPEAT15	N	LGI1__REPEAT15	Y	platewell=D03; replicate=A
B20885	B20885.raw	Intensity	Intensity B20885	OR2T33	REPEAT15	N	OR2T33__REPEAT15	Y	platewell=D05; replicate=A
B20888	B20888.raw	Intensity	Intensity B20888	PIP5K1B	REPEAT15	N	PIP5K1B__REPEAT15	Y	platewell=D08; replicate=A
B20889	B20889.raw	Intensity	Intensity B20889	OR14I1	REPEAT15	N	OR14I1__REPEAT15	Y	platewell=D09; replicate=A
B20890	B20890.raw	Intensity	Intensity B20890	GMCL1L	REPEAT15	N	GMCL1L__REPEAT15	Y	platewell=D10; replicate=A
B20892	B20892.raw	Intensity	Intensity B20892	FAM27E3	REPEAT15	N	FAM27E3__REPEAT15	Y	platewell=D12; replicate=A
B20893	B20893.raw	Intensity	Intensity B20893	MAFB	REPEAT15	N	MAFB__REPEAT15	Y	platewell=E02; replicate=A
B20894	B20894.raw	Intensity	Intensity B20894	TCEA1	REPEAT15	N	TCEA1__REPEAT15	Y	platewell=E03; replicate=A
B20896	B20896.raw	Intensity	Intensity B20896	C11orf10	REPEAT15	N	C11orf10__REPEAT15	Y	platewell=E05; replicate=A
B20897	B20897.raw	Intensity	Intensity B20897	C6orf94	REPEAT15	N	C6orf94__REPEAT15	Y	platewell=E07; replicate=A
B20898	B20898.raw	Intensity	Intensity B20898	ATP5L2	REPEAT15	N	ATP5L2__REPEAT15	Y	platewell=E08; replicate=A
B20903	B20903.raw	Intensity	Intensity B20903	CACNG1	REPEAT15	N	CACNG1__REPEAT15	Y	platewell=F02; replicate=A
B20904	B20904.raw	Intensity	Intensity B20904	OR1M1	REPEAT15	N	OR1M1__REPEAT15	Y	platewell=F03; replicate=A
B20905	B20905.raw	Intensity	Intensity B20905	DPF1	REPEAT15	N	DPF1__REPEAT15	Y	platewell=F04; replicate=A
B20906	B20906.raw	Intensity	Intensity B20906	OR2M7	REPEAT15	N	OR2M7__REPEAT15	Y	platewell=F05; replicate=A
B20907	B20907.raw	Intensity	Intensity B20907	PTX3	REPEAT15	N	PTX3__REPEAT15	Y	platewell=F06; replicate=A
B20908	B20908.raw	Intensity	Intensity B20908	PPCS	REPEAT15	N	PPCS__REPEAT15	Y	platewell=F08; replicate=A
B20909	B20909.raw	Intensity	Intensity B20909	UFSP1	REPEAT15	N	UFSP1__REPEAT15	Y	platewell=F09; replicate=A
B20911	B20911.raw	Intensity	Intensity B20911	KLRC2	REPEAT15	N	KLRC2__REPEAT15	Y	platewell=F11; replicate=A
B20913	B20913.raw	Intensity	Intensity B20913	ADPRHL2	REPEAT15	N	ADPRHL2__REPEAT15	Y	platewell=G03; replicate=A
B20915	B20915.raw	Intensity	Intensity B20915	DUXAP10	REPEAT15	N	DUXAP10__REPEAT15	Y	platewell=G05; replicate=A
B20916	B20916.raw	Intensity	Intensity B20916	NEUROD4	REPEAT15	N	NEUROD4__REPEAT15	Y	platewell=G07; replicate=A
B20917	B20917.raw	Intensity	Intensity B20917	OR4N4	REPEAT15	N	OR4N4__REPEAT15	Y	platewell=G08; replicate=A
B20918	B20918.raw	Intensity	Intensity B20918	OR8A1	REPEAT15	N	OR8A1__REPEAT15	Y	platewell=G09; replicate=A
B20920	B20920.raw	Intensity	Intensity B20920	CHRM5	REPEAT15	N	CHRM5__REPEAT15	Y	platewell=G11; replicate=A
B20922	B20922.raw	Intensity	Intensity B20922	LRRC37A2	REPEAT15	N	LRRC37A2__REPEAT15	Y	platewell=H02; replicate=A
B20924	B20924.raw	Intensity	Intensity B20924	KLRK1	REPEAT15	N	KLRK1__REPEAT15	Y	platewell=H04; replicate=A
B20925	B20925.raw	Intensity	Intensity B20925	OR11H12	REPEAT15	N	OR11H12__REPEAT15	Y	platewell=H05; replicate=A
B20926	B20926.raw	Intensity	Intensity B20926	CAB39	REPEAT15	N	CAB39__REPEAT15	Y	platewell=H06; replicate=A
B20930	B20930.raw	Intensity	Intensity B20930	OR51B5	REPEAT15	N	OR51B5__REPEAT15	Y	platewell=H10; replicate=A
B20931	B20931.raw	Intensity	Intensity B20931	RXRB	REPEAT15	N	RXRB__REPEAT15	Y	platewell=H11; replicate=A
b3139	b3139.raw	Intensity	Intensity b3139	LMX1B	71PEI2	N	LMX1B__71PEI2	Y	platewell=A09; replicate=B
b3140	b3140.raw	Intensity	Intensity b3140	ZDHHC9	71PEI2	N	ZDHHC9__71PEI2	Y	platewell=A08; replicate=B
b3141	b3141.raw	Intensity	Intensity b3141	USP46	71PEI2	N	USP46__71PEI2	Y	platewell=A07; replicate=B
b3142	b3142.raw	Intensity	Intensity b3142	INHA	71PEI2	N	INHA__71PEI2	Y	platewell=A06; replicate=B
b3143	b3143.raw	Intensity	Intensity b3143	RIC3	71PEI2	N	RIC3__71PEI2	Y	platewell=A05; replicate=B
b3144	b3144.raw	Intensity	Intensity b3144	MAB21L3	71PEI2	N	MAB21L3__71PEI2	Y	platewell=A04; replicate=B
b3147	b3147.raw	Intensity	Intensity b3147	PSRC1	71PEI2	N	PSRC1__71PEI2	Y	platewell=A01; replicate=B
b3154	b3154.raw	Intensity	Intensity b3154	POPDC2	71PEI2	N	POPDC2__71PEI2	Y	platewell=C08; replicate=B
b3157	b3157.raw	Intensity	Intensity b3157	TSSK1B	71PEI2	N	TSSK1B__71PEI2	Y	platewell=C05; replicate=B
b3158	b3158.raw	Intensity	Intensity b3158	CXCR7	71PEI2	N	CXCR7__71PEI2	Y	platewell=C04; replicate=B
b3165	b3165.raw	Intensity	Intensity b3165	RAE1	71PEI2	N	RAE1__71PEI2	Y	platewell=E11; replicate=B
b3168	b3168.raw	Intensity	Intensity b3168	NXF5	71PEI2	N	NXF5__71PEI2	Y	platewell=E05; replicate=B
b3169	b3169.raw	Intensity	Intensity b3169	CDCA7	71PEI2	N	CDCA7__71PEI2	Y	platewell=E03; replicate=B
b3170	b3170.raw	Intensity	Intensity b3170	FKSG43	71PEI2	N	FKSG43__71PEI2	Y	platewell=E01; replicate=B
b3194	b3194.raw	Intensity	Intensity b3194	NHLRC2	71PEI2	N	NHLRC2__71PEI2	Y	platewell=B04; replicate=B
b3197	b3197.raw	Intensity	Intensity b3197	EBNA1BP2	71PEI2	N	EBNA1BP2__71PEI2	Y	platewell=G11; replicate=B
b3200	b3200.raw	Intensity	Intensity b3200	C20orf96	71PEI2	N	C20orf96__71PEI2	Y	platewell=G05; replicate=B
b3201	b3201.raw	Intensity	Intensity b3201	HTR1E	71PEI2	N	HTR1E__71PEI2	Y	platewell=G03; replicate=B
b3207	b3207.raw	Intensity	Intensity b3207	HTR1E	71PEI2	N	HTR1E__71PEI2	Y	platewell=G03; replicate=A
b3208	b3208.raw	Intensity	Intensity b3208	C20orf96	71PEI2	N	C20orf96__71PEI2	Y	platewell=G05; replicate=A
b3212	b3212.raw	Intensity	Intensity b3212	EBNA1BP2	71PEI2	N	EBNA1BP2__71PEI2	Y	platewell=G11; replicate=A
b3532	b3532.raw	Intensity	Intensity b3532	C7orf46	81059PEI	N	C7orf46__81059PEI	Y	platewell=A11; replicate=B
b3535	b3535.raw	Intensity	Intensity b3535	NIT2	81059PEI	N	NIT2__81059PEI	Y	platewell=A07; replicate=B
b3536	b3536.raw	Intensity	Intensity b3536	SNAI3	81059PEI	N	SNAI3__81059PEI	Y	platewell=A06; replicate=B
b3539	b3539.raw	Intensity	Intensity b3539	CNOT7	81059PEI	N	CNOT7__81059PEI	Y	platewell=A03; replicate=B
b3541	b3541.raw	Intensity	Intensity b3541	STX5	81059PEI	N	STX5__81059PEI	Y	platewell=A01; replicate=B
b3563	b3563.raw	Intensity	Intensity b3563	VDAC2	81059PEI	N	VDAC2__81059PEI	Y	platewell=F12; replicate=B
b3564	b3564.raw	Intensity	Intensity b3564	TRAPPC10	81059PEI	N	TRAPPC10__81059PEI	Y	platewell=F11; replicate=B
b3566	b3566.raw	Intensity	Intensity b3566	RPRD1A	81059PEI	N	RPRD1A__81059PEI	Y	platewell=F09; replicate=B
b3568	b3568.raw	Intensity	Intensity b3568	TNFSF13B	81059PEI	N	TNFSF13B__81059PEI	Y	platewell=F07; replicate=B
b3569	b3569.raw	Intensity	Intensity b3569	PTCRA	81059PEI	N	PTCRA__81059PEI	Y	platewell=F06; replicate=B
b3570	b3570.raw	Intensity	Intensity b3570	SPATS1	81059PEI	N	SPATS1__81059PEI	Y	platewell=F05; replicate=B
b3572	b3572.raw	Intensity	Intensity b3572	CSGALNACT1	81059PEI	N	CSGALNACT1__81059PEI	Y	platewell=F03; replicate=B
b3573	b3573.raw	Intensity	Intensity b3573	CEBPE	81059PEI	N	CEBPE__81059PEI	Y	platewell=F02; replicate=B
b3579	b3579.raw	Intensity	Intensity b3579	CTSZ	81059PEI	N	CTSZ__81059PEI	Y	platewell=E11; replicate=B
b3580	b3580.raw	Intensity	Intensity b3580	STARD10	81059PEI	N	STARD10__81059PEI	Y	platewell=E10; replicate=B
b3581	b3581.raw	Intensity	Intensity b3581	C15orf29	81059PEI	N	C15orf29__81059PEI	Y	platewell=E09; replicate=B
b3582	b3582.raw	Intensity	Intensity b3582	FBXO6	81059PEI	N	FBXO6__81059PEI	Y	platewell=E08; replicate=B
b3585	b3585.raw	Intensity	Intensity b3585	CAPZA2	81059PEI	N	CAPZA2__81059PEI	Y	platewell=E04; replicate=B
b3586	b3586.raw	Intensity	Intensity b3586	AMMECR1	81059PEI	N	AMMECR1__81059PEI	Y	platewell=E03; replicate=B
b3587	b3587.raw	Intensity	Intensity b3587	CCDC121	81059PEI	N	CCDC121__81059PEI	Y	platewell=E02; replicate=B
b3591	b3591.raw	Intensity	Intensity b3591	SYNE2	81059PEI	N	SYNE2__81059PEI	Y	platewell=G11; replicate=B
b3592	b3592.raw	Intensity	Intensity b3592	EFCAB4A	81059PEI	N	EFCAB4A__81059PEI	Y	platewell=G10; replicate=B
b3594	b3594.raw	Intensity	Intensity b3594	CCNE2	81059PEI	N	CCNE2__81059PEI	Y	platewell=G08; replicate=B
b3595	b3595.raw	Intensity	Intensity b3595	IYD	81059PEI	N	IYD__81059PEI	Y	platewell=G07; replicate=B
b3596	b3596.raw	Intensity	Intensity b3596	RAB40AL	81059PEI	N	RAB40AL__81059PEI	Y	platewell=G06; replicate=B
b3599	b3599.raw	Intensity	Intensity b3599	FAM175A	81059PEI	N	FAM175A__81059PEI	Y	platewell=G03; replicate=B
b3604	b3604.raw	Intensity	Intensity b3604	ITGA4	81059PEI	N	ITGA4__81059PEI	Y	platewell=B12; replicate=B
b3605	b3605.raw	Intensity	Intensity b3605	RASSF6	81059PEI	N	RASSF6__81059PEI	Y	platewell=B11; replicate=B
b3606	b3606.raw	Intensity	Intensity b3606	WDR92	81059PEI	N	WDR92__81059PEI	Y	platewell=B10; replicate=B
b3607	b3607.raw	Intensity	Intensity b3607	CCDC146	81059PEI	N	CCDC146__81059PEI	Y	platewell=B09; replicate=B
b3608	b3608.raw	Intensity	Intensity b3608	POPDC3	81059PEI	N	POPDC3__81059PEI	Y	platewell=B08; replicate=B
b3609	b3609.raw	Intensity	Intensity b3609	ZNF277	81059PEI	N	ZNF277__81059PEI	Y	platewell=B07; replicate=B
b3613	b3613.raw	Intensity	Intensity b3613	SETD3	81059PEI	N	SETD3__81059PEI	Y	platewell=B03; replicate=B
b3614	b3614.raw	Intensity	Intensity b3614	NOSIP	81059PEI	N	NOSIP__81059PEI	Y	platewell=B02; replicate=B
b3615	b3615.raw	Intensity	Intensity b3615	CNN1	81059PEI	N	CNN1__81059PEI	Y	platewell=B01; replicate=B
b3624	b3624.raw	Intensity	Intensity b3624	EXOSC8	81059PEI	N	EXOSC8__81059PEI	Y	platewell=H11; replicate=B
b3625	b3625.raw	Intensity	Intensity b3625	EDA2R	81059PEI	N	EDA2R__81059PEI	Y	platewell=H10; replicate=B
b3626	b3626.raw	Intensity	Intensity b3626	XRCC2	81059PEI	N	XRCC2__81059PEI	Y	platewell=H09; replicate=B
b3628	b3628.raw	Intensity	Intensity b3628	SGCD	81059PEI	N	SGCD__81059PEI	Y	platewell=H07; replicate=B
b3629	b3629.raw	Intensity	Intensity b3629	COLEC10	81059PEI	N	COLEC10__81059PEI	Y	platewell=H06; replicate=B
b3630	b3630.raw	Intensity	Intensity b3630	F3	81059PEI	N	F3__81059PEI	Y	platewell=H04; replicate=B
b3631	b3631.raw	Intensity	Intensity b3631	KIAA0247	81059PEI	N	KIAA0247__81059PEI	Y	platewell=H03; replicate=B
b3632	b3632.raw	Intensity	Intensity b3632	PPAP2A	81059PEI	N	PPAP2A__81059PEI	Y	platewell=H02; replicate=B
b3637	b3637.raw	Intensity	Intensity b3637	TBC1D3F	81059PEI	N	TBC1D3F__81059PEI	Y	platewell=D12; replicate=B
b3638	b3638.raw	Intensity	Intensity b3638	FBXO25	81059PEI	N	FBXO25__81059PEI	Y	platewell=D10; replicate=B
b3639	b3639.raw	Intensity	Intensity b3639	CXorf21	81059PEI	N	CXorf21__81059PEI	Y	platewell=D09; replicate=B
b3640	b3640.raw	Intensity	Intensity b3640	GTDC1	81059PEI	N	GTDC1__81059PEI	Y	platewell=D08; replicate=B
b3643	b3643.raw	Intensity	Intensity b3643	ODF3L1	81059PEI	N	ODF3L1__81059PEI	Y	platewell=D02; replicate=B
b3653	b3653.raw	Intensity	Intensity b3653	C3orf32	81059PEI	N	C3orf32__81059PEI	Y	platewell=D11; replicate=B
b3654	b3654.raw	Intensity	Intensity b3654	GLYATL1	81059PEI	N	GLYATL1__81059PEI	Y	platewell=D05; replicate=B
b3656	b3656.raw	Intensity	Intensity b3656	HSD17B11	81059PEI	N	HSD17B11__81059PEI	Y	platewell=C09; replicate=B
b3657	b3657.raw	Intensity	Intensity b3657	MRPL46	81059PEI	N	MRPL46__81059PEI	Y	platewell=C07; replicate=B
b3658	b3658.raw	Intensity	Intensity b3658	ZC3H8	81059PEI	N	ZC3H8__81059PEI	Y	platewell=C01; replicate=B
b3669	b3669.raw	Intensity	Intensity b3669	DHRS2	81059PEI	N	DHRS2__81059PEI	Y	platewell=C11; replicate=B
b3670	b3670.raw	Intensity	Intensity b3670	C19orf46	81059PEI	N	C19orf46__81059PEI	Y	platewell=C10; replicate=B
b3671	b3671.raw	Intensity	Intensity b3671	HNMT	81059PEI	N	HNMT__81059PEI	Y	platewell=C08; replicate=B
b3673	b3673.raw	Intensity	Intensity b3673	GGPS1	81059PEI	N	GGPS1__81059PEI	Y	platewell=C05; replicate=B
b3674	b3674.raw	Intensity	Intensity b3674	LDB3	81059PEI	N	LDB3__81059PEI	Y	platewell=C04; replicate=B
b3676	b3676.raw	Intensity	Intensity b3676	GK5	81059PEI	N	GK5__81059PEI	Y	platewell=C02; replicate=B
b3799	b3799.raw	Intensity	Intensity b3799	CLN8	81059PEI	N	CLN8__81059PEI	Y	platewell=D04; replicate=B
b3800	b3800.raw	Intensity	Intensity b3800	ELOVL2	81059PEI	N	ELOVL2__81059PEI	Y	platewell=D03; replicate=B
b3801	b3801.raw	Intensity	Intensity b3801	C3orf32	81059PEI	N	C3orf32__81059PEI	Y	platewell=D11; replicate=A
b5698	b5698.raw	Intensity	Intensity b5698	FBXL3	81067	N	FBXL3__81067	Y	platewell=B12; replicate=B
b5701	b5701.raw	Intensity	Intensity b5701	KIAA1949	81067	N	KIAA1949__81067	Y	platewell=B09; replicate=B
b5702	b5702.raw	Intensity	Intensity b5702	SLC39A4	81067	N	SLC39A4__81067	Y	platewell=B08; replicate=B
b5703	b5703.raw	Intensity	Intensity b5703	RBPJ	81067	N	RBPJ__81067	Y	platewell=B07; replicate=B
b5707	b5707.raw	Intensity	Intensity b5707	CXADR	81067	N	CXADR__81067	Y	platewell=B03; replicate=B
b5708	b5708.raw	Intensity	Intensity b5708	SDF4	81067	N	SDF4__81067	Y	platewell=B02; replicate=B
b5709	b5709.raw	Intensity	Intensity b5709	OBFC1	81067	N	OBFC1__81067	Y	platewell=B01; replicate=B
b5714	b5714.raw	Intensity	Intensity b5714	PVRL3	81067	N	PVRL3__81067	Y	platewell=H10; replicate=B
b5716	b5716.raw	Intensity	Intensity b5716	SERPINA6	81067	N	SERPINA6__81067	Y	platewell=H08; replicate=B
b5717	b5717.raw	Intensity	Intensity b5717	DNM3	81067	N	DNM3__81067	Y	platewell=H07; replicate=B
b5718	b5718.raw	Intensity	Intensity b5718	NUP50	81067	N	NUP50__81067	Y	platewell=H06; replicate=B
b5719	b5719.raw	Intensity	Intensity b5719	CD244	81067	N	CD244__81067	Y	platewell=H05; replicate=B
b5720	b5720.raw	Intensity	Intensity b5720	C9orf156	81067	N	C9orf156__81067	Y	platewell=H04; replicate=B
b5721	b5721.raw	Intensity	Intensity b5721	SMPD1	81067	N	SMPD1__81067	Y	platewell=H03; replicate=B
b5722	b5722.raw	Intensity	Intensity b5722	KIAA1456	81067	N	KIAA1456__81067	Y	platewell=H02; replicate=B
b5723	b5723.raw	Intensity	Intensity b5723	ZNF707	81067	N	ZNF707__81067	Y	platewell=H01; replicate=B
b5728	b5728.raw	Intensity	Intensity b5728	USP38	81067	N	USP38__81067	Y	platewell=A10; replicate=B
b5729	b5729.raw	Intensity	Intensity b5729	TRIM16	81067	N	TRIM16__81067	Y	platewell=A09; replicate=B
b5730	b5730.raw	Intensity	Intensity b5730	MCAM	81067	N	MCAM__81067	Y	platewell=A08; replicate=B
b5731	b5731.raw	Intensity	Intensity b5731	CDCA7L	81067	N	CDCA7L__81067	Y	platewell=A07; replicate=B
b5732	b5732.raw	Intensity	Intensity b5732	AHSG	81067	N	AHSG__81067	Y	platewell=A06; replicate=B
b5734	b5734.raw	Intensity	Intensity b5734	GABRE	81067	N	GABRE__81067	Y	platewell=A04; replicate=B
b5735	b5735.raw	Intensity	Intensity b5735	PSAT1	81067	N	PSAT1__81067	Y	platewell=A03; replicate=B
b5736	b5736.raw	Intensity	Intensity b5736	PARVA	81067	N	PARVA__81067	Y	platewell=A02; replicate=B
b5737	b5737.raw	Intensity	Intensity b5737	HMBS	81067	N	HMBS__81067	Y	platewell=A01; replicate=B
b5746	b5746.raw	Intensity	Intensity b5746	FAM188A	81067	N	FAM188A__81067	Y	platewell=C12; replicate=B
b5747	b5747.raw	Intensity	Intensity b5747	B3GNT3	81067	N	B3GNT3__81067	Y	platewell=C11; replicate=B
b5748	b5748.raw	Intensity	Intensity b5748	DCTN1	81067	N	DCTN1__81067	Y	platewell=C10; replicate=B
b5749	b5749.raw	Intensity	Intensity b5749	IGSF8	81067	N	IGSF8__81067	Y	platewell=C09; replicate=B
b5751	b5751.raw	Intensity	Intensity b5751	DLD	81067	N	DLD__81067	Y	platewell=C07; replicate=B
b5752	b5752.raw	Intensity	Intensity b5752	AUP1	81067	N	AUP1__81067	Y	platewell=C06; replicate=B
b5753	b5753.raw	Intensity	Intensity b5753	IDH3A	81067	N	IDH3A__81067	Y	platewell=C05; replicate=B
b5754	b5754.raw	Intensity	Intensity b5754	ARPC1A	81067	N	ARPC1A__81067	Y	platewell=C04; replicate=B
b5756	b5756.raw	Intensity	Intensity b5756	USP18	81067	N	USP18__81067	Y	platewell=C02; replicate=B
b5763	b5763.raw	Intensity	Intensity b5763	MMRN1	81067	N	MMRN1__81067	Y	platewell=F10; replicate=B
b5764	b5764.raw	Intensity	Intensity b5764	PPARD	81067	N	PPARD__81067	Y	platewell=F09; replicate=B
b5765	b5765.raw	Intensity	Intensity b5765	MYT1	81067	N	MYT1__81067	Y	platewell=F07; replicate=B
b5766	b5766.raw	Intensity	Intensity b5766	PABPC5	81067	N	PABPC5__81067	Y	platewell=F06; replicate=B
b5767	b5767.raw	Intensity	Intensity b5767	ANKRD16	81067	N	ANKRD16__81067	Y	platewell=F05; replicate=B
b5769	b5769.raw	Intensity	Intensity b5769	TTC23L	81067	N	TTC23L__81067	Y	platewell=F03; replicate=B
b5770	b5770.raw	Intensity	Intensity b5770	SDC3	81067	N	SDC3__81067	Y	platewell=F02; replicate=B
b5771	b5771.raw	Intensity	Intensity b5771	GRINL1A	81067	N	GRINL1A__81067	Y	platewell=F01; replicate=B
b5776	b5776.raw	Intensity	Intensity b5776	PRKAR2B	81067	N	PRKAR2B__81067	Y	platewell=G11; replicate=B
b5777	b5777.raw	Intensity	Intensity b5777	GPR52	81067	N	GPR52__81067	Y	platewell=G10; replicate=B
b5778	b5778.raw	Intensity	Intensity b5778	HLA-B	81067	N	HLA-B__81067	Y	platewell=G09; replicate=B
b5779	b5779.raw	Intensity	Intensity b5779	LMNA	81067	N	LMNA__81067	Y	platewell=G07; replicate=B
b5780	b5780.raw	Intensity	Intensity b5780	GMPR2	81067	N	GMPR2__81067	Y	platewell=G06; replicate=B
b5781	b5781.raw	Intensity	Intensity b5781	PNMA2	81067	N	PNMA2__81067	Y	platewell=G05; replicate=B
b5783	b5783.raw	Intensity	Intensity b5783	POGZ	81067	N	POGZ__81067	Y	platewell=G03; replicate=B
b5784	b5784.raw	Intensity	Intensity b5784	GLUL	81067	N	GLUL__81067	Y	platewell=G02; replicate=B
b5785	b5785.raw	Intensity	Intensity b5785	H2AFY2	81067	N	H2AFY2__81067	Y	platewell=G01; replicate=B
b5789	b5789.raw	Intensity	Intensity b5789	CLEC18A	81067	N	CLEC18A__81067	Y	platewell=D12; replicate=B
b5791	b5791.raw	Intensity	Intensity b5791	PHF15	81067	N	PHF15__81067	Y	platewell=D08; replicate=B
b5792	b5792.raw	Intensity	Intensity b5792	DNAJC11	81067	N	DNAJC11__81067	Y	platewell=D07; replicate=B
b5793	b5793.raw	Intensity	Intensity b5793	ARHGEF10	81067	N	ARHGEF10__81067	Y	platewell=D06; replicate=B
b5794	b5794.raw	Intensity	Intensity b5794	RSAD2	81067	N	RSAD2__81067	Y	platewell=D05; replicate=B
b5795	b5795.raw	Intensity	Intensity b5795	PARD6B	81067	N	PARD6B__81067	Y	platewell=D04; replicate=B
b5796	b5796.raw	Intensity	Intensity b5796	CREB3	81067	N	CREB3__81067	Y	platewell=D03; replicate=B
b5797	b5797.raw	Intensity	Intensity b5797	LIPT1	81067	N	LIPT1__81067	Y	platewell=D02; replicate=B
b5798	b5798.raw	Intensity	Intensity b5798	HLA-C	81067	N	HLA-C__81067	Y	platewell=D01; replicate=B
b5803	b5803.raw	Intensity	Intensity b5803	ADH1C	81067	N	ADH1C__81067	Y	platewell=E11; replicate=B
b5804	b5804.raw	Intensity	Intensity b5804	DZIP3	81067	N	DZIP3__81067	Y	platewell=E10; replicate=B
b5805	b5805.raw	Intensity	Intensity b5805	TEAD4	81067	N	TEAD4__81067	Y	platewell=E09; replicate=B
b5806	b5806.raw	Intensity	Intensity b5806	NT5E	81067	N	NT5E__81067	Y	platewell=E08; replicate=B
b5807	b5807.raw	Intensity	Intensity b5807	C8orf45	81067	N	C8orf45__81067	Y	platewell=E07; replicate=B
b5808	b5808.raw	Intensity	Intensity b5808	VASP	81067	N	VASP__81067	Y	platewell=E06; replicate=B
b5809	b5809.raw	Intensity	Intensity b5809	GPR183	81067	N	GPR183__81067	Y	platewell=E05; replicate=B
b5810	b5810.raw	Intensity	Intensity b5810	PEX3	81067	N	PEX3__81067	Y	platewell=E03; replicate=B
b5811	b5811.raw	Intensity	Intensity b5811	SLC35C1	81067	N	SLC35C1__81067	Y	platewell=E02; replicate=B
b5812	b5812.raw	Intensity	Intensity b5812	SSBP2	81067	N	SSBP2__81067	Y	platewell=E01; replicate=B
b8578	b8578.raw	Intensity	Intensity b8578	TBL1Y	81096	N	TBL1Y__81096	Y	platewell=A12; replicate=B
b8579	b8579.raw	Intensity	Intensity b8579	ZMYND11	81096	N	ZMYND11__81096	Y	platewell=A11; replicate=B
b8580	b8580.raw	Intensity	Intensity b8580	ZNF238	81096	N	ZNF238__81096	Y	platewell=A10; replicate=B
b8581	b8581.raw	Intensity	Intensity b8581	SNX1	81096	N	SNX1__81096	Y	platewell=A09; replicate=B
b8582	b8582.raw	Intensity	Intensity b8582	POLE2	81096	N	POLE2__81096	Y	platewell=A08; replicate=B
b8583	b8583.raw	Intensity	Intensity b8583	ZNF449	81096	N	ZNF449__81096	Y	platewell=A07; replicate=B
b8584	b8584.raw	Intensity	Intensity b8584	DYNC1LI1	81096	N	DYNC1LI1__81096	Y	platewell=A06; replicate=B
b8585	b8585.raw	Intensity	Intensity b8585	VANGL1	81096	N	VANGL1__81096	Y	platewell=A05; replicate=B
b8586	b8586.raw	Intensity	Intensity b8586	CYP4F12	81096	N	CYP4F12__81096	Y	platewell=A04; replicate=B
b8587	b8587.raw	Intensity	Intensity b8587	TNK2	81096	N	TNK2__81096	Y	platewell=A03; replicate=B
b8588	b8588.raw	Intensity	Intensity b8588	DYRK4	81096	N	DYRK4__81096	Y	platewell=A02; replicate=B
b8589	b8589.raw	Intensity	Intensity b8589	DPYS	81096	N	DPYS__81096	Y	platewell=A01; replicate=B
b8593	b8593.raw	Intensity	Intensity b8593	TIGD6	81096	N	TIGD6__81096	Y	platewell=B12; replicate=B
b8594	b8594.raw	Intensity	Intensity b8594	FBXW11	81096	N	FBXW11__81096	Y	platewell=B11; replicate=B
b8595	b8595.raw	Intensity	Intensity b8595	PLXNA4	81096	N	PLXNA4__81096	Y	platewell=B10; replicate=B
b8597	b8597.raw	Intensity	Intensity b8597	CAT	81096	N	CAT__81096	Y	platewell=B08; replicate=B
b8598	b8598.raw	Intensity	Intensity b8598	TMEM209	81096	N	TMEM209__81096	Y	platewell=B07; replicate=B
b8599	b8599.raw	Intensity	Intensity b8599	FAM98A	81096	N	FAM98A__81096	Y	platewell=B06; replicate=B
b8600	b8600.raw	Intensity	Intensity b8600	NAB2	81096	N	NAB2__81096	Y	platewell=B05; replicate=B
b8601	b8601.raw	Intensity	Intensity b8601	ATP5B	81096	N	ATP5B__81096	Y	platewell=B04; replicate=B
b8603	b8603.raw	Intensity	Intensity b8603	MARCO	81096	N	MARCO__81096	Y	platewell=B02; replicate=B
b8604	b8604.raw	Intensity	Intensity b8604	TCP11L2	81096	N	TCP11L2__81096	Y	platewell=B01; replicate=B
b8608	b8608.raw	Intensity	Intensity b8608	PDE4D	81096	N	PDE4D__81096	Y	platewell=E01; replicate=A
b8609	b8609.raw	Intensity	Intensity b8609	FLVCR2	81096	N	FLVCR2__81096	Y	platewell=E02; replicate=A
b8610	b8610.raw	Intensity	Intensity b8610	WHSC2	81096	N	WHSC2__81096	Y	platewell=E03; replicate=A
b8611	b8611.raw	Intensity	Intensity b8611	LAP3	81096	N	LAP3__81096	Y	platewell=E05; replicate=A
b8612	b8612.raw	Intensity	Intensity b8612	CDC16	81096	N	CDC16__81096	Y	platewell=E07; replicate=A
b8613	b8613.raw	Intensity	Intensity b8613	C17orf53	81096	N	C17orf53__81096	Y	platewell=E08; replicate=A
b8614	b8614.raw	Intensity	Intensity b8614	ASB3	81096	N	ASB3__81096	Y	platewell=E09; replicate=A
b8615	b8615.raw	Intensity	Intensity b8615	OMA1	81096	N	OMA1__81096	Y	platewell=E10; replicate=A
b8616	b8616.raw	Intensity	Intensity b8616	ALPI	81096	N	ALPI__81096	Y	platewell=E11; replicate=A
b8617	b8617.raw	Intensity	Intensity b8617	VNN2	81096	N	VNN2__81096	Y	platewell=E12; replicate=A
b8621	b8621.raw	Intensity	Intensity b8621	SYNCRIP	81096	N	SYNCRIP__81096	Y	platewell=F02; replicate=A
b8623	b8623.raw	Intensity	Intensity b8623	ACCN2	81096	N	ACCN2__81096	Y	platewell=F05; replicate=A
b8624	b8624.raw	Intensity	Intensity b8624	OCLN	81096	N	OCLN__81096	Y	platewell=F06; replicate=A
b8625	b8625.raw	Intensity	Intensity b8625	ATG9A	81096	N	ATG9A__81096	Y	platewell=F08; replicate=A
b8626	b8626.raw	Intensity	Intensity b8626	PDZK1	81096	N	PDZK1__81096	Y	platewell=F09; replicate=A
b8627	b8627.raw	Intensity	Intensity b8627	SLC1A1	81096	N	SLC1A1__81096	Y	platewell=F10; replicate=A
b8628	b8628.raw	Intensity	Intensity b8628	UGT2A3	81096	N	UGT2A3__81096	Y	platewell=F11; replicate=A
b8629	b8629.raw	Intensity	Intensity b8629	USP3	81096	N	USP3__81096	Y	platewell=F12; replicate=A
b8633	b8633.raw	Intensity	Intensity b8633	VANGL2	81096	N	VANGL2__81096	Y	platewell=C12; replicate=B
b8634	b8634.raw	Intensity	Intensity b8634	SIAE	81096	N	SIAE__81096	Y	platewell=C11; replicate=B
b8635	b8635.raw	Intensity	Intensity b8635	CDK17	81096	N	CDK17__81096	Y	platewell=C10; replicate=B
b8636	b8636.raw	Intensity	Intensity b8636	CORO2A	81096	N	CORO2A__81096	Y	platewell=C09; replicate=B
b8637	b8637.raw	Intensity	Intensity b8637	ZNF572	81096	N	ZNF572__81096	Y	platewell=C08; replicate=B
b8647	b8647.raw	Intensity	Intensity b8647	PNLDC1	81096	N	PNLDC1__81096	Y	platewell=D12; replicate=B
b8649	b8649.raw	Intensity	Intensity b8649	APEX2	81096	N	APEX2__81096	Y	platewell=D08; replicate=B
b8650	b8650.raw	Intensity	Intensity b8650	MFSD8	81096	N	MFSD8__81096	Y	platewell=D09; replicate=B
b8651	b8651.raw	Intensity	Intensity b8651	LRRTM1	81096	N	LRRTM1__81096	Y	platewell=D07; replicate=B
b8652	b8652.raw	Intensity	Intensity b8652	ZNF768	81096	N	ZNF768__81096	Y	platewell=D06; replicate=B
b8653	b8653.raw	Intensity	Intensity b8653	PFKFB3	81096	N	PFKFB3__81096	Y	platewell=D05; replicate=B
b8654	b8654.raw	Intensity	Intensity b8654	NHEDC2	81096	N	NHEDC2__81096	Y	platewell=D04; replicate=B
b8655	b8655.raw	Intensity	Intensity b8655	GPR114	81096	N	GPR114__81096	Y	platewell=D03; replicate=B
b8656	b8656.raw	Intensity	Intensity b8656	TBX22	81096	N	TBX22__81096	Y	platewell=D02; replicate=B
b8657	b8657.raw	Intensity	Intensity b8657	CAMKK1	81096	N	CAMKK1__81096	Y	platewell=D01; replicate=B
b8659	b8659.raw	Intensity	Intensity b8659	ALPL	81096	N	ALPL__81096	Y	platewell=G11; replicate=B
b8661	b8661.raw	Intensity	Intensity b8661	OXCT1	81096	N	OXCT1__81096	Y	platewell=G09; replicate=B
b8662	b8662.raw	Intensity	Intensity b8662	FBXO7	81096	N	FBXO7__81096	Y	platewell=G08; replicate=B
b8663	b8663.raw	Intensity	Intensity b8663	ZNF454	81096	N	ZNF454__81096	Y	platewell=G07; replicate=B
b8667	b8667.raw	Intensity	Intensity b8667	QRSL1	81096	N	QRSL1__81096	Y	platewell=G03; replicate=B
b8669	b8669.raw	Intensity	Intensity b8669	KBTBD4	81096	N	KBTBD4__81096	Y	platewell=G01; replicate=B
b8672	b8672.raw	Intensity	Intensity b8672	UGT3A2	81096	N	UGT3A2__81096	Y	platewell=H11; replicate=B
b8673	b8673.raw	Intensity	Intensity b8673	MAOA	81096	N	MAOA__81096	Y	platewell=H10; replicate=B
b8675	b8675.raw	Intensity	Intensity b8675	PRPF4	81096	N	PRPF4__81096	Y	platewell=H08; replicate=B
b8679	b8679.raw	Intensity	Intensity b8679	GPR161	81096	N	GPR161__81096	Y	platewell=H03; replicate=B
b8680	b8680.raw	Intensity	Intensity b8680	HEXA	81096	N	HEXA__81096	Y	platewell=H02; replicate=B
b8681	b8681.raw	Intensity	Intensity b8681	C16orf71	81096	N	C16orf71__81096	Y	platewell=H01; replicate=B
b8687	b8687.raw	Intensity	Intensity b8687	TULP2	81096	N	TULP2__81096	Y	platewell=C06; replicate=B
b8688	b8688.raw	Intensity	Intensity b8688	DEPDC1	81096	N	DEPDC1__81096	Y	platewell=C05; replicate=B
b8690	b8690.raw	Intensity	Intensity b8690	BAIAP2	81096	N	BAIAP2__81096	Y	platewell=C03; replicate=B
b8691	b8691.raw	Intensity	Intensity b8691	DCT	81096	N	DCT__81096	Y	platewell=C02; replicate=B
b8692	b8692.raw	Intensity	Intensity b8692	CREB3L1	81096	N	CREB3L1__81096	Y	platewell=C01; replicate=B
b9103	b9103.raw	Intensity	Intensity b9103	YAF2	81045PEI	N	YAF2__81045PEI	Y	platewell=B01; replicate=A
b9104	b9104.raw	Intensity	Intensity b9104	GJB7	81045PEI	N	GJB7__81045PEI	Y	platewell=B02; replicate=A
b9105	b9105.raw	Intensity	Intensity b9105	RIT1	81045PEI	N	RIT1__81045PEI	Y	platewell=B03; replicate=A
b9106	b9106.raw	Intensity	Intensity b9106	TMEM182	81045PEI	N	TMEM182__81045PEI	Y	platewell=B04; replicate=A
b9107	b9107.raw	Intensity	Intensity b9107	IFNW1	81045PEI	N	IFNW1__81045PEI	Y	platewell=B06; replicate=A
b9108	b9108.raw	Intensity	Intensity b9108	RAB41	81045PEI	N	RAB41__81045PEI	Y	platewell=B07; replicate=A
b9109	b9109.raw	Intensity	Intensity b9109	DTD1	81045PEI	N	DTD1__81045PEI	Y	platewell=B08; replicate=A
b9110	b9110.raw	Intensity	Intensity b9110	RAB5C	81045PEI	N	RAB5C__81045PEI	Y	platewell=B09; replicate=A
b9112	b9112.raw	Intensity	Intensity b9112	IL22RA2	81045PEI	N	IL22RA2__81045PEI	Y	platewell=B11; replicate=A
b9113	b9113.raw	Intensity	Intensity b9113	NEK2	81045PEI	N	NEK2__81045PEI	Y	platewell=B12; replicate=A
b9117	b9117.raw	Intensity	Intensity b9117	SCN3B	81045PEI	N	SCN3B__81045PEI	Y	platewell=F02; replicate=A
b9118	b9118.raw	Intensity	Intensity b9118	HTR3D	81045PEI	N	HTR3D__81045PEI	Y	platewell=F04; replicate=A
b9119	b9119.raw	Intensity	Intensity b9119	C9orf139	81045PEI	N	C9orf139__81045PEI	Y	platewell=F05; replicate=A
b9120	b9120.raw	Intensity	Intensity b9120	IL29	81045PEI	N	IL29__81045PEI	Y	platewell=F06; replicate=A
b9121	b9121.raw	Intensity	Intensity b9121	BCL7A	81045PEI	N	BCL7A__81045PEI	Y	platewell=F07; replicate=A
b9122	b9122.raw	Intensity	Intensity b9122	BAG2	81045PEI	N	BAG2__81045PEI	Y	platewell=F08; replicate=A
b9123	b9123.raw	Intensity	Intensity b9123	ARHGEF38	81045PEI	N	ARHGEF38__81045PEI	Y	platewell=F09; replicate=A
b9124	b9124.raw	Intensity	Intensity b9124	SULT1C4	81045PEI	N	SULT1C4__81045PEI	Y	platewell=F10; replicate=A
b9125	b9125.raw	Intensity	Intensity b9125	CNTF	81045PEI	N	CNTF__81045PEI	Y	platewell=F11; replicate=A
b9129	b9129.raw	Intensity	Intensity b9129	RABL2A	81045PEI	N	RABL2A__81045PEI	Y	platewell=D07; replicate=B
b9130	b9130.raw	Intensity	Intensity b9130	IFNA1	81045PEI	N	IFNA1__81045PEI	Y	platewell=D05; replicate=B
b9131	b9131.raw	Intensity	Intensity b9131	LHFPL4	81045PEI	N	LHFPL4__81045PEI	Y	platewell=D04; replicate=B
b9132	b9132.raw	Intensity	Intensity b9132	C16orf54	81045PEI	N	C16orf54__81045PEI	Y	platewell=D03; replicate=B
b9133	b9133.raw	Intensity	Intensity b9133	RECK	81045PEI	N	RECK__81045PEI	Y	platewell=D02; replicate=B
b9134	b9134.raw	Intensity	Intensity b9134	C10orf107	81045PEI	N	C10orf107__81045PEI	Y	platewell=D01; replicate=B
b9136	b9136.raw	Intensity	Intensity b9136	UBAC2	81045PEI	N	UBAC2__81045PEI	Y	platewell=A11; replicate=B
b9137	b9137.raw	Intensity	Intensity b9137	PRR20A	81045PEI	N	PRR20A__81045PEI	Y	platewell=A10; replicate=B
b9138	b9138.raw	Intensity	Intensity b9138	TM2D2	81045PEI	N	TM2D2__81045PEI	Y	platewell=A09; replicate=B
b9139	b9139.raw	Intensity	Intensity b9139	LIM2	81045PEI	N	LIM2__81045PEI	Y	platewell=A07; replicate=B
b9141	b9141.raw	Intensity	Intensity b9141	EXOG	81045PEI	N	EXOG__81045PEI	Y	platewell=A04; replicate=B
b9143	b9143.raw	Intensity	Intensity b9143	RAB28	81045PEI	N	RAB28__81045PEI	Y	platewell=A02; replicate=B
b9144	b9144.raw	Intensity	Intensity b9144	ZNF428	81045PEI	N	ZNF428__81045PEI	Y	platewell=A01; replicate=B
b9149	b9149.raw	Intensity	Intensity b9149	OAZ3	81045PEI	N	OAZ3__81045PEI	Y	platewell=E11; replicate=B
b9151	b9151.raw	Intensity	Intensity b9151	HIST1H1E	81045PEI	N	HIST1H1E__81045PEI	Y	platewell=E09; replicate=B
b9152	b9152.raw	Intensity	Intensity b9152	CRYBB3	81045PEI	N	CRYBB3__81045PEI	Y	platewell=E08; replicate=B
b9165	b9165.raw	Intensity	Intensity b9165	PRR16	81045PEI	N	PRR16__81045PEI	Y	platewell=E02; replicate=B
b9166	b9166.raw	Intensity	Intensity b9166	NKAIN4	81045PEI	N	NKAIN4__81045PEI	Y	platewell=E01; replicate=B
b9168	b9168.raw	Intensity	Intensity b9168	C11orf85	81045PEI	N	C11orf85__81045PEI	Y	platewell=H02; replicate=A
b9169	b9169.raw	Intensity	Intensity b9169	CD79A	81045PEI	N	CD79A__81045PEI	Y	platewell=H03; replicate=A
b9170	b9170.raw	Intensity	Intensity b9170	TICAM2	81045PEI	N	TICAM2__81045PEI	Y	platewell=H04; replicate=A
b9171	b9171.raw	Intensity	Intensity b9171	BCL2L2	81045PEI	N	BCL2L2__81045PEI	Y	platewell=H05; replicate=A
b9172	b9172.raw	Intensity	Intensity b9172	C9orf106	81045PEI	N	C9orf106__81045PEI	Y	platewell=H07; replicate=A
b9173	b9173.raw	Intensity	Intensity b9173	C3orf43	81045PEI	N	C3orf43__81045PEI	Y	platewell=H08; replicate=A
b9174	b9174.raw	Intensity	Intensity b9174	C18orf21	81045PEI	N	C18orf21__81045PEI	Y	platewell=H09; replicate=A
b9175	b9175.raw	Intensity	Intensity b9175	C19orf39	81045PEI	N	C19orf39__81045PEI	Y	platewell=H10; replicate=A
b9176	b9176.raw	Intensity	Intensity b9176	REEP1	81045PEI	N	REEP1__81045PEI	Y	platewell=H11; replicate=A
b9187	b9187.raw	Intensity	Intensity b9187	ASB14	81045PEI	N	ASB14__81045PEI	Y	platewell=G10; replicate=B
b9188	b9188.raw	Intensity	Intensity b9188	OFCC1	81045PEI	N	OFCC1__81045PEI	Y	platewell=G07; replicate=B
b9189	b9189.raw	Intensity	Intensity b9189	SYNGR4	81045PEI	N	SYNGR4__81045PEI	Y	platewell=G04; replicate=B
b9190	b9190.raw	Intensity	Intensity b9190	C12orf69	81045PEI	N	C12orf69__81045PEI	Y	platewell=G03; replicate=B
b9193	b9193.raw	Intensity	Intensity b9193	RWDD4	81045PEI	N	RWDD4__81045PEI	Y	platewell=D11; replicate=B
b9195	b9195.raw	Intensity	Intensity b9195	ZNF586	81045PEI	N	ZNF586__81045PEI	Y	platewell=D08; replicate=B
b9213	b9213.raw	Intensity	Intensity b9213	FGFRL1	81094	N	FGFRL1__81094	Y	platewell=C03; replicate=A
b9216	b9216.raw	Intensity	Intensity b9216	PRCC	81094	N	PRCC__81094	Y	platewell=C07; replicate=A
b9217	b9217.raw	Intensity	Intensity b9217	GCM2	81094	N	GCM2__81094	Y	platewell=C09; replicate=A
b9218	b9218.raw	Intensity	Intensity b9218	SASS6	81094	N	SASS6__81094	Y	platewell=C12; replicate=A
b9222	b9222.raw	Intensity	Intensity b9222	NMD3	81094	N	NMD3__81094	Y	platewell=D02; replicate=A
b9223	b9223.raw	Intensity	Intensity b9223	ZNF512	81094	N	ZNF512__81094	Y	platewell=D04; replicate=A
b9224	b9224.raw	Intensity	Intensity b9224	ATF2	81094	N	ATF2__81094	Y	platewell=D06; replicate=A
b9225	b9225.raw	Intensity	Intensity b9225	USP14	81094	N	USP14__81094	Y	platewell=D07; replicate=A
b9226	b9226.raw	Intensity	Intensity b9226	PRPF19	81094	N	PRPF19__81094	Y	platewell=D08; replicate=A
b9227	b9227.raw	Intensity	Intensity b9227	TBC1D22B	81094	N	TBC1D22B__81094	Y	platewell=D09; replicate=A
b9228	b9228.raw	Intensity	Intensity b9228	PRPF31	81094	N	PRPF31__81094	Y	platewell=D10; replicate=A
b9229	b9229.raw	Intensity	Intensity b9229	FSCN2	81094	N	FSCN2__81094	Y	platewell=D11; replicate=A
b9230	b9230.raw	Intensity	Intensity b9230	RSL1D1	81094	N	RSL1D1__81094	Y	platewell=D12; replicate=A
b9233	b9233.raw	Intensity	Intensity b9233	ZC3HC1	81094	N	ZC3HC1__81094	Y	platewell=E01; replicate=A
b9234	b9234.raw	Intensity	Intensity b9234	EPB41L5	81094	N	EPB41L5__81094	Y	platewell=E02; replicate=A
b9235	b9235.raw	Intensity	Intensity b9235	LIPG	81094	N	LIPG__81094	Y	platewell=E04; replicate=A
b9236	b9236.raw	Intensity	Intensity b9236	AGXT2L1	81094	N	AGXT2L1__81094	Y	platewell=E05; replicate=A
b9237	b9237.raw	Intensity	Intensity b9237	CAMKV	81094	N	CAMKV__81094	Y	platewell=E06; replicate=A
b9238	b9238.raw	Intensity	Intensity b9238	ZSCAN5A	81094	N	ZSCAN5A__81094	Y	platewell=E07; replicate=A
b9239	b9239.raw	Intensity	Intensity b9239	FAM114A2	81094	N	FAM114A2__81094	Y	platewell=E08; replicate=A
b9240	b9240.raw	Intensity	Intensity b9240	TTC7A	81094	N	TTC7A__81094	Y	platewell=E09; replicate=A
b9241	b9241.raw	Intensity	Intensity b9241	LIPC	81094	N	LIPC__81094	Y	platewell=E10; replicate=A
b9242	b9242.raw	Intensity	Intensity b9242	ZNF517	81094	N	ZNF517__81094	Y	platewell=E11; replicate=A
b9243	b9243.raw	Intensity	Intensity b9243	PRKAG3	81094	N	PRKAG3__81094	Y	platewell=E12; replicate=A
b9247	b9247.raw	Intensity	Intensity b9247	AMIGO3	81094	N	AMIGO3__81094	Y	platewell=F09; replicate=B
b9248	b9248.raw	Intensity	Intensity b9248	HARS2	81094	N	HARS2__81094	Y	platewell=F08; replicate=B
b9249	b9249.raw	Intensity	Intensity b9249	CDC20	81094	N	CDC20__81094	Y	platewell=F07; replicate=B
b9250	b9250.raw	Intensity	Intensity b9250	SLC2A6	81094	N	SLC2A6__81094	Y	platewell=F05; replicate=B
b9251	b9251.raw	Intensity	Intensity b9251	WASL	81094	N	WASL__81094	Y	platewell=F04; replicate=B
b9252	b9252.raw	Intensity	Intensity b9252	PSMD5	81094	N	PSMD5__81094	Y	platewell=F03; replicate=B
b9253	b9253.raw	Intensity	Intensity b9253	KLHL29	81094	N	KLHL29__81094	Y	platewell=F02; replicate=B
b9254	b9254.raw	Intensity	Intensity b9254	ALDH1L1	81094	N	ALDH1L1__81094	Y	platewell=F01; replicate=B
b9257	b9257.raw	Intensity	Intensity b9257	CYP2S1	81094	N	CYP2S1__81094	Y	platewell=H02; replicate=A
b9258	b9258.raw	Intensity	Intensity b9258	PNPLA2	81094	N	PNPLA2__81094	Y	platewell=H03; replicate=A
b9259	b9259.raw	Intensity	Intensity b9259	TEKT3	81094	N	TEKT3__81094	Y	platewell=H04; replicate=A
b9260	b9260.raw	Intensity	Intensity b9260	CCDC88C	81094	N	CCDC88C__81094	Y	platewell=H05; replicate=A
b9262	b9262.raw	Intensity	Intensity b9262	SLC2A5	81094	N	SLC2A5__81094	Y	platewell=H07; replicate=A
b9264	b9264.raw	Intensity	Intensity b9264	UBAP1	81094	N	UBAP1__81094	Y	platewell=H09; replicate=A
b9265	b9265.raw	Intensity	Intensity b9265	NEU4	81094	N	NEU4__81094	Y	platewell=H10; replicate=A
b9354	b9354.raw	Intensity	Intensity b9354	RNF6	81110	N	RNF6__81110	Y	platewell=B01; replicate=A
b9355	b9355.raw	Intensity	Intensity b9355	NCSTN	81110	N	NCSTN__81110	Y	platewell=B02; replicate=A
b9356	b9356.raw	Intensity	Intensity b9356	ACSBG2	81110	N	ACSBG2__81110	Y	platewell=B04; replicate=A
b9357	b9357.raw	Intensity	Intensity b9357	KIF2B	81110	N	KIF2B__81110	Y	platewell=B05; replicate=A
b9358	b9358.raw	Intensity	Intensity b9358	BMX	81110	N	BMX__81110	Y	platewell=B06; replicate=A
b9359	b9359.raw	Intensity	Intensity b9359	LZTS2	81110	N	LZTS2__81110	Y	platewell=B07; replicate=A
b9360	b9360.raw	Intensity	Intensity b9360	DPYSL3	81110	N	DPYSL3__81110	Y	platewell=B08; replicate=A
b9361	b9361.raw	Intensity	Intensity b9361	FANCM	81110	N	FANCM__81110	Y	platewell=B10; replicate=A
b9362	b9362.raw	Intensity	Intensity b9362	PRDM1	81110	N	PRDM1__81110	Y	platewell=B11; replicate=A
b9363	b9363.raw	Intensity	Intensity b9363	PLK1S1	81110	N	PLK1S1__81110	Y	platewell=B12; replicate=A
b9366	b9366.raw	Intensity	Intensity b9366	ALOX5	81110	N	ALOX5__81110	Y	platewell=A12; replicate=B
b9367	b9367.raw	Intensity	Intensity b9367	SLC39A12	81110	N	SLC39A12__81110	Y	platewell=A11; replicate=B
b9369	b9369.raw	Intensity	Intensity b9369	VASN	81110	N	VASN__81110	Y	platewell=A08; replicate=B
b9370	b9370.raw	Intensity	Intensity b9370	KIF22	81110	N	KIF22__81110	Y	platewell=A07; replicate=B
b9371	b9371.raw	Intensity	Intensity b9371	FLRT1	81110	N	FLRT1__81110	Y	platewell=A06; replicate=B
b9372	b9372.raw	Intensity	Intensity b9372	NALCN	81110	N	NALCN__81110	Y	platewell=A05; replicate=B
b9373	b9373.raw	Intensity	Intensity b9373	LIMK2	81110	N	LIMK2__81110	Y	platewell=A03; replicate=B
b9374	b9374.raw	Intensity	Intensity b9374	FAM190A	81110	N	FAM190A__81110	Y	platewell=A02; replicate=B
b9375	b9375.raw	Intensity	Intensity b9375	FAM189B	81110	N	FAM189B__81110	Y	platewell=A01; replicate=B
b9379	b9379.raw	Intensity	Intensity b9379	CD6	81110	N	CD6__81110	Y	platewell=D02; replicate=A
b9380	b9380.raw	Intensity	Intensity b9380	CIRH1A	81110	N	CIRH1A__81110	Y	platewell=D03; replicate=A
b9381	b9381.raw	Intensity	Intensity b9381	GFPT2	81110	N	GFPT2__81110	Y	platewell=D04; replicate=A
b9382	b9382.raw	Intensity	Intensity b9382	FBXL5	81110	N	FBXL5__81110	Y	platewell=D05; replicate=A
b9383	b9383.raw	Intensity	Intensity b9383	FBXO30	81110	N	FBXO30__81110	Y	platewell=D06; replicate=A
b9384	b9384.raw	Intensity	Intensity b9384	HSPA9	81110	N	HSPA9__81110	Y	platewell=D07; replicate=A
b9386	b9386.raw	Intensity	Intensity b9386	LCA5L	81110	N	LCA5L__81110	Y	platewell=D10; replicate=A
b9387	b9387.raw	Intensity	Intensity b9387	PCDHA10	81110	N	PCDHA10__81110	Y	platewell=D11; replicate=A
b9388	b9388.raw	Intensity	Intensity b9388	PRKCA	81110	N	PRKCA__81110	Y	platewell=D12; replicate=A
b9391	b9391.raw	Intensity	Intensity b9391	ABCG8	81110	N	ABCG8__81110	Y	platewell=C12; replicate=B
b9392	b9392.raw	Intensity	Intensity b9392	DNA2	81110	N	DNA2__81110	Y	platewell=C11; replicate=B
b9393	b9393.raw	Intensity	Intensity b9393	DBF4	81110	N	DBF4__81110	Y	platewell=C09; replicate=B
b9394	b9394.raw	Intensity	Intensity b9394	HBS1L	81110	N	HBS1L__81110	Y	platewell=C05; replicate=B
b9395	b9395.raw	Intensity	Intensity b9395	BBS7	81110	N	BBS7__81110	Y	platewell=C04; replicate=B
b9396	b9396.raw	Intensity	Intensity b9396	SLC20A1	81110	N	SLC20A1__81110	Y	platewell=C03; replicate=B
b9401	b9401.raw	Intensity	Intensity b9401	CAPN13	81110	N	CAPN13__81110	Y	platewell=E12; replicate=B
b9402	b9402.raw	Intensity	Intensity b9402	TRPM8	81110	N	TRPM8__81110	Y	platewell=E11; replicate=B
b9403	b9403.raw	Intensity	Intensity b9403	KIF2A	81110	N	KIF2A__81110	Y	platewell=E10; replicate=B
b9404	b9404.raw	Intensity	Intensity b9404	DDX31	81110	N	DDX31__81110	Y	platewell=E09; replicate=B
b9405	b9405.raw	Intensity	Intensity b9405	PRKG1	81110	N	PRKG1__81110	Y	platewell=E08; replicate=B
b9406	b9406.raw	Intensity	Intensity b9406	RHPN1	81110	N	RHPN1__81110	Y	platewell=E06; replicate=B
b9407	b9407.raw	Intensity	Intensity b9407	POLR3E	81110	N	POLR3E__81110	Y	platewell=E02; replicate=B
b9408	b9408.raw	Intensity	Intensity b9408	ACOX2	81110	N	ACOX2__81110	Y	platewell=E01; replicate=B
b9443	b9443.raw	Intensity	Intensity b9443	GIMAP8	81110	N	GIMAP8__81110	Y	platewell=F12; replicate=B
b9445	b9445.raw	Intensity	Intensity b9445	LRRC45	81110	N	LRRC45__81110	Y	platewell=F10; replicate=B
b9446	b9446.raw	Intensity	Intensity b9446	SLC25A13	81110	N	SLC25A13__81110	Y	platewell=F09; replicate=B
b9447	b9447.raw	Intensity	Intensity b9447	ESRP1	81110	N	ESRP1__81110	Y	platewell=F08; replicate=B
b9481	b9481.raw	Intensity	Intensity b9481	CSN2	81045PEI	N	CSN2__81045PEI	Y	platewell=E10; replicate=C
b9482	b9482.raw	Intensity	Intensity b9482	PRG3	81045PEI	N	PRG3__81045PEI	Y	platewell=E07; replicate=C
b9484	b9484.raw	Intensity	Intensity b9484	SPATA12	81045PEI	N	SPATA12__81045PEI	Y	platewell=E05; replicate=C
b9486	b9486.raw	Intensity	Intensity b9486	DKK4	81045PEI	N	DKK4__81045PEI	Y	platewell=E03; replicate=C
b9487	b9487.raw	Intensity	Intensity b9487	SCN3B	81045PEI	N	SCN3B__81045PEI	Y	platewell=F02; replicate=C
b9647	b9647.raw	Intensity	Intensity b9647	SCFD2	81110	N	SCFD2__81110	Y	platewell=G05; replicate=B
b9958	b9958.raw	Intensity	Intensity b9958	DBF4	81110	N	DBF4__81110	Y	platewell=C09; replicate=C
b9959	b9959.raw	Intensity	Intensity b9959	RHPN1	81110	N	RHPN1__81110	Y	platewell=E06; replicate=C
b9960	b9960.raw	Intensity	Intensity b9960	PRKG1	81110	N	PRKG1__81110	Y	platewell=E08; replicate=C
b9962	b9962.raw	Intensity	Intensity b9962	ANXA6	81110	N	ANXA6__81110	Y	platewell=F05; replicate=A
j10274	j10274.raw	Intensity	Intensity j10274	ZNF428	81045PEI	N	ZNF428__81045PEI	Y	platewell=A01; replicate=A
j10275	j10275.raw	Intensity	Intensity j10275	RAB28	81045PEI	N	RAB28__81045PEI	Y	platewell=A02; replicate=A
j10277	j10277.raw	Intensity	Intensity j10277	EXOG	81045PEI	N	EXOG__81045PEI	Y	platewell=A04; replicate=A
j10279	j10279.raw	Intensity	Intensity j10279	LIM2	81045PEI	N	LIM2__81045PEI	Y	platewell=A07; replicate=A
j10280	j10280.raw	Intensity	Intensity j10280	TM2D2	81045PEI	N	TM2D2__81045PEI	Y	platewell=A09; replicate=A
j10281	j10281.raw	Intensity	Intensity j10281	PRR20A	81045PEI	N	PRR20A__81045PEI	Y	platewell=A10; replicate=A
j10282	j10282.raw	Intensity	Intensity j10282	UBAC2	81045PEI	N	UBAC2__81045PEI	Y	platewell=A11; replicate=A
j10286	j10286.raw	Intensity	Intensity j10286	NKAIN4	81045PEI	N	NKAIN4__81045PEI	Y	platewell=E01; replicate=A
j10287	j10287.raw	Intensity	Intensity j10287	PRR16	81045PEI	N	PRR16__81045PEI	Y	platewell=E02; replicate=A
j10288	j10288.raw	Intensity	Intensity j10288	DKK4	81045PEI	N	DKK4__81045PEI	Y	platewell=E03; replicate=A
j10290	j10290.raw	Intensity	Intensity j10290	SPATA12	81045PEI	N	SPATA12__81045PEI	Y	platewell=E05; replicate=A
j10292	j10292.raw	Intensity	Intensity j10292	PRG3	81045PEI	N	PRG3__81045PEI	Y	platewell=E07; replicate=A
j10293	j10293.raw	Intensity	Intensity j10293	CRYBB3	81045PEI	N	CRYBB3__81045PEI	Y	platewell=E08; replicate=A
j10294	j10294.raw	Intensity	Intensity j10294	HIST1H1E	81045PEI	N	HIST1H1E__81045PEI	Y	platewell=E09; replicate=A
j10295	j10295.raw	Intensity	Intensity j10295	CSN2	81045PEI	N	CSN2__81045PEI	Y	platewell=E10; replicate=A
j10296	j10296.raw	Intensity	Intensity j10296	OAZ3	81045PEI	N	OAZ3__81045PEI	Y	platewell=E11; replicate=A
j10300	j10300.raw	Intensity	Intensity j10300	MAU2	81045PEI	N	MAU2__81045PEI	Y	platewell=C12; replicate=B
j10302	j10302.raw	Intensity	Intensity j10302	CRP	81045PEI	N	CRP__81045PEI	Y	platewell=C10; replicate=B
j10303	j10303.raw	Intensity	Intensity j10303	MOBKL2C	81045PEI	N	MOBKL2C__81045PEI	Y	platewell=C09; replicate=B
j10304	j10304.raw	Intensity	Intensity j10304	TNNI3	81045PEI	N	TNNI3__81045PEI	Y	platewell=C08; replicate=B
j10306	j10306.raw	Intensity	Intensity j10306	IFNA4	81045PEI	N	IFNA4__81045PEI	Y	platewell=C05; replicate=B
j10307	j10307.raw	Intensity	Intensity j10307	TTLL9	81045PEI	N	TTLL9__81045PEI	Y	platewell=C04; replicate=B
j10309	j10309.raw	Intensity	Intensity j10309	SOCS3	81045PEI	N	SOCS3__81045PEI	Y	platewell=C02; replicate=B
j10310	j10310.raw	Intensity	Intensity j10310	RAB15	81045PEI	N	RAB15__81045PEI	Y	platewell=C01; replicate=B
j10313	j10313.raw	Intensity	Intensity j10313	CNTF	81045PEI	N	CNTF__81045PEI	Y	platewell=F11; replicate=B
j10314	j10314.raw	Intensity	Intensity j10314	SULT1C4	81045PEI	N	SULT1C4__81045PEI	Y	platewell=F10; replicate=B
j10315	j10315.raw	Intensity	Intensity j10315	ARHGEF38	81045PEI	N	ARHGEF38__81045PEI	Y	platewell=F09; replicate=B
j10316	j10316.raw	Intensity	Intensity j10316	BAG2	81045PEI	N	BAG2__81045PEI	Y	platewell=F08; replicate=B
j10317	j10317.raw	Intensity	Intensity j10317	BCL7A	81045PEI	N	BCL7A__81045PEI	Y	platewell=F07; replicate=B
j10318	j10318.raw	Intensity	Intensity j10318	IL29	81045PEI	N	IL29__81045PEI	Y	platewell=F06; replicate=B
j10319	j10319.raw	Intensity	Intensity j10319	C9orf139	81045PEI	N	C9orf139__81045PEI	Y	platewell=F05; replicate=B
j10320	j10320.raw	Intensity	Intensity j10320	HTR3D	81045PEI	N	HTR3D__81045PEI	Y	platewell=F04; replicate=B
j10327	j10327.raw	Intensity	Intensity j10327	NEK2	81045PEI	N	NEK2__81045PEI	Y	platewell=B12; replicate=B
j10328	j10328.raw	Intensity	Intensity j10328	IL22RA2	81045PEI	N	IL22RA2__81045PEI	Y	platewell=B11; replicate=B
j10330	j10330.raw	Intensity	Intensity j10330	RAB5C	81045PEI	N	RAB5C__81045PEI	Y	platewell=B09; replicate=B
j10331	j10331.raw	Intensity	Intensity j10331	DTD1	81045PEI	N	DTD1__81045PEI	Y	platewell=B08; replicate=B
j10332	j10332.raw	Intensity	Intensity j10332	RAB41	81045PEI	N	RAB41__81045PEI	Y	platewell=B07; replicate=B
j10333	j10333.raw	Intensity	Intensity j10333	IFNW1	81045PEI	N	IFNW1__81045PEI	Y	platewell=B06; replicate=B
j10334	j10334.raw	Intensity	Intensity j10334	TMEM182	81045PEI	N	TMEM182__81045PEI	Y	platewell=B04; replicate=B
j10335	j10335.raw	Intensity	Intensity j10335	RIT1	81045PEI	N	RIT1__81045PEI	Y	platewell=B03; replicate=B
j10336	j10336.raw	Intensity	Intensity j10336	GJB7	81045PEI	N	GJB7__81045PEI	Y	platewell=B02; replicate=B
j10337	j10337.raw	Intensity	Intensity j10337	YAF2	81045PEI	N	YAF2__81045PEI	Y	platewell=B01; replicate=B
j10342	j10342.raw	Intensity	Intensity j10342	C12orf69	81045PEI	N	C12orf69__81045PEI	Y	platewell=G03; replicate=A
j10343	j10343.raw	Intensity	Intensity j10343	SYNGR4	81045PEI	N	SYNGR4__81045PEI	Y	platewell=G04; replicate=A
j10344	j10344.raw	Intensity	Intensity j10344	OFCC1	81045PEI	N	OFCC1__81045PEI	Y	platewell=G07; replicate=A
j10345	j10345.raw	Intensity	Intensity j10345	ASB14	81045PEI	N	ASB14__81045PEI	Y	platewell=G10; replicate=A
j10363	j10363.raw	Intensity	Intensity j10363	REEP1	81045PEI	N	REEP1__81045PEI	Y	platewell=H11; replicate=B
j10364	j10364.raw	Intensity	Intensity j10364	C19orf39	81045PEI	N	C19orf39__81045PEI	Y	platewell=H10; replicate=B
j10365	j10365.raw	Intensity	Intensity j10365	C18orf21	81045PEI	N	C18orf21__81045PEI	Y	platewell=H09; replicate=B
j10366	j10366.raw	Intensity	Intensity j10366	C3orf43	81045PEI	N	C3orf43__81045PEI	Y	platewell=H08; replicate=B
j10367	j10367.raw	Intensity	Intensity j10367	C9orf106	81045PEI	N	C9orf106__81045PEI	Y	platewell=H07; replicate=B
j10368	j10368.raw	Intensity	Intensity j10368	BCL2L2	81045PEI	N	BCL2L2__81045PEI	Y	platewell=H05; replicate=B
j10369	j10369.raw	Intensity	Intensity j10369	TICAM2	81045PEI	N	TICAM2__81045PEI	Y	platewell=H04; replicate=B
j10370	j10370.raw	Intensity	Intensity j10370	CD79A	81045PEI	N	CD79A__81045PEI	Y	platewell=H03; replicate=B
j10371	j10371.raw	Intensity	Intensity j10371	C11orf85	81045PEI	N	C11orf85__81045PEI	Y	platewell=H02; replicate=B
j10382	j10382.raw	Intensity	Intensity j10382	CRISPLD1	81094	N	CRISPLD1__81094	Y	platewell=A01; replicate=A
j10383	j10383.raw	Intensity	Intensity j10383	TRAF2	81094	N	TRAF2__81094	Y	platewell=A02; replicate=A
j10384	j10384.raw	Intensity	Intensity j10384	INTS4	81094	N	INTS4__81094	Y	platewell=A03; replicate=A
j10385	j10385.raw	Intensity	Intensity j10385	DHX30	81094	N	DHX30__81094	Y	platewell=A04; replicate=A
j10386	j10386.raw	Intensity	Intensity j10386	PLB1	81094	N	PLB1__81094	Y	platewell=A05; replicate=A
j10387	j10387.raw	Intensity	Intensity j10387	ANGPT2	81094	N	ANGPT2__81094	Y	platewell=A06; replicate=A
j10388	j10388.raw	Intensity	Intensity j10388	THUMPD3	81094	N	THUMPD3__81094	Y	platewell=A07; replicate=A
j10389	j10389.raw	Intensity	Intensity j10389	CHD2	81094	N	CHD2__81094	Y	platewell=A08; replicate=A
j10390	j10390.raw	Intensity	Intensity j10390	GDF5	81094	N	GDF5__81094	Y	platewell=A09; replicate=A
j10391	j10391.raw	Intensity	Intensity j10391	RFTN2	81094	N	RFTN2__81094	Y	platewell=A10; replicate=A
j10392	j10392.raw	Intensity	Intensity j10392	CYP2A7	81094	N	CYP2A7__81094	Y	platewell=A11; replicate=A
j10393	j10393.raw	Intensity	Intensity j10393	ZSCAN22	81094	N	ZSCAN22__81094	Y	platewell=A12; replicate=A
j10396	j10396.raw	Intensity	Intensity j10396	CYP3A5	81094	N	CYP3A5__81094	Y	platewell=B01; replicate=A
j10397	j10397.raw	Intensity	Intensity j10397	PDHX	81094	N	PDHX__81094	Y	platewell=B03; replicate=A
j10398	j10398.raw	Intensity	Intensity j10398	SHMT2	81094	N	SHMT2__81094	Y	platewell=B04; replicate=A
j10399	j10399.raw	Intensity	Intensity j10399	SLC24A5	81094	N	SLC24A5__81094	Y	platewell=B06; replicate=A
j10400	j10400.raw	Intensity	Intensity j10400	NF2	81094	N	NF2__81094	Y	platewell=B07; replicate=A
j10401	j10401.raw	Intensity	Intensity j10401	TFCP2	81094	N	TFCP2__81094	Y	platewell=B08; replicate=A
j10402	j10402.raw	Intensity	Intensity j10402	C10orf2	81094	N	C10orf2__81094	Y	platewell=B09; replicate=A
j10403	j10403.raw	Intensity	Intensity j10403	HHAT	81094	N	HHAT__81094	Y	platewell=B11; replicate=A
j10404	j10404.raw	Intensity	Intensity j10404	SMYD1	81094	N	SMYD1__81094	Y	platewell=B12; replicate=A
j10407	j10407.raw	Intensity	Intensity j10407	ALDH1L1	81094	N	ALDH1L1__81094	Y	platewell=F01; replicate=A
j10408	j10408.raw	Intensity	Intensity j10408	KLHL29	81094	N	KLHL29__81094	Y	platewell=F02; replicate=A
j10409	j10409.raw	Intensity	Intensity j10409	PSMD5	81094	N	PSMD5__81094	Y	platewell=F03; replicate=A
j10410	j10410.raw	Intensity	Intensity j10410	WASL	81094	N	WASL__81094	Y	platewell=F04; replicate=A
j10411	j10411.raw	Intensity	Intensity j10411	SLC2A6	81094	N	SLC2A6__81094	Y	platewell=F05; replicate=A
j10412	j10412.raw	Intensity	Intensity j10412	CDC20	81094	N	CDC20__81094	Y	platewell=F07; replicate=A
j10413	j10413.raw	Intensity	Intensity j10413	HARS2	81094	N	HARS2__81094	Y	platewell=F08; replicate=A
j10414	j10414.raw	Intensity	Intensity j10414	AMIGO3	81094	N	AMIGO3__81094	Y	platewell=F09; replicate=A
j10419	j10419.raw	Intensity	Intensity j10419	KCNJ3	81094	N	KCNJ3__81094	Y	platewell=G02; replicate=A
j10420	j10420.raw	Intensity	Intensity j10420	ACCS	81094	N	ACCS__81094	Y	platewell=G03; replicate=A
j10421	j10421.raw	Intensity	Intensity j10421	ACVRL1	81094	N	ACVRL1__81094	Y	platewell=G05; replicate=A
j10422	j10422.raw	Intensity	Intensity j10422	ANXA11	81094	N	ANXA11__81094	Y	platewell=G06; replicate=A
j10423	j10423.raw	Intensity	Intensity j10423	CLCC1	81094	N	CLCC1__81094	Y	platewell=G07; replicate=A
j10424	j10424.raw	Intensity	Intensity j10424	CYP2E1	81094	N	CYP2E1__81094	Y	platewell=G08; replicate=A
j10425	j10425.raw	Intensity	Intensity j10425	FMN1	81094	N	FMN1__81094	Y	platewell=G09; replicate=A
j10426	j10426.raw	Intensity	Intensity j10426	OXA1L	81094	N	OXA1L__81094	Y	platewell=G10; replicate=A
j10427	j10427.raw	Intensity	Intensity j10427	TXNRD2	81094	N	TXNRD2__81094	Y	platewell=G11; replicate=A
j10431	j10431.raw	Intensity	Intensity j10431	PRKAG3	81094	N	PRKAG3__81094	Y	platewell=E12; replicate=B
j10432	j10432.raw	Intensity	Intensity j10432	ZNF517	81094	N	ZNF517__81094	Y	platewell=E11; replicate=B
j10433	j10433.raw	Intensity	Intensity j10433	LIPC	81094	N	LIPC__81094	Y	platewell=E10; replicate=B
j10434	j10434.raw	Intensity	Intensity j10434	TTC7A	81094	N	TTC7A__81094	Y	platewell=E09; replicate=B
j10435	j10435.raw	Intensity	Intensity j10435	FAM114A2	81094	N	FAM114A2__81094	Y	platewell=E08; replicate=B
j10436	j10436.raw	Intensity	Intensity j10436	ZSCAN5A	81094	N	ZSCAN5A__81094	Y	platewell=E07; replicate=B
j10437	j10437.raw	Intensity	Intensity j10437	CAMKV	81094	N	CAMKV__81094	Y	platewell=E06; replicate=B
j10438	j10438.raw	Intensity	Intensity j10438	AGXT2L1	81094	N	AGXT2L1__81094	Y	platewell=E05; replicate=B
j10439	j10439.raw	Intensity	Intensity j10439	LIPG	81094	N	LIPG__81094	Y	platewell=E04; replicate=B
j10440	j10440.raw	Intensity	Intensity j10440	EPB41L5	81094	N	EPB41L5__81094	Y	platewell=E02; replicate=B
j10441	j10441.raw	Intensity	Intensity j10441	ZC3HC1	81094	N	ZC3HC1__81094	Y	platewell=E01; replicate=B
j10445	j10445.raw	Intensity	Intensity j10445	SLC2A5	81094	N	SLC2A5__81094	Y	platewell=H07; replicate=B
j10447	j10447.raw	Intensity	Intensity j10447	CCDC88C	81094	N	CCDC88C__81094	Y	platewell=H05; replicate=B
j10448	j10448.raw	Intensity	Intensity j10448	TEKT3	81094	N	TEKT3__81094	Y	platewell=H04; replicate=B
j10449	j10449.raw	Intensity	Intensity j10449	PNPLA2	81094	N	PNPLA2__81094	Y	platewell=H03; replicate=B
j10450	j10450.raw	Intensity	Intensity j10450	CYP2S1	81094	N	CYP2S1__81094	Y	platewell=H02; replicate=B
j10488	j10488.raw	Intensity	Intensity j10488	NEU4	81094	N	NEU4__81094	Y	platewell=H10; replicate=B
j10489	j10489.raw	Intensity	Intensity j10489	UBAP1	81094	N	UBAP1__81094	Y	platewell=H09; replicate=B
j10538	j10538.raw	Intensity	Intensity j10538	PLK1S1	81110	N	PLK1S1__81110	Y	platewell=B12; replicate=B
j10539	j10539.raw	Intensity	Intensity j10539	PRDM1	81110	N	PRDM1__81110	Y	platewell=B11; replicate=B
j10540	j10540.raw	Intensity	Intensity j10540	FANCM	81110	N	FANCM__81110	Y	platewell=B10; replicate=B
j10541	j10541.raw	Intensity	Intensity j10541	DPYSL3	81110	N	DPYSL3__81110	Y	platewell=B08; replicate=B
j10542	j10542.raw	Intensity	Intensity j10542	LZTS2	81110	N	LZTS2__81110	Y	platewell=B07; replicate=B
j10543	j10543.raw	Intensity	Intensity j10543	BMX	81110	N	BMX__81110	Y	platewell=B06; replicate=B
j10544	j10544.raw	Intensity	Intensity j10544	KIF2B	81110	N	KIF2B__81110	Y	platewell=B05; replicate=B
j10545	j10545.raw	Intensity	Intensity j10545	ACSBG2	81110	N	ACSBG2__81110	Y	platewell=B04; replicate=B
j10546	j10546.raw	Intensity	Intensity j10546	NCSTN	81110	N	NCSTN__81110	Y	platewell=B02; replicate=B
j10547	j10547.raw	Intensity	Intensity j10547	RNF6	81110	N	RNF6__81110	Y	platewell=B01; replicate=B
j10550	j10550.raw	Intensity	Intensity j10550	ACOX2	81110	N	ACOX2__81110	Y	platewell=E01; replicate=A
j10551	j10551.raw	Intensity	Intensity j10551	POLR3E	81110	N	POLR3E__81110	Y	platewell=E02; replicate=A
j10554	j10554.raw	Intensity	Intensity j10554	DDX31	81110	N	DDX31__81110	Y	platewell=E09; replicate=A
j10555	j10555.raw	Intensity	Intensity j10555	KIF2A	81110	N	KIF2A__81110	Y	platewell=E10; replicate=A
j10556	j10556.raw	Intensity	Intensity j10556	TRPM8	81110	N	TRPM8__81110	Y	platewell=E11; replicate=A
j10557	j10557.raw	Intensity	Intensity j10557	CAPN13	81110	N	CAPN13__81110	Y	platewell=E12; replicate=A
j10560	j10560.raw	Intensity	Intensity j10560	PRKCA	81110	N	PRKCA__81110	Y	platewell=D12; replicate=B
j10561	j10561.raw	Intensity	Intensity j10561	PCDHA10	81110	N	PCDHA10__81110	Y	platewell=D11; replicate=B
j10562	j10562.raw	Intensity	Intensity j10562	LCA5L	81110	N	LCA5L__81110	Y	platewell=D10; replicate=B
j10564	j10564.raw	Intensity	Intensity j10564	HSPA9	81110	N	HSPA9__81110	Y	platewell=D07; replicate=B
j10565	j10565.raw	Intensity	Intensity j10565	FBXO30	81110	N	FBXO30__81110	Y	platewell=D06; replicate=B
j10566	j10566.raw	Intensity	Intensity j10566	FBXL5	81110	N	FBXL5__81110	Y	platewell=D05; replicate=B
j10567	j10567.raw	Intensity	Intensity j10567	GFPT2	81110	N	GFPT2__81110	Y	platewell=D04; replicate=B
j10568	j10568.raw	Intensity	Intensity j10568	CIRH1A	81110	N	CIRH1A__81110	Y	platewell=D03; replicate=B
j10569	j10569.raw	Intensity	Intensity j10569	CD6	81110	N	CD6__81110	Y	platewell=D02; replicate=B
j10572	j10572.raw	Intensity	Intensity j10572	ANXA6	81110	N	ANXA6__81110	Y	platewell=F05; replicate=B
j10573	j10573.raw	Intensity	Intensity j10573	TNXB	81110	N	TNXB__81110	Y	platewell=F04; replicate=B
j10574	j10574.raw	Intensity	Intensity j10574	PAK6	81110	N	PAK6__81110	Y	platewell=F03; replicate=B
j10575	j10575.raw	Intensity	Intensity j10575	ATMIN	81110	N	ATMIN__81110	Y	platewell=F02; replicate=B
j10576	j10576.raw	Intensity	Intensity j10576	OAS2	81110	N	OAS2__81110	Y	platewell=F01; replicate=B
j10778	j10778.raw	Intensity	Intensity j10778	FERMT2	81110	N	FERMT2__81110	Y	platewell=H10; replicate=B
j10779	j10779.raw	Intensity	Intensity j10779	ALOX15B	81110	N	ALOX15B__81110	Y	platewell=H09; replicate=B
j10780	j10780.raw	Intensity	Intensity j10780	MPP5	81110	N	MPP5__81110	Y	platewell=H08; replicate=B
j10781	j10781.raw	Intensity	Intensity j10781	TP63	81110	N	TP63__81110	Y	platewell=H07; replicate=B
j10782	j10782.raw	Intensity	Intensity j10782	GLB1	81110	N	GLB1__81110	Y	platewell=H06; replicate=B
j10783	j10783.raw	Intensity	Intensity j10783	SYDE1	81110	N	SYDE1__81110	Y	platewell=H05; replicate=B
j10784	j10784.raw	Intensity	Intensity j10784	RPH3A	81110	N	RPH3A__81110	Y	platewell=H04; replicate=B
j10785	j10785.raw	Intensity	Intensity j10785	SH3KBP1	81110	N	SH3KBP1__81110	Y	platewell=H03; replicate=B
j10786	j10786.raw	Intensity	Intensity j10786	WDTC1	81110	N	WDTC1__81110	Y	platewell=H02; replicate=B
j10787	j10787.raw	Intensity	Intensity j10787	SCEL	81110	N	SCEL__81110	Y	platewell=H01; replicate=B
j10936	j10936.raw	Intensity	Intensity j10936	OXA1L	81094	N	OXA1L__81094	Y	platewell=G10; replicate=C
j10937	j10937.raw	Intensity	Intensity j10937	CYP2E1	81094	N	CYP2E1__81094	Y	platewell=G08; replicate=C
j13305	j13305.raw	Intensity	Intensity j13305	NOP2	81131	N	NOP2__81131	Y	platewell=A01; replicate=A
j13306	j13306.raw	Intensity	Intensity j13306	NAA15	81131	N	NAA15__81131	Y	platewell=A02; replicate=A
j13307	j13307.raw	Intensity	Intensity j13307	GTF3C3	81131	N	GTF3C3__81131	Y	platewell=A03; replicate=A
j13308	j13308.raw	Intensity	Intensity j13308	SLC14A2	81131	N	SLC14A2__81131	Y	platewell=A04; replicate=A
j13309	j13309.raw	Intensity	Intensity j13309	ENPEP	81131	N	ENPEP__81131	Y	platewell=A05; replicate=A
j13310	j13310.raw	Intensity	Intensity j13310	IGHMBP2	81131	N	IGHMBP2__81131	Y	platewell=A06; replicate=A
j13311	j13311.raw	Intensity	Intensity j13311	LLGL2	81131	N	LLGL2__81131	Y	platewell=A07; replicate=A
j13312	j13312.raw	Intensity	Intensity j13312	PPP2R3A	81131	N	PPP2R3A__81131	Y	platewell=A09; replicate=A
j13313	j13313.raw	Intensity	Intensity j13313	CGN	81131	N	CGN__81131	Y	platewell=A10; replicate=A
j13314	j13314.raw	Intensity	Intensity j13314	CGNL1	81131	N	CGNL1__81131	Y	platewell=A11; replicate=A
j13317	j13317.raw	Intensity	Intensity j13317	COPG	81131	N	COPG__81131	Y	platewell=B02; replicate=A
j13318	j13318.raw	Intensity	Intensity j13318	OCRL	81131	N	OCRL__81131	Y	platewell=B03; replicate=A
j13319	j13319.raw	Intensity	Intensity j13319	PLEKHG5	81131	N	PLEKHG5__81131	Y	platewell=B04; replicate=A
j13320	j13320.raw	Intensity	Intensity j13320	MAGEE1	81131	N	MAGEE1__81131	Y	platewell=B05; replicate=A
j13321	j13321.raw	Intensity	Intensity j13321	KANK4	81131	N	KANK4__81131	Y	platewell=B06; replicate=A
j13322	j13322.raw	Intensity	Intensity j13322	TUBGCP5	81131	N	TUBGCP5__81131	Y	platewell=B07; replicate=A
j13323	j13323.raw	Intensity	Intensity j13323	LRIG1	81131	N	LRIG1__81131	Y	platewell=B08; replicate=A
j13324	j13324.raw	Intensity	Intensity j13324	MAML2	81131	N	MAML2__81131	Y	platewell=B09; replicate=A
j13325	j13325.raw	Intensity	Intensity j13325	CHL1	81131	N	CHL1__81131	Y	platewell=B10; replicate=A
j13326	j13326.raw	Intensity	Intensity j13326	MAPK8IP3	81131	N	MAPK8IP3__81131	Y	platewell=B11; replicate=A
j13327	j13327.raw	Intensity	Intensity j13327	YBEY	81131	N	YBEY__81131	Y	platewell=B12; replicate=A
j13329	j13329.raw	Intensity	Intensity j13329	EXOC1	81131	N	EXOC1__81131	Y	platewell=C03; replicate=A
j13330	j13330.raw	Intensity	Intensity j13330	LRRCC1	81131	N	LRRCC1__81131	Y	platewell=C04; replicate=A
j13331	j13331.raw	Intensity	Intensity j13331	SART3	81131	N	SART3__81131	Y	platewell=C05; replicate=A
j13333	j13333.raw	Intensity	Intensity j13333	TRHDE	81131	N	TRHDE__81131	Y	platewell=C07; replicate=A
j13334	j13334.raw	Intensity	Intensity j13334	THBS2	81131	N	THBS2__81131	Y	platewell=C09; replicate=A
j13335	j13335.raw	Intensity	Intensity j13335	AGRP	81131	N	AGRP__81131	Y	platewell=C12; replicate=A
j13378	j13378.raw	Intensity	Intensity j13378	GANAB	81131	N	GANAB__81131	Y	platewell=D01; replicate=A
j13379	j13379.raw	Intensity	Intensity j13379	ANO6	81131	N	ANO6__81131	Y	platewell=D03; replicate=A
j13380	j13380.raw	Intensity	Intensity j13380	ERAP1	81131	N	ERAP1__81131	Y	platewell=D04; replicate=A
j13381	j13381.raw	Intensity	Intensity j13381	SYCP1	81131	N	SYCP1__81131	Y	platewell=D05; replicate=A
j13382	j13382.raw	Intensity	Intensity j13382	SEMA6D	81131	N	SEMA6D__81131	Y	platewell=D06; replicate=A
j13383	j13383.raw	Intensity	Intensity j13383	KRBA1	81131	N	KRBA1__81131	Y	platewell=D07; replicate=A
j13389	j13389.raw	Intensity	Intensity j13389	TLR5	81131	N	TLR5__81131	Y	platewell=F01; replicate=A
j13390	j13390.raw	Intensity	Intensity j13390	CHSY3	81131	N	CHSY3__81131	Y	platewell=F02; replicate=A
j13391	j13391.raw	Intensity	Intensity j13391	PCDHA9	81131	N	PCDHA9__81131	Y	platewell=F04; replicate=A
j13392	j13392.raw	Intensity	Intensity j13392	BMP1	81131	N	BMP1__81131	Y	platewell=F05; replicate=A
j13393	j13393.raw	Intensity	Intensity j13393	PHF20	81131	N	PHF20__81131	Y	platewell=F06; replicate=A
j13394	j13394.raw	Intensity	Intensity j13394	DCLRE1A	81131	N	DCLRE1A__81131	Y	platewell=F07; replicate=A
j13395	j13395.raw	Intensity	Intensity j13395	RANBP6	81131	N	RANBP6__81131	Y	platewell=F08; replicate=A
j13396	j13396.raw	Intensity	Intensity j13396	PTPN14	81131	N	PTPN14__81131	Y	platewell=F09; replicate=A
j13397	j13397.raw	Intensity	Intensity j13397	TECPR2	81131	N	TECPR2__81131	Y	platewell=F10; replicate=A
j13398	j13398.raw	Intensity	Intensity j13398	PTPRU	81131	N	PTPRU__81131	Y	platewell=F11; replicate=A
j13399	j13399.raw	Intensity	Intensity j13399	TRPC5	81131	N	TRPC5__81131	Y	platewell=F12; replicate=A
j13407	j13407.raw	Intensity	Intensity j13407	NSMAF	81131	N	NSMAF__81131	Y	platewell=G03; replicate=B
j13408	j13408.raw	Intensity	Intensity j13408	ECT2	81131	N	ECT2__81131	Y	platewell=G02; replicate=B
j14220	j14220.raw	Intensity	Intensity j14220	DEFB123	81002	N	DEFB123__81002	Y	platewell=D12; replicate=B
j14222	j14222.raw	Intensity	Intensity j14222	ST13	81002	N	ST13__81002	Y	platewell=D08; replicate=B
j14224	j14224.raw	Intensity	Intensity j14224	GNG10	81002	N	GNG10__81002	Y	platewell=D06; replicate=B
j14225	j14225.raw	Intensity	Intensity j14225	LST1	81002	N	LST1__81002	Y	platewell=D02; replicate=B
j14229	j14229.raw	Intensity	Intensity j14229	FAM165B	81002	N	FAM165B__81002	Y	platewell=C08; replicate=B
j14232	j14232.raw	Intensity	Intensity j14232	NDUFA1	81002	N	NDUFA1__81002	Y	platewell=C05; replicate=B
j14246	j14246.raw	Intensity	Intensity j14246	OAZ1	81002	N	OAZ1__81002	Y	platewell=F12; replicate=A
j14252	j14252.raw	Intensity	Intensity j14252	C5orf62	81002	N	C5orf62__81002	Y	platewell=G08; replicate=A
j14260	j14260.raw	Intensity	Intensity j14260	SBDSP1	81002	N	SBDSP1__81002	Y	platewell=H08; replicate=A
j14262	j14262.raw	Intensity	Intensity j14262	GNG5	81002	N	GNG5__81002	Y	platewell=H10; replicate=A
j14268	j14268.raw	Intensity	Intensity j14268	POLR2L	81002	N	POLR2L__81002	Y	platewell=E03; replicate=A
j14269	j14269.raw	Intensity	Intensity j14269	RPS28	81002	N	RPS28__81002	Y	platewell=E04; replicate=A
j14272	j14272.raw	Intensity	Intensity j14272	NBR2	81002	N	NBR2__81002	Y	platewell=E09; replicate=A
j14277	j14277.raw	Intensity	Intensity j14277	NOP10	81002	N	NOP10__81002	Y	platewell=B10; replicate=B
j14280	j14280.raw	Intensity	Intensity j14280	MRPL33	81002	N	MRPL33__81002	Y	platewell=B05; replicate=B
j14281	j14281.raw	Intensity	Intensity j14281	C5orf13	81002	N	C5orf13__81002	Y	platewell=B04; replicate=B
j14282	j14282.raw	Intensity	Intensity j14282	TAC4	81002	N	TAC4__81002	Y	platewell=B03; replicate=B
j14283	j14283.raw	Intensity	Intensity j14283	DEFB106A	81002	N	DEFB106A__81002	Y	platewell=B02; replicate=B
j14285	j14285.raw	Intensity	Intensity j14285	MTCP1NB	81002	N	MTCP1NB__81002	Y	platewell=A11; replicate=B
j14294	j14294.raw	Intensity	Intensity j14294	UQCR10	81002	N	UQCR10__81002	Y	platewell=A04; replicate=B
j14295	j14295.raw	Intensity	Intensity j14295	ATOX1	81002	N	ATOX1__81002	Y	platewell=A03; replicate=B
j14871	j14871.raw	Intensity	Intensity j14871	KLHL11	81130	N	KLHL11__81130	Y	platewell=A01; replicate=A
j14872	j14872.raw	Intensity	Intensity j14872	ECEL1	81130	N	ECEL1__81130	Y	platewell=A02; replicate=A
j14873	j14873.raw	Intensity	Intensity j14873	ZMYND8	81130	N	ZMYND8__81130	Y	platewell=A03; replicate=A
j14874	j14874.raw	Intensity	Intensity j14874	TLR10	81130	N	TLR10__81130	Y	platewell=A06; replicate=A
j14875	j14875.raw	Intensity	Intensity j14875	PCDHGA6	81130	N	PCDHGA6__81130	Y	platewell=A07; replicate=A
j14876	j14876.raw	Intensity	Intensity j14876	AXIN2	81130	N	AXIN2__81130	Y	platewell=A10; replicate=A
j14878	j14878.raw	Intensity	Intensity j14878	VEZT	81130	N	VEZT__81130	Y	platewell=C01; replicate=A
j14880	j14880.raw	Intensity	Intensity j14880	PCDHB3	81130	N	PCDHB3__81130	Y	platewell=C04; replicate=A
j14881	j14881.raw	Intensity	Intensity j14881	RGL1	81130	N	RGL1__81130	Y	platewell=C05; replicate=A
j14884	j14884.raw	Intensity	Intensity j14884	ABTB2	81130	N	ABTB2__81130	Y	platewell=C09; replicate=A
j14885	j14885.raw	Intensity	Intensity j14885	DNM2	81130	N	DNM2__81130	Y	platewell=C11; replicate=A
j14889	j14889.raw	Intensity	Intensity j14889	DDHD1	81130	N	DDHD1__81130	Y	platewell=D11; replicate=B
j14890	j14890.raw	Intensity	Intensity j14890	TRPC3	81130	N	TRPC3__81130	Y	platewell=D10; replicate=B
j14891	j14891.raw	Intensity	Intensity j14891	KIF7	81130	N	KIF7__81130	Y	platewell=D08; replicate=B
j14893	j14893.raw	Intensity	Intensity j14893	PCDHA8	81130	N	PCDHA8__81130	Y	platewell=D06; replicate=B
j14894	j14894.raw	Intensity	Intensity j14894	TMEM63C	81130	N	TMEM63C__81130	Y	platewell=D05; replicate=B
j14895	j14895.raw	Intensity	Intensity j14895	CASD1	81130	N	CASD1__81130	Y	platewell=D04; replicate=B
j14896	j14896.raw	Intensity	Intensity j14896	TRPV3	81130	N	TRPV3__81130	Y	platewell=D03; replicate=B
j14897	j14897.raw	Intensity	Intensity j14897	CPSF2	81130	N	CPSF2__81130	Y	platewell=D02; replicate=B
j14898	j14898.raw	Intensity	Intensity j14898	ZNF280C	81130	N	ZNF280C__81130	Y	platewell=D01; replicate=B
j14907	j14907.raw	Intensity	Intensity j14907	KIAA1274	81130	N	KIAA1274__81130	Y	platewell=G10; replicate=B
j14908	j14908.raw	Intensity	Intensity j14908	TRIM6-TRIM34	81130	N	TRIM6-TRIM34__81130	Y	platewell=G09; replicate=B
j14909	j14909.raw	Intensity	Intensity j14909	SEMA4C	81130	N	SEMA4C__81130	Y	platewell=G08; replicate=B
j14910	j14910.raw	Intensity	Intensity j14910	DLG3	81130	N	DLG3__81130	Y	platewell=G06; replicate=B
j14911	j14911.raw	Intensity	Intensity j14911	PCDHA11	81130	N	PCDHA11__81130	Y	platewell=G05; replicate=B
j14912	j14912.raw	Intensity	Intensity j14912	ANKRD56	81130	N	ANKRD56__81130	Y	platewell=G03; replicate=B
j14913	j14913.raw	Intensity	Intensity j14913	SYNPO2L	81130	N	SYNPO2L__81130	Y	platewell=G01; replicate=B
j14914	j14914.raw	Intensity	Intensity j14914	SEMA3E	81130	N	SEMA3E__81130	Y	platewell=H01; replicate=A
j14915	j14915.raw	Intensity	Intensity j14915	PLG	81130	N	PLG__81130	Y	platewell=H05; replicate=A
j14916	j14916.raw	Intensity	Intensity j14916	TXNDC16	81130	N	TXNDC16__81130	Y	platewell=H07; replicate=A
j14917	j14917.raw	Intensity	Intensity j14917	SLC9A5	81130	N	SLC9A5__81130	Y	platewell=H11; replicate=A
j15092	j15092.raw	Intensity	Intensity j15092	EIF2C1	81130	N	EIF2C1__81130	Y	platewell=H10; replicate=B
j15093	j15093.raw	Intensity	Intensity j15093	RBM25	81130	N	RBM25__81130	Y	platewell=H09; replicate=B
j15094	j15094.raw	Intensity	Intensity j15094	ACAP3	81130	N	ACAP3__81130	Y	platewell=H08; replicate=B
j15095	j15095.raw	Intensity	Intensity j15095	PCDHGA7	81130	N	PCDHGA7__81130	Y	platewell=H06; replicate=B
j15096	j15096.raw	Intensity	Intensity j15096	DPP6	81130	N	DPP6__81130	Y	platewell=H04; replicate=B
j15097	j15097.raw	Intensity	Intensity j15097	BRD4	81130	N	BRD4__81130	Y	platewell=H03; replicate=B
j15098	j15098.raw	Intensity	Intensity j15098	TBC1D2B	81130	N	TBC1D2B__81130	Y	platewell=H02; replicate=B
j15100	j15100.raw	Intensity	Intensity j15100	NPAS2	81130	N	NPAS2__81130	Y	platewell=G07; replicate=B
j15101	j15101.raw	Intensity	Intensity j15101	TFR2	81130	N	TFR2__81130	Y	platewell=G04; replicate=B
j15102	j15102.raw	Intensity	Intensity j15102	TLR1	81130	N	TLR1__81130	Y	platewell=G02; replicate=B
j15105	j15105.raw	Intensity	Intensity j15105	ANKLE2	81130	N	ANKLE2__81130	Y	platewell=F12; replicate=B
j15106	j15106.raw	Intensity	Intensity j15106	BICD2	81130	N	BICD2__81130	Y	platewell=F10; replicate=B
j15107	j15107.raw	Intensity	Intensity j15107	DISC1	81130	N	DISC1__81130	Y	platewell=F08; replicate=B
j15109	j15109.raw	Intensity	Intensity j15109	GPAT2	81130	N	GPAT2__81130	Y	platewell=F03; replicate=B
j15111	j15111.raw	Intensity	Intensity j15111	MATN2	81130	N	MATN2__81130	Y	platewell=E12; replicate=B
j15115	j15115.raw	Intensity	Intensity j15115	SPON1	81130	N	SPON1__81130	Y	platewell=E05; replicate=B
j15116	j15116.raw	Intensity	Intensity j15116	PIPSL	81130	N	PIPSL__81130	Y	platewell=A11; replicate=B
j15120	j15120.raw	Intensity	Intensity j15120	BRD4	81130	N	BRD4__81130	Y	platewell=H03; replicate=C
j15121	j15121.raw	Intensity	Intensity j15121	PCDHGA7	81130	N	PCDHGA7__81130	Y	platewell=H06; replicate=C
j15122	j15122.raw	Intensity	Intensity j15122	ACAP3	81130	N	ACAP3__81130	Y	platewell=H08; replicate=C
j15150	j15150.raw	Intensity	Intensity j15150	PHF14	81130	N	PHF14__81130	Y	platewell=F11; replicate=C
j15151	j15151.raw	Intensity	Intensity j15151	SPON1	81130	N	SPON1__81130	Y	platewell=E05; replicate=C
j18265	j18265.raw	Intensity	Intensity j18265	C19orf66	81033PEI	N	C19orf66__81033PEI	Y	platewell=F02; replicate=C
j19865	j19865.raw	Intensity	Intensity j19865	KRT39	OC2119	N	KRT39__OC2119	Y	platewell=B09; replicate=C
j3706	j3706.raw	Intensity	Intensity j3706	PSRC1	71PEI2	N	PSRC1__71PEI2	Y	platewell=A01; replicate=A
j3709	j3709.raw	Intensity	Intensity j3709	MAB21L3	71PEI2	N	MAB21L3__71PEI2	Y	platewell=A04; replicate=A
j3710	j3710.raw	Intensity	Intensity j3710	RIC3	71PEI2	N	RIC3__71PEI2	Y	platewell=A05; replicate=A
j3711	j3711.raw	Intensity	Intensity j3711	INHA	71PEI2	N	INHA__71PEI2	Y	platewell=A06; replicate=A
j3712	j3712.raw	Intensity	Intensity j3712	USP46	71PEI2	N	USP46__71PEI2	Y	platewell=A07; replicate=A
j3713	j3713.raw	Intensity	Intensity j3713	ZDHHC9	71PEI2	N	ZDHHC9__71PEI2	Y	platewell=A08; replicate=A
j3714	j3714.raw	Intensity	Intensity j3714	LMX1B	71PEI2	N	LMX1B__71PEI2	Y	platewell=A09; replicate=A
j3740	j3740.raw	Intensity	Intensity j3740	VSX1	71PEI2	N	VSX1__71PEI2	Y	platewell=B06; replicate=B
j3741	j3741.raw	Intensity	Intensity j3741	NHLRC2	71PEI2	N	NHLRC2__71PEI2	Y	platewell=B04; replicate=A
j3742	j3742.raw	Intensity	Intensity j3742	POLE	71PEI2	N	POLE__71PEI2	Y	platewell=B07; replicate=A
j3754	j3754.raw	Intensity	Intensity j3754	FKSG43	71PEI2	N	FKSG43__71PEI2	Y	platewell=E01; replicate=A
j3755	j3755.raw	Intensity	Intensity j3755	CDCA7	71PEI2	N	CDCA7__71PEI2	Y	platewell=E03; replicate=A
j3756	j3756.raw	Intensity	Intensity j3756	NXF5	71PEI2	N	NXF5__71PEI2	Y	platewell=E05; replicate=A
j3759	j3759.raw	Intensity	Intensity j3759	RAE1	71PEI2	N	RAE1__71PEI2	Y	platewell=E11; replicate=A
j3771	j3771.raw	Intensity	Intensity j3771	CXCR7	71PEI2	N	CXCR7__71PEI2	Y	platewell=C04; replicate=A
j3772	j3772.raw	Intensity	Intensity j3772	TSSK1B	71PEI2	N	TSSK1B__71PEI2	Y	platewell=C05; replicate=A
j3775	j3775.raw	Intensity	Intensity j3775	POPDC2	71PEI2	N	POPDC2__71PEI2	Y	platewell=C08; replicate=A
j4184	j4184.raw	Intensity	Intensity j4184	CNN1	81059PEI	N	CNN1__81059PEI	Y	platewell=B01; replicate=A
j4185	j4185.raw	Intensity	Intensity j4185	NOSIP	81059PEI	N	NOSIP__81059PEI	Y	platewell=B02; replicate=A
j4186	j4186.raw	Intensity	Intensity j4186	SETD3	81059PEI	N	SETD3__81059PEI	Y	platewell=B03; replicate=A
j4190	j4190.raw	Intensity	Intensity j4190	ZNF277	81059PEI	N	ZNF277__81059PEI	Y	platewell=B07; replicate=A
j4191	j4191.raw	Intensity	Intensity j4191	POPDC3	81059PEI	N	POPDC3__81059PEI	Y	platewell=B08; replicate=A
j4192	j4192.raw	Intensity	Intensity j4192	CCDC146	81059PEI	N	CCDC146__81059PEI	Y	platewell=B09; replicate=A
j4193	j4193.raw	Intensity	Intensity j4193	WDR92	81059PEI	N	WDR92__81059PEI	Y	platewell=B10; replicate=A
j4194	j4194.raw	Intensity	Intensity j4194	RASSF6	81059PEI	N	RASSF6__81059PEI	Y	platewell=B11; replicate=A
j4195	j4195.raw	Intensity	Intensity j4195	ITGA4	81059PEI	N	ITGA4__81059PEI	Y	platewell=B12; replicate=A
j4210	j4210.raw	Intensity	Intensity j4210	GK5	81059PEI	N	GK5__81059PEI	Y	platewell=C02; replicate=A
j4212	j4212.raw	Intensity	Intensity j4212	LDB3	81059PEI	N	LDB3__81059PEI	Y	platewell=C04; replicate=A
j4213	j4213.raw	Intensity	Intensity j4213	GGPS1	81059PEI	N	GGPS1__81059PEI	Y	platewell=C05; replicate=A
j4215	j4215.raw	Intensity	Intensity j4215	HNMT	81059PEI	N	HNMT__81059PEI	Y	platewell=C08; replicate=A
j4216	j4216.raw	Intensity	Intensity j4216	C19orf46	81059PEI	N	C19orf46__81059PEI	Y	platewell=C10; replicate=A
j4217	j4217.raw	Intensity	Intensity j4217	DHRS2	81059PEI	N	DHRS2__81059PEI	Y	platewell=C11; replicate=A
j4223	j4223.raw	Intensity	Intensity j4223	ODF3L1	81059PEI	N	ODF3L1__81059PEI	Y	platewell=D02; replicate=A
j4224	j4224.raw	Intensity	Intensity j4224	CLN8	81059PEI	N	CLN8__81059PEI	Y	platewell=D04; replicate=A
j4226	j4226.raw	Intensity	Intensity j4226	GTDC1	81059PEI	N	GTDC1__81059PEI	Y	platewell=D08; replicate=A
j4227	j4227.raw	Intensity	Intensity j4227	CXorf21	81059PEI	N	CXorf21__81059PEI	Y	platewell=D09; replicate=A
j4228	j4228.raw	Intensity	Intensity j4228	FBXO25	81059PEI	N	FBXO25__81059PEI	Y	platewell=D10; replicate=A
j4229	j4229.raw	Intensity	Intensity j4229	TBC1D3F	81059PEI	N	TBC1D3F__81059PEI	Y	platewell=D12; replicate=A
j4234	j4234.raw	Intensity	Intensity j4234	PPAP2A	81059PEI	N	PPAP2A__81059PEI	Y	platewell=H02; replicate=A
j4235	j4235.raw	Intensity	Intensity j4235	KIAA0247	81059PEI	N	KIAA0247__81059PEI	Y	platewell=H03; replicate=A
j4236	j4236.raw	Intensity	Intensity j4236	F3	81059PEI	N	F3__81059PEI	Y	platewell=H04; replicate=A
j4237	j4237.raw	Intensity	Intensity j4237	COLEC10	81059PEI	N	COLEC10__81059PEI	Y	platewell=H06; replicate=A
j4238	j4238.raw	Intensity	Intensity j4238	SGCD	81059PEI	N	SGCD__81059PEI	Y	platewell=H07; replicate=A
j4240	j4240.raw	Intensity	Intensity j4240	XRCC2	81059PEI	N	XRCC2__81059PEI	Y	platewell=H09; replicate=A
j4241	j4241.raw	Intensity	Intensity j4241	EDA2R	81059PEI	N	EDA2R__81059PEI	Y	platewell=H10; replicate=A
j4242	j4242.raw	Intensity	Intensity j4242	EXOSC8	81059PEI	N	EXOSC8__81059PEI	Y	platewell=H11; replicate=A
j4246	j4246.raw	Intensity	Intensity j4246	STX5	81059PEI	N	STX5__81059PEI	Y	platewell=A01; replicate=A
j4248	j4248.raw	Intensity	Intensity j4248	CNOT7	81059PEI	N	CNOT7__81059PEI	Y	platewell=A03; replicate=A
j4251	j4251.raw	Intensity	Intensity j4251	SNAI3	81059PEI	N	SNAI3__81059PEI	Y	platewell=A06; replicate=A
j4252	j4252.raw	Intensity	Intensity j4252	NIT2	81059PEI	N	NIT2__81059PEI	Y	platewell=A07; replicate=A
j4255	j4255.raw	Intensity	Intensity j4255	C7orf46	81059PEI	N	C7orf46__81059PEI	Y	platewell=A11; replicate=A
j4266	j4266.raw	Intensity	Intensity j4266	FAM175A	81059PEI	N	FAM175A__81059PEI	Y	platewell=G03; replicate=A
j4269	j4269.raw	Intensity	Intensity j4269	RAB40AL	81059PEI	N	RAB40AL__81059PEI	Y	platewell=G06; replicate=A
j4270	j4270.raw	Intensity	Intensity j4270	IYD	81059PEI	N	IYD__81059PEI	Y	platewell=G07; replicate=A
j4271	j4271.raw	Intensity	Intensity j4271	CCNE2	81059PEI	N	CCNE2__81059PEI	Y	platewell=G08; replicate=A
j4273	j4273.raw	Intensity	Intensity j4273	EFCAB4A	81059PEI	N	EFCAB4A__81059PEI	Y	platewell=G10; replicate=A
j4274	j4274.raw	Intensity	Intensity j4274	SYNE2	81059PEI	N	SYNE2__81059PEI	Y	platewell=G11; replicate=A
j4278	j4278.raw	Intensity	Intensity j4278	CCDC121	81059PEI	N	CCDC121__81059PEI	Y	platewell=E02; replicate=A
j4279	j4279.raw	Intensity	Intensity j4279	AMMECR1	81059PEI	N	AMMECR1__81059PEI	Y	platewell=E03; replicate=A
j4280	j4280.raw	Intensity	Intensity j4280	CAPZA2	81059PEI	N	CAPZA2__81059PEI	Y	platewell=E04; replicate=A
j4283	j4283.raw	Intensity	Intensity j4283	FBXO6	81059PEI	N	FBXO6__81059PEI	Y	platewell=E08; replicate=A
j4284	j4284.raw	Intensity	Intensity j4284	C15orf29	81059PEI	N	C15orf29__81059PEI	Y	platewell=E09; replicate=A
j4285	j4285.raw	Intensity	Intensity j4285	STARD10	81059PEI	N	STARD10__81059PEI	Y	platewell=E10; replicate=A
j4286	j4286.raw	Intensity	Intensity j4286	CTSZ	81059PEI	N	CTSZ__81059PEI	Y	platewell=E11; replicate=A
j4294	j4294.raw	Intensity	Intensity j4294	CEBPE	81059PEI	N	CEBPE__81059PEI	Y	platewell=F02; replicate=A
j4295	j4295.raw	Intensity	Intensity j4295	CSGALNACT1	81059PEI	N	CSGALNACT1__81059PEI	Y	platewell=F03; replicate=A
j4297	j4297.raw	Intensity	Intensity j4297	SPATS1	81059PEI	N	SPATS1__81059PEI	Y	platewell=F05; replicate=A
j4298	j4298.raw	Intensity	Intensity j4298	PTCRA	81059PEI	N	PTCRA__81059PEI	Y	platewell=F06; replicate=A
j4299	j4299.raw	Intensity	Intensity j4299	TNFSF13B	81059PEI	N	TNFSF13B__81059PEI	Y	platewell=F07; replicate=A
j4301	j4301.raw	Intensity	Intensity j4301	RPRD1A	81059PEI	N	RPRD1A__81059PEI	Y	platewell=F09; replicate=A
j4303	j4303.raw	Intensity	Intensity j4303	TRAPPC10	81059PEI	N	TRAPPC10__81059PEI	Y	platewell=F11; replicate=A
j4304	j4304.raw	Intensity	Intensity j4304	VDAC2	81059PEI	N	VDAC2__81059PEI	Y	platewell=F12; replicate=A
j4314	j4314.raw	Intensity	Intensity j4314	ZC3H8	81059PEI	N	ZC3H8__81059PEI	Y	platewell=C01; replicate=A
j4315	j4315.raw	Intensity	Intensity j4315	MRPL46	81059PEI	N	MRPL46__81059PEI	Y	platewell=C07; replicate=A
j4316	j4316.raw	Intensity	Intensity j4316	HSD17B11	81059PEI	N	HSD17B11__81059PEI	Y	platewell=C09; replicate=A
j4317	j4317.raw	Intensity	Intensity j4317	ELOVL2	81059PEI	N	ELOVL2__81059PEI	Y	platewell=D03; replicate=A
j4318	j4318.raw	Intensity	Intensity j4318	GLYATL1	81059PEI	N	GLYATL1__81059PEI	Y	platewell=D05; replicate=A
j6409	j6409.raw	Intensity	Intensity j6409	HMBS	81067	N	HMBS__81067	Y	platewell=A01; replicate=A
j6410	j6410.raw	Intensity	Intensity j6410	PARVA	81067	N	PARVA__81067	Y	platewell=A02; replicate=A
j6411	j6411.raw	Intensity	Intensity j6411	PSAT1	81067	N	PSAT1__81067	Y	platewell=A03; replicate=A
j6412	j6412.raw	Intensity	Intensity j6412	GABRE	81067	N	GABRE__81067	Y	platewell=A04; replicate=A
j6414	j6414.raw	Intensity	Intensity j6414	AHSG	81067	N	AHSG__81067	Y	platewell=A06; replicate=A
j6415	j6415.raw	Intensity	Intensity j6415	CDCA7L	81067	N	CDCA7L__81067	Y	platewell=A07; replicate=A
j6416	j6416.raw	Intensity	Intensity j6416	MCAM	81067	N	MCAM__81067	Y	platewell=A08; replicate=A
j6417	j6417.raw	Intensity	Intensity j6417	TRIM16	81067	N	TRIM16__81067	Y	platewell=A09; replicate=A
j6418	j6418.raw	Intensity	Intensity j6418	USP38	81067	N	USP38__81067	Y	platewell=A10; replicate=A
j6422	j6422.raw	Intensity	Intensity j6422	ZNF707	81067	N	ZNF707__81067	Y	platewell=H01; replicate=A
j6423	j6423.raw	Intensity	Intensity j6423	KIAA1456	81067	N	KIAA1456__81067	Y	platewell=H02; replicate=A
j6424	j6424.raw	Intensity	Intensity j6424	SMPD1	81067	N	SMPD1__81067	Y	platewell=H03; replicate=A
j6425	j6425.raw	Intensity	Intensity j6425	C9orf156	81067	N	C9orf156__81067	Y	platewell=H04; replicate=A
j6426	j6426.raw	Intensity	Intensity j6426	CD244	81067	N	CD244__81067	Y	platewell=H05; replicate=A
j6427	j6427.raw	Intensity	Intensity j6427	NUP50	81067	N	NUP50__81067	Y	platewell=H06; replicate=A
j6428	j6428.raw	Intensity	Intensity j6428	DNM3	81067	N	DNM3__81067	Y	platewell=H07; replicate=A
j6429	j6429.raw	Intensity	Intensity j6429	SERPINA6	81067	N	SERPINA6__81067	Y	platewell=H08; replicate=A
j6431	j6431.raw	Intensity	Intensity j6431	PVRL3	81067	N	PVRL3__81067	Y	platewell=H10; replicate=A
j6443	j6443.raw	Intensity	Intensity j6443	OBFC1	81067	N	OBFC1__81067	Y	platewell=B01; replicate=A
j6444	j6444.raw	Intensity	Intensity j6444	SDF4	81067	N	SDF4__81067	Y	platewell=B02; replicate=A
j6445	j6445.raw	Intensity	Intensity j6445	CXADR	81067	N	CXADR__81067	Y	platewell=B03; replicate=A
j6449	j6449.raw	Intensity	Intensity j6449	RBPJ	81067	N	RBPJ__81067	Y	platewell=B07; replicate=A
j6450	j6450.raw	Intensity	Intensity j6450	SLC39A4	81067	N	SLC39A4__81067	Y	platewell=B08; replicate=A
j6451	j6451.raw	Intensity	Intensity j6451	KIAA1949	81067	N	KIAA1949__81067	Y	platewell=B09; replicate=A
j6454	j6454.raw	Intensity	Intensity j6454	FBXL3	81067	N	FBXL3__81067	Y	platewell=B12; replicate=A
j6458	j6458.raw	Intensity	Intensity j6458	HLA-C	81067	N	HLA-C__81067	Y	platewell=D01; replicate=A
j6459	j6459.raw	Intensity	Intensity j6459	LIPT1	81067	N	LIPT1__81067	Y	platewell=D02; replicate=A
j6460	j6460.raw	Intensity	Intensity j6460	CREB3	81067	N	CREB3__81067	Y	platewell=D03; replicate=A
j6461	j6461.raw	Intensity	Intensity j6461	PARD6B	81067	N	PARD6B__81067	Y	platewell=D04; replicate=A
j6462	j6462.raw	Intensity	Intensity j6462	RSAD2	81067	N	RSAD2__81067	Y	platewell=D05; replicate=A
j6463	j6463.raw	Intensity	Intensity j6463	ARHGEF10	81067	N	ARHGEF10__81067	Y	platewell=D06; replicate=A
j6464	j6464.raw	Intensity	Intensity j6464	DNAJC11	81067	N	DNAJC11__81067	Y	platewell=D07; replicate=A
j6465	j6465.raw	Intensity	Intensity j6465	PHF15	81067	N	PHF15__81067	Y	platewell=D08; replicate=A
j6467	j6467.raw	Intensity	Intensity j6467	CLEC18A	81067	N	CLEC18A__81067	Y	platewell=D12; replicate=A
j6471	j6471.raw	Intensity	Intensity j6471	SSBP2	81067	N	SSBP2__81067	Y	platewell=E01; replicate=A
j6472	j6472.raw	Intensity	Intensity j6472	SLC35C1	81067	N	SLC35C1__81067	Y	platewell=E02; replicate=A
j6473	j6473.raw	Intensity	Intensity j6473	PEX3	81067	N	PEX3__81067	Y	platewell=E03; replicate=A
j6474	j6474.raw	Intensity	Intensity j6474	GPR183	81067	N	GPR183__81067	Y	platewell=E05; replicate=A
j6475	j6475.raw	Intensity	Intensity j6475	VASP	81067	N	VASP__81067	Y	platewell=E06; replicate=A
j6476	j6476.raw	Intensity	Intensity j6476	C8orf45	81067	N	C8orf45__81067	Y	platewell=E07; replicate=A
j6477	j6477.raw	Intensity	Intensity j6477	NT5E	81067	N	NT5E__81067	Y	platewell=E08; replicate=A
j6478	j6478.raw	Intensity	Intensity j6478	TEAD4	81067	N	TEAD4__81067	Y	platewell=E09; replicate=A
j6479	j6479.raw	Intensity	Intensity j6479	DZIP3	81067	N	DZIP3__81067	Y	platewell=E10; replicate=A
j6480	j6480.raw	Intensity	Intensity j6480	ADH1C	81067	N	ADH1C__81067	Y	platewell=E11; replicate=A
j6486	j6486.raw	Intensity	Intensity j6486	USP18	81067	N	USP18__81067	Y	platewell=C02; replicate=A
j6488	j6488.raw	Intensity	Intensity j6488	ARPC1A	81067	N	ARPC1A__81067	Y	platewell=C04; replicate=A
j6489	j6489.raw	Intensity	Intensity j6489	IDH3A	81067	N	IDH3A__81067	Y	platewell=C05; replicate=A
j6490	j6490.raw	Intensity	Intensity j6490	AUP1	81067	N	AUP1__81067	Y	platewell=C06; replicate=A
j6491	j6491.raw	Intensity	Intensity j6491	DLD	81067	N	DLD__81067	Y	platewell=C07; replicate=A
j6493	j6493.raw	Intensity	Intensity j6493	IGSF8	81067	N	IGSF8__81067	Y	platewell=C09; replicate=A
j6494	j6494.raw	Intensity	Intensity j6494	DCTN1	81067	N	DCTN1__81067	Y	platewell=C10; replicate=A
j6495	j6495.raw	Intensity	Intensity j6495	B3GNT3	81067	N	B3GNT3__81067	Y	platewell=C11; replicate=A
j6496	j6496.raw	Intensity	Intensity j6496	FAM188A	81067	N	FAM188A__81067	Y	platewell=C12; replicate=A
j6500	j6500.raw	Intensity	Intensity j6500	GRINL1A	81067	N	GRINL1A__81067	Y	platewell=F01; replicate=A
j6501	j6501.raw	Intensity	Intensity j6501	SDC3	81067	N	SDC3__81067	Y	platewell=F02; replicate=A
j6502	j6502.raw	Intensity	Intensity j6502	TTC23L	81067	N	TTC23L__81067	Y	platewell=F03; replicate=A
j6503	j6503.raw	Intensity	Intensity j6503	CD19	81067	N	CD19__81067	Y	platewell=F04; replicate=A
j6504	j6504.raw	Intensity	Intensity j6504	ANKRD16	81067	N	ANKRD16__81067	Y	platewell=F05; replicate=A
j6505	j6505.raw	Intensity	Intensity j6505	PABPC5	81067	N	PABPC5__81067	Y	platewell=F06; replicate=A
j6506	j6506.raw	Intensity	Intensity j6506	MYT1	81067	N	MYT1__81067	Y	platewell=F07; replicate=A
j6507	j6507.raw	Intensity	Intensity j6507	PPARD	81067	N	PPARD__81067	Y	platewell=F09; replicate=A
j6508	j6508.raw	Intensity	Intensity j6508	MMRN1	81067	N	MMRN1__81067	Y	platewell=F10; replicate=A
j6514	j6514.raw	Intensity	Intensity j6514	CD19	81067	N	CD19__81067	Y	platewell=F04; replicate=C
j6517	j6517.raw	Intensity	Intensity j6517	H2AFY2	81067	N	H2AFY2__81067	Y	platewell=G01; replicate=A
j6518	j6518.raw	Intensity	Intensity j6518	GLUL	81067	N	GLUL__81067	Y	platewell=G02; replicate=A
j6519	j6519.raw	Intensity	Intensity j6519	POGZ	81067	N	POGZ__81067	Y	platewell=G03; replicate=A
j6521	j6521.raw	Intensity	Intensity j6521	PNMA2	81067	N	PNMA2__81067	Y	platewell=G05; replicate=A
j6522	j6522.raw	Intensity	Intensity j6522	GMPR2	81067	N	GMPR2__81067	Y	platewell=G06; replicate=A
j6523	j6523.raw	Intensity	Intensity j6523	LMNA	81067	N	LMNA__81067	Y	platewell=G07; replicate=A
j6524	j6524.raw	Intensity	Intensity j6524	HLA-B	81067	N	HLA-B__81067	Y	platewell=G09; replicate=A
j6525	j6525.raw	Intensity	Intensity j6525	GPR52	81067	N	GPR52__81067	Y	platewell=G10; replicate=A
j6526	j6526.raw	Intensity	Intensity j6526	PRKAR2B	81067	N	PRKAR2B__81067	Y	platewell=G11; replicate=A
j9703	j9703.raw	Intensity	Intensity j9703	DPYS	81096	N	DPYS__81096	Y	platewell=A01; replicate=A
j9704	j9704.raw	Intensity	Intensity j9704	DYRK4	81096	N	DYRK4__81096	Y	platewell=A02; replicate=A
j9705	j9705.raw	Intensity	Intensity j9705	TNK2	81096	N	TNK2__81096	Y	platewell=A03; replicate=A
j9706	j9706.raw	Intensity	Intensity j9706	CYP4F12	81096	N	CYP4F12__81096	Y	platewell=A04; replicate=A
j9707	j9707.raw	Intensity	Intensity j9707	VANGL1	81096	N	VANGL1__81096	Y	platewell=A05; replicate=A
j9708	j9708.raw	Intensity	Intensity j9708	DYNC1LI1	81096	N	DYNC1LI1__81096	Y	platewell=A06; replicate=A
j9709	j9709.raw	Intensity	Intensity j9709	ZNF449	81096	N	ZNF449__81096	Y	platewell=A07; replicate=A
j9710	j9710.raw	Intensity	Intensity j9710	POLE2	81096	N	POLE2__81096	Y	platewell=A08; replicate=A
j9711	j9711.raw	Intensity	Intensity j9711	SNX1	81096	N	SNX1__81096	Y	platewell=A09; replicate=A
j9712	j9712.raw	Intensity	Intensity j9712	ZNF238	81096	N	ZNF238__81096	Y	platewell=A10; replicate=A
j9713	j9713.raw	Intensity	Intensity j9713	ZMYND11	81096	N	ZMYND11__81096	Y	platewell=A11; replicate=A
j9714	j9714.raw	Intensity	Intensity j9714	TBL1Y	81096	N	TBL1Y__81096	Y	platewell=A12; replicate=A
j9718	j9718.raw	Intensity	Intensity j9718	TCP11L2	81096	N	TCP11L2__81096	Y	platewell=B01; replicate=A
j9719	j9719.raw	Intensity	Intensity j9719	MARCO	81096	N	MARCO__81096	Y	platewell=B02; replicate=A
j9721	j9721.raw	Intensity	Intensity j9721	ATP5B	81096	N	ATP5B__81096	Y	platewell=B04; replicate=A
j9722	j9722.raw	Intensity	Intensity j9722	NAB2	81096	N	NAB2__81096	Y	platewell=B05; replicate=A
j9723	j9723.raw	Intensity	Intensity j9723	FAM98A	81096	N	FAM98A__81096	Y	platewell=B06; replicate=A
j9724	j9724.raw	Intensity	Intensity j9724	TMEM209	81096	N	TMEM209__81096	Y	platewell=B07; replicate=A
j9725	j9725.raw	Intensity	Intensity j9725	CAT	81096	N	CAT__81096	Y	platewell=B08; replicate=A
j9727	j9727.raw	Intensity	Intensity j9727	PLXNA4	81096	N	PLXNA4__81096	Y	platewell=B10; replicate=A
j9728	j9728.raw	Intensity	Intensity j9728	FBXW11	81096	N	FBXW11__81096	Y	platewell=B11; replicate=A
j9729	j9729.raw	Intensity	Intensity j9729	TIGD6	81096	N	TIGD6__81096	Y	platewell=B12; replicate=A
j9733	j9733.raw	Intensity	Intensity j9733	CREB3L1	81096	N	CREB3L1__81096	Y	platewell=C01; replicate=A
j9734	j9734.raw	Intensity	Intensity j9734	DCT	81096	N	DCT__81096	Y	platewell=C02; replicate=A
j9735	j9735.raw	Intensity	Intensity j9735	BAIAP2	81096	N	BAIAP2__81096	Y	platewell=C03; replicate=A
j9736	j9736.raw	Intensity	Intensity j9736	CDC25A	81096	N	CDC25A__81096	Y	platewell=C04; replicate=A
j9737	j9737.raw	Intensity	Intensity j9737	DEPDC1	81096	N	DEPDC1__81096	Y	platewell=C05; replicate=A
j9738	j9738.raw	Intensity	Intensity j9738	TULP2	81096	N	TULP2__81096	Y	platewell=C06; replicate=A
j9739	j9739.raw	Intensity	Intensity j9739	ZNF572	81096	N	ZNF572__81096	Y	platewell=C08; replicate=A
j9740	j9740.raw	Intensity	Intensity j9740	CORO2A	81096	N	CORO2A__81096	Y	platewell=C09; replicate=A
j9741	j9741.raw	Intensity	Intensity j9741	CDK17	81096	N	CDK17__81096	Y	platewell=C10; replicate=A
j9742	j9742.raw	Intensity	Intensity j9742	SIAE	81096	N	SIAE__81096	Y	platewell=C11; replicate=A
j9743	j9743.raw	Intensity	Intensity j9743	VANGL2	81096	N	VANGL2__81096	Y	platewell=C12; replicate=A
j9747	j9747.raw	Intensity	Intensity j9747	CAMKK1	81096	N	CAMKK1__81096	Y	platewell=D01; replicate=A
j9748	j9748.raw	Intensity	Intensity j9748	TBX22	81096	N	TBX22__81096	Y	platewell=D02; replicate=A
j9749	j9749.raw	Intensity	Intensity j9749	GPR114	81096	N	GPR114__81096	Y	platewell=D03; replicate=A
j9750	j9750.raw	Intensity	Intensity j9750	NHEDC2	81096	N	NHEDC2__81096	Y	platewell=D04; replicate=A
j9751	j9751.raw	Intensity	Intensity j9751	PFKFB3	81096	N	PFKFB3__81096	Y	platewell=D05; replicate=A
j9752	j9752.raw	Intensity	Intensity j9752	ZNF768	81096	N	ZNF768__81096	Y	platewell=D06; replicate=A
j9753	j9753.raw	Intensity	Intensity j9753	LRRTM1	81096	N	LRRTM1__81096	Y	platewell=D07; replicate=A
j9754	j9754.raw	Intensity	Intensity j9754	APEX2	81096	N	APEX2__81096	Y	platewell=D08; replicate=A
j9755	j9755.raw	Intensity	Intensity j9755	MFSD8	81096	N	MFSD8__81096	Y	platewell=D09; replicate=A
j9757	j9757.raw	Intensity	Intensity j9757	PNLDC1	81096	N	PNLDC1__81096	Y	platewell=D12; replicate=A
j9761	j9761.raw	Intensity	Intensity j9761	KBTBD4	81096	N	KBTBD4__81096	Y	platewell=G01; replicate=A
j9762	j9762.raw	Intensity	Intensity j9762	ZNF490	81096	N	ZNF490__81096	Y	platewell=G02; replicate=A
j9763	j9763.raw	Intensity	Intensity j9763	QRSL1	81096	N	QRSL1__81096	Y	platewell=G03; replicate=A
j9764	j9764.raw	Intensity	Intensity j9764	CYP4V2	81096	N	CYP4V2__81096	Y	platewell=G04; replicate=A
j9765	j9765.raw	Intensity	Intensity j9765	ARHGEF3	81096	N	ARHGEF3__81096	Y	platewell=G05; replicate=A
j9766	j9766.raw	Intensity	Intensity j9766	ARSG	81096	N	ARSG__81096	Y	platewell=G06; replicate=A
j9767	j9767.raw	Intensity	Intensity j9767	ZNF454	81096	N	ZNF454__81096	Y	platewell=G07; replicate=A
j9768	j9768.raw	Intensity	Intensity j9768	FBXO7	81096	N	FBXO7__81096	Y	platewell=G08; replicate=A
j9769	j9769.raw	Intensity	Intensity j9769	OXCT1	81096	N	OXCT1__81096	Y	platewell=G09; replicate=A
j9771	j9771.raw	Intensity	Intensity j9771	ALPL	81096	N	ALPL__81096	Y	platewell=G11; replicate=A
j9776	j9776.raw	Intensity	Intensity j9776	USP3	81096	N	USP3__81096	Y	platewell=F12; replicate=B
j9777	j9777.raw	Intensity	Intensity j9777	UGT2A3	81096	N	UGT2A3__81096	Y	platewell=F11; replicate=B
j9778	j9778.raw	Intensity	Intensity j9778	SLC1A1	81096	N	SLC1A1__81096	Y	platewell=F10; replicate=B
j9784	j9784.raw	Intensity	Intensity j9784	SYNCRIP	81096	N	SYNCRIP__81096	Y	platewell=F02; replicate=B
j9788	j9788.raw	Intensity	Intensity j9788	VNN2	81096	N	VNN2__81096	Y	platewell=E12; replicate=B
j9789	j9789.raw	Intensity	Intensity j9789	ALPI	81096	N	ALPI__81096	Y	platewell=E11; replicate=B
j9790	j9790.raw	Intensity	Intensity j9790	OMA1	81096	N	OMA1__81096	Y	platewell=E10; replicate=B
j9791	j9791.raw	Intensity	Intensity j9791	ASB3	81096	N	ASB3__81096	Y	platewell=E09; replicate=B
j9792	j9792.raw	Intensity	Intensity j9792	C17orf53	81096	N	C17orf53__81096	Y	platewell=E08; replicate=B
j9793	j9793.raw	Intensity	Intensity j9793	CDC16	81096	N	CDC16__81096	Y	platewell=E07; replicate=B
j9794	j9794.raw	Intensity	Intensity j9794	LAP3	81096	N	LAP3__81096	Y	platewell=E05; replicate=B
j9795	j9795.raw	Intensity	Intensity j9795	WHSC2	81096	N	WHSC2__81096	Y	platewell=E03; replicate=B
j9796	j9796.raw	Intensity	Intensity j9796	FLVCR2	81096	N	FLVCR2__81096	Y	platewell=E02; replicate=B
j9797	j9797.raw	Intensity	Intensity j9797	PDE4D	81096	N	PDE4D__81096	Y	platewell=E01; replicate=B
j9798	j9798.raw	Intensity	Intensity j9798	C16orf71	81096	N	C16orf71__81096	Y	platewell=H01; replicate=A
j9799	j9799.raw	Intensity	Intensity j9799	HEXA	81096	N	HEXA__81096	Y	platewell=H02; replicate=A
j9800	j9800.raw	Intensity	Intensity j9800	GPR161	81096	N	GPR161__81096	Y	platewell=H03; replicate=A
j9801	j9801.raw	Intensity	Intensity j9801	MEPE	81096	N	MEPE__81096	Y	platewell=H05; replicate=A
j9802	j9802.raw	Intensity	Intensity j9802	YARS	81096	N	YARS__81096	Y	platewell=H06; replicate=A
j9804	j9804.raw	Intensity	Intensity j9804	PRPF4	81096	N	PRPF4__81096	Y	platewell=H08; replicate=A
j9806	j9806.raw	Intensity	Intensity j9806	MAOA	81096	N	MAOA__81096	Y	platewell=H10; replicate=A
j9807	j9807.raw	Intensity	Intensity j9807	UGT3A2	81096	N	UGT3A2__81096	Y	platewell=H11; replicate=A
j9956	j9956.raw	Intensity	Intensity j9956	CDC25A	81096	N	CDC25A__81096	Y	platewell=C04; replicate=C
j9957	j9957.raw	Intensity	Intensity j9957	PDZK1	81096	N	PDZK1__81096	Y	platewell=F09; replicate=C
j9958	j9958.raw	Intensity	Intensity j9958	ATG9A	81096	N	ATG9A__81096	Y	platewell=F08; replicate=C
j9959	j9959.raw	Intensity	Intensity j9959	OCLN	81096	N	OCLN__81096	Y	platewell=F06; replicate=C
j9960	j9960.raw	Intensity	Intensity j9960	ACCN2	81096	N	ACCN2__81096	Y	platewell=F05; replicate=C
q10517	q10517.raw	Intensity	Intensity q10517	CGNL1	81131	N	CGNL1__81131	Y	platewell=A11; replicate=B
q10518	q10518.raw	Intensity	Intensity q10518	CGN	81131	N	CGN__81131	Y	platewell=A10; replicate=B
q10519	q10519.raw	Intensity	Intensity q10519	PPP2R3A	81131	N	PPP2R3A__81131	Y	platewell=A09; replicate=B
q10520	q10520.raw	Intensity	Intensity q10520	LLGL2	81131	N	LLGL2__81131	Y	platewell=A07; replicate=B
q10521	q10521.raw	Intensity	Intensity q10521	IGHMBP2	81131	N	IGHMBP2__81131	Y	platewell=A06; replicate=B
q10522	q10522.raw	Intensity	Intensity q10522	ENPEP	81131	N	ENPEP__81131	Y	platewell=A05; replicate=B
q10523	q10523.raw	Intensity	Intensity q10523	SLC14A2	81131	N	SLC14A2__81131	Y	platewell=A04; replicate=B
q10524	q10524.raw	Intensity	Intensity q10524	GTF3C3	81131	N	GTF3C3__81131	Y	platewell=A03; replicate=B
q10525	q10525.raw	Intensity	Intensity q10525	NAA15	81131	N	NAA15__81131	Y	platewell=A02; replicate=B
q10526	q10526.raw	Intensity	Intensity q10526	NOP2	81131	N	NOP2__81131	Y	platewell=A01; replicate=B
q10527	q10527.raw	Intensity	Intensity q10527	AGRP	81131	N	AGRP__81131	Y	platewell=C12; replicate=B
q10528	q10528.raw	Intensity	Intensity q10528	THBS2	81131	N	THBS2__81131	Y	platewell=C09; replicate=B
q10529	q10529.raw	Intensity	Intensity q10529	TRHDE	81131	N	TRHDE__81131	Y	platewell=C07; replicate=B
q10531	q10531.raw	Intensity	Intensity q10531	SART3	81131	N	SART3__81131	Y	platewell=C05; replicate=B
q10532	q10532.raw	Intensity	Intensity q10532	LRRCC1	81131	N	LRRCC1__81131	Y	platewell=C04; replicate=B
q10533	q10533.raw	Intensity	Intensity q10533	EXOC1	81131	N	EXOC1__81131	Y	platewell=C03; replicate=B
q10537	q10537.raw	Intensity	Intensity q10537	LPIN3	81131	N	LPIN3__81131	Y	platewell=E01; replicate=A
q10539	q10539.raw	Intensity	Intensity q10539	MARCH6	81131	N	MARCH6__81131	Y	platewell=E03; replicate=A
q10540	q10540.raw	Intensity	Intensity q10540	ZCCHC14	81131	N	ZCCHC14__81131	Y	platewell=E04; replicate=A
q10541	q10541.raw	Intensity	Intensity q10541	EPHA1	81131	N	EPHA1__81131	Y	platewell=E05; replicate=A
q10542	q10542.raw	Intensity	Intensity q10542	PPFIBP1	81131	N	PPFIBP1__81131	Y	platewell=E06; replicate=A
q10543	q10543.raw	Intensity	Intensity q10543	DAB2IP	81131	N	DAB2IP__81131	Y	platewell=E07; replicate=A
q10544	q10544.raw	Intensity	Intensity q10544	ATF7IP	81131	N	ATF7IP__81131	Y	platewell=E08; replicate=A
q10545	q10545.raw	Intensity	Intensity q10545	TBC1D9	81131	N	TBC1D9__81131	Y	platewell=E10; replicate=A
q10546	q10546.raw	Intensity	Intensity q10546	CPD	81131	N	CPD__81131	Y	platewell=E11; replicate=A
q10547	q10547.raw	Intensity	Intensity q10547	RNF43	81131	N	RNF43__81131	Y	platewell=E12; replicate=A
q10550	q10550.raw	Intensity	Intensity q10550	TRPC5	81131	N	TRPC5__81131	Y	platewell=F12; replicate=B
q10551	q10551.raw	Intensity	Intensity q10551	PTPRU	81131	N	PTPRU__81131	Y	platewell=F11; replicate=B
q10552	q10552.raw	Intensity	Intensity q10552	TECPR2	81131	N	TECPR2__81131	Y	platewell=F10; replicate=B
q10553	q10553.raw	Intensity	Intensity q10553	PTPN14	81131	N	PTPN14__81131	Y	platewell=F09; replicate=B
q10554	q10554.raw	Intensity	Intensity q10554	RANBP6	81131	N	RANBP6__81131	Y	platewell=F08; replicate=B
q10558	q10558.raw	Intensity	Intensity q10558	PHF20	81131	N	PHF20__81131	Y	platewell=F06; replicate=B
q10559	q10559.raw	Intensity	Intensity q10559	BMP1	81131	N	BMP1__81131	Y	platewell=F05; replicate=B
q10560	q10560.raw	Intensity	Intensity q10560	PCDHA9	81131	N	PCDHA9__81131	Y	platewell=F04; replicate=B
q10561	q10561.raw	Intensity	Intensity q10561	CHSY3	81131	N	CHSY3__81131	Y	platewell=F02; replicate=B
q10562	q10562.raw	Intensity	Intensity q10562	TLR5	81131	N	TLR5__81131	Y	platewell=F01; replicate=B
q10567	q10567.raw	Intensity	Intensity q10567	RNF43	81131	N	RNF43__81131	Y	platewell=E12; replicate=B
q10568	q10568.raw	Intensity	Intensity q10568	CPD	81131	N	CPD__81131	Y	platewell=E11; replicate=B
q10569	q10569.raw	Intensity	Intensity q10569	TBC1D9	81131	N	TBC1D9__81131	Y	platewell=E10; replicate=B
q10570	q10570.raw	Intensity	Intensity q10570	ATF7IP	81131	N	ATF7IP__81131	Y	platewell=E08; replicate=B
q10571	q10571.raw	Intensity	Intensity q10571	DAB2IP	81131	N	DAB2IP__81131	Y	platewell=E07; replicate=B
q10573	q10573.raw	Intensity	Intensity q10573	EPHA1	81131	N	EPHA1__81131	Y	platewell=E05; replicate=B
q10574	q10574.raw	Intensity	Intensity q10574	ZCCHC14	81131	N	ZCCHC14__81131	Y	platewell=E04; replicate=B
q10575	q10575.raw	Intensity	Intensity q10575	MARCH6	81131	N	MARCH6__81131	Y	platewell=E03; replicate=B
q10577	q10577.raw	Intensity	Intensity q10577	LPIN3	81131	N	LPIN3__81131	Y	platewell=E01; replicate=B
q10654	q10654.raw	Intensity	Intensity q10654	KANK4	81131	N	KANK4__81131	Y	platewell=B06; replicate=C
q10678	q10678.raw	Intensity	Intensity q10678	PCDH12	81131	N	PCDH12__81131	Y	platewell=G09; replicate=C
q10681	q10681.raw	Intensity	Intensity q10681	GAA	81131	N	GAA__81131	Y	platewell=G04; replicate=C
q11337	q11337.raw	Intensity	Intensity q11337	UQCR10	81002	N	UQCR10__81002	Y	platewell=A04; replicate=A
q11348	q11348.raw	Intensity	Intensity q11348	TAC4	81002	N	TAC4__81002	Y	platewell=B03; replicate=A
q11349	q11349.raw	Intensity	Intensity q11349	C5orf13	81002	N	C5orf13__81002	Y	platewell=B04; replicate=A
q11353	q11353.raw	Intensity	Intensity q11353	NOP10	81002	N	NOP10__81002	Y	platewell=B10; replicate=A
q11360	q11360.raw	Intensity	Intensity q11360	NDUFA1	81002	N	NDUFA1__81002	Y	platewell=C05; replicate=A
q11363	q11363.raw	Intensity	Intensity q11363	FAM165B	81002	N	FAM165B__81002	Y	platewell=C08; replicate=A
q11368	q11368.raw	Intensity	Intensity q11368	GNG10	81002	N	GNG10__81002	Y	platewell=D06; replicate=A
q11370	q11370.raw	Intensity	Intensity q11370	ST13	81002	N	ST13__81002	Y	platewell=D08; replicate=A
q11371	q11371.raw	Intensity	Intensity q11371	LENEP	81002	N	LENEP__81002	Y	platewell=D11; replicate=A
q11372	q11372.raw	Intensity	Intensity q11372	DEFB123	81002	N	DEFB123__81002	Y	platewell=D12; replicate=A
q11965	q11965.raw	Intensity	Intensity q11965	ZNF280C	81130	N	ZNF280C__81130	Y	platewell=D01; replicate=A
q11968	q11968.raw	Intensity	Intensity q11968	CASD1	81130	N	CASD1__81130	Y	platewell=D04; replicate=A
q11969	q11969.raw	Intensity	Intensity q11969	TMEM63C	81130	N	TMEM63C__81130	Y	platewell=D05; replicate=A
q11970	q11970.raw	Intensity	Intensity q11970	PCDHA8	81130	N	PCDHA8__81130	Y	platewell=D06; replicate=A
q11972	q11972.raw	Intensity	Intensity q11972	KIF7	81130	N	KIF7__81130	Y	platewell=D08; replicate=A
q11973	q11973.raw	Intensity	Intensity q11973	TRPC3	81130	N	TRPC3__81130	Y	platewell=D10; replicate=A
q11974	q11974.raw	Intensity	Intensity q11974	DDHD1	81130	N	DDHD1__81130	Y	platewell=D11; replicate=A
q11977	q11977.raw	Intensity	Intensity q11977	SYNPO2L	81130	N	SYNPO2L__81130	Y	platewell=G01; replicate=A
q11978	q11978.raw	Intensity	Intensity q11978	ANKRD56	81130	N	ANKRD56__81130	Y	platewell=G03; replicate=A
q11979	q11979.raw	Intensity	Intensity q11979	PCDHA11	81130	N	PCDHA11__81130	Y	platewell=G05; replicate=A
q11980	q11980.raw	Intensity	Intensity q11980	DLG3	81130	N	DLG3__81130	Y	platewell=G06; replicate=A
q11981	q11981.raw	Intensity	Intensity q11981	SEMA4C	81130	N	SEMA4C__81130	Y	platewell=G08; replicate=A
q11982	q11982.raw	Intensity	Intensity q11982	TRIM6-TRIM34	81130	N	TRIM6-TRIM34__81130	Y	platewell=G09; replicate=A
q11983	q11983.raw	Intensity	Intensity q11983	KIAA1274	81130	N	KIAA1274__81130	Y	platewell=G10; replicate=A
q11988	q11988.raw	Intensity	Intensity q11988	RABEP1	81130	N	RABEP1__81130	Y	platewell=B11; replicate=B
q11989	q11989.raw	Intensity	Intensity q11989	GABBR1	81130	N	GABBR1__81130	Y	platewell=B10; replicate=B
q11990	q11990.raw	Intensity	Intensity q11990	MOGS	81130	N	MOGS__81130	Y	platewell=B09; replicate=B
q11992	q11992.raw	Intensity	Intensity q11992	PCDHB1	81130	N	PCDHB1__81130	Y	platewell=B07; replicate=B
q11993	q11993.raw	Intensity	Intensity q11993	PCDHGB2	81130	N	PCDHGB2__81130	Y	platewell=B06; replicate=B
q11994	q11994.raw	Intensity	Intensity q11994	DIS3	81130	N	DIS3__81130	Y	platewell=B04; replicate=B
q11995	q11995.raw	Intensity	Intensity q11995	LRFN2	81130	N	LRFN2__81130	Y	platewell=B03; replicate=B
q11996	q11996.raw	Intensity	Intensity q11996	PDE10A	81130	N	PDE10A__81130	Y	platewell=B02; replicate=B
q11997	q11997.raw	Intensity	Intensity q11997	RBAK	81130	N	RBAK__81130	Y	platewell=B01; replicate=B
q12001	q12001.raw	Intensity	Intensity q12001	DNM2	81130	N	DNM2__81130	Y	platewell=C11; replicate=B
q12002	q12002.raw	Intensity	Intensity q12002	ABTB2	81130	N	ABTB2__81130	Y	platewell=C09; replicate=B
q12005	q12005.raw	Intensity	Intensity q12005	RGL1	81130	N	RGL1__81130	Y	platewell=C05; replicate=B
q12006	q12006.raw	Intensity	Intensity q12006	PCDHB3	81130	N	PCDHB3__81130	Y	platewell=C04; replicate=B
q12008	q12008.raw	Intensity	Intensity q12008	VEZT	81130	N	VEZT__81130	Y	platewell=C01; replicate=B
q12010	q12010.raw	Intensity	Intensity q12010	AXIN2	81130	N	AXIN2__81130	Y	platewell=A10; replicate=B
q12011	q12011.raw	Intensity	Intensity q12011	PCDHGA6	81130	N	PCDHGA6__81130	Y	platewell=A07; replicate=B
q12012	q12012.raw	Intensity	Intensity q12012	TLR10	81130	N	TLR10__81130	Y	platewell=A06; replicate=B
q12014	q12014.raw	Intensity	Intensity q12014	ECEL1	81130	N	ECEL1__81130	Y	platewell=A02; replicate=B
q12015	q12015.raw	Intensity	Intensity q12015	KLHL11	81130	N	KLHL11__81130	Y	platewell=A01; replicate=B
q12020	q12020.raw	Intensity	Intensity q12020	ARHGAP12	81130	N	ARHGAP12__81130	Y	platewell=F09; replicate=B
q12021	q12021.raw	Intensity	Intensity q12021	GSG2	81130	N	GSG2__81130	Y	platewell=F04; replicate=B
q12022	q12022.raw	Intensity	Intensity q12022	PNPT1	81130	N	PNPT1__81130	Y	platewell=F02; replicate=B
q12023	q12023.raw	Intensity	Intensity q12023	PCDHGC5	81130	N	PCDHGC5__81130	Y	platewell=E11; replicate=B
q12024	q12024.raw	Intensity	Intensity q12024	GTF3C4	81130	N	GTF3C4__81130	Y	platewell=E07; replicate=B
q12026	q12026.raw	Intensity	Intensity q12026	EPC2	81130	N	EPC2__81130	Y	platewell=E02; replicate=B
q12027	q12027.raw	Intensity	Intensity q12027	RASEF	81130	N	RASEF__81130	Y	platewell=E01; replicate=B
q12048	q12048.raw	Intensity	Intensity q12048	SLC9A5	81130	N	SLC9A5__81130	Y	platewell=H11; replicate=B
q12049	q12049.raw	Intensity	Intensity q12049	TXNDC16	81130	N	TXNDC16__81130	Y	platewell=H07; replicate=B
q12050	q12050.raw	Intensity	Intensity q12050	PLG	81130	N	PLG__81130	Y	platewell=H05; replicate=B
q12051	q12051.raw	Intensity	Intensity q12051	SEMA3E	81130	N	SEMA3E__81130	Y	platewell=H01; replicate=B
q12052	q12052.raw	Intensity	Intensity q12052	ZMYND8	81130	N	ZMYND8__81130	Y	platewell=A03; replicate=C
q12053	q12053.raw	Intensity	Intensity q12053	RBAK	81130	N	RBAK__81130	Y	platewell=B01; replicate=C
q12054	q12054.raw	Intensity	Intensity q12054	PDE10A	81130	N	PDE10A__81130	Y	platewell=B02; replicate=C
q12055	q12055.raw	Intensity	Intensity q12055	CPSF2	81130	N	CPSF2__81130	Y	platewell=D02; replicate=C
q12056	q12056.raw	Intensity	Intensity q12056	TRPV3	81130	N	TRPV3__81130	Y	platewell=D03; replicate=C
q12128	q12128.raw	Intensity	Intensity q12128	PIPSL	81130	N	PIPSL__81130	Y	platewell=A11; replicate=A
q12133	q12133.raw	Intensity	Intensity q12133	MATN2	81130	N	MATN2__81130	Y	platewell=E12; replicate=A
q12135	q12135.raw	Intensity	Intensity q12135	GPAT2	81130	N	GPAT2__81130	Y	platewell=F03; replicate=A
q12137	q12137.raw	Intensity	Intensity q12137	DISC1	81130	N	DISC1__81130	Y	platewell=F08; replicate=A
q12138	q12138.raw	Intensity	Intensity q12138	BICD2	81130	N	BICD2__81130	Y	platewell=F10; replicate=A
q12139	q12139.raw	Intensity	Intensity q12139	ANKLE2	81130	N	ANKLE2__81130	Y	platewell=F12; replicate=A
q12142	q12142.raw	Intensity	Intensity q12142	TLR1	81130	N	TLR1__81130	Y	platewell=G02; replicate=A
q12143	q12143.raw	Intensity	Intensity q12143	TFR2	81130	N	TFR2__81130	Y	platewell=G04; replicate=A
q12144	q12144.raw	Intensity	Intensity q12144	NPAS2	81130	N	NPAS2__81130	Y	platewell=G07; replicate=A
q12146	q12146.raw	Intensity	Intensity q12146	TBC1D2B	81130	N	TBC1D2B__81130	Y	platewell=H02; replicate=A
q12148	q12148.raw	Intensity	Intensity q12148	DPP6	81130	N	DPP6__81130	Y	platewell=H04; replicate=A
q12152	q12152.raw	Intensity	Intensity q12152	RBM25	81130	N	RBM25__81130	Y	platewell=H09; replicate=A
q12153	q12153.raw	Intensity	Intensity q12153	EIF2C1	81130	N	EIF2C1__81130	Y	platewell=H10; replicate=A
q12550	q12550.raw	Intensity	Intensity q12550	C1orf146	81033PEI	N	C1orf146__81033PEI	Y	platewell=A01; replicate=A
q12551	q12551.raw	Intensity	Intensity q12551	FAM9C	81033PEI	N	FAM9C__81033PEI	Y	platewell=A02; replicate=A
q12552	q12552.raw	Intensity	Intensity q12552	SSBP1	81033PEI	N	SSBP1__81033PEI	Y	platewell=A03; replicate=A
q12553	q12553.raw	Intensity	Intensity q12553	IQCF2	81033PEI	N	IQCF2__81033PEI	Y	platewell=A04; replicate=A
q12554	q12554.raw	Intensity	Intensity q12554	SPCS3	81033PEI	N	SPCS3__81033PEI	Y	platewell=A05; replicate=A
q12556	q12556.raw	Intensity	Intensity q12556	CDKN3	81033PEI	N	CDKN3__81033PEI	Y	platewell=A07; replicate=A
q12557	q12557.raw	Intensity	Intensity q12557	STAG3L4	81033PEI	N	STAG3L4__81033PEI	Y	platewell=A08; replicate=A
q12559	q12559.raw	Intensity	Intensity q12559	CST8	81033PEI	N	CST8__81033PEI	Y	platewell=A10; replicate=A
q12560	q12560.raw	Intensity	Intensity q12560	LMO1	81033PEI	N	LMO1__81033PEI	Y	platewell=A11; replicate=A
q12561	q12561.raw	Intensity	Intensity q12561	MYH7B	81033PEI	N	MYH7B__81033PEI	Y	platewell=A12; replicate=A
q12562	q12562.raw	Intensity	Intensity q12562	IRGM	81033PEI	N	IRGM__81033PEI	Y	platewell=B01; replicate=A
q12563	q12563.raw	Intensity	Intensity q12563	C2orf73	81033PEI	N	C2orf73__81033PEI	Y	platewell=B02; replicate=A
q12566	q12566.raw	Intensity	Intensity q12566	NINJ2	81033PEI	N	NINJ2__81033PEI	Y	platewell=B05; replicate=A
q12567	q12567.raw	Intensity	Intensity q12567	HBXIP	81033PEI	N	HBXIP__81033PEI	Y	platewell=B07; replicate=A
q12568	q12568.raw	Intensity	Intensity q12568	MTRF1	81033PEI	N	MTRF1__81033PEI	Y	platewell=B08; replicate=A
q12569	q12569.raw	Intensity	Intensity q12569	FGFR1OP2	81033PEI	N	FGFR1OP2__81033PEI	Y	platewell=B09; replicate=A
q12570	q12570.raw	Intensity	Intensity q12570	CST5	81033PEI	N	CST5__81033PEI	Y	platewell=B10; replicate=A
q12571	q12571.raw	Intensity	Intensity q12571	UCN3	81033PEI	N	UCN3__81033PEI	Y	platewell=B11; replicate=A
q12572	q12572.raw	Intensity	Intensity q12572	IL20	81033PEI	N	IL20__81033PEI	Y	platewell=B12; replicate=A
q12575	q12575.raw	Intensity	Intensity q12575	OTUD3	81033PEI	N	OTUD3__81033PEI	Y	platewell=C01; replicate=A
q12577	q12577.raw	Intensity	Intensity q12577	SPRYD7	81033PEI	N	SPRYD7__81033PEI	Y	platewell=C03; replicate=A
q12578	q12578.raw	Intensity	Intensity q12578	CGGBP1	81033PEI	N	CGGBP1__81033PEI	Y	platewell=C04; replicate=A
q12579	q12579.raw	Intensity	Intensity q12579	MORN4	81033PEI	N	MORN4__81033PEI	Y	platewell=C05; replicate=A
q12580	q12580.raw	Intensity	Intensity q12580	SIN3A	81033PEI	N	SIN3A__81033PEI	Y	platewell=C06; replicate=A
q12581	q12581.raw	Intensity	Intensity q12581	UBL4B	81033PEI	N	UBL4B__81033PEI	Y	platewell=C07; replicate=A
q12582	q12582.raw	Intensity	Intensity q12582	MRPL23	81033PEI	N	MRPL23__81033PEI	Y	platewell=C08; replicate=A
q12583	q12583.raw	Intensity	Intensity q12583	C6orf136	81033PEI	N	C6orf136__81033PEI	Y	platewell=C09; replicate=A
q12584	q12584.raw	Intensity	Intensity q12584	NAT8B	81033PEI	N	NAT8B__81033PEI	Y	platewell=C10; replicate=A
q12585	q12585.raw	Intensity	Intensity q12585	OMP	81033PEI	N	OMP__81033PEI	Y	platewell=C11; replicate=A
q12586	q12586.raw	Intensity	Intensity q12586	IL25	81033PEI	N	IL25__81033PEI	Y	platewell=C12; replicate=A
q12590	q12590.raw	Intensity	Intensity q12590	C9orf85	81033PEI	N	C9orf85__81033PEI	Y	platewell=D06; replicate=A
q12591	q12591.raw	Intensity	Intensity q12591	ZNHIT1	81033PEI	N	ZNHIT1__81033PEI	Y	platewell=D08; replicate=A
q12592	q12592.raw	Intensity	Intensity q12592	PTP4A1	81033PEI	N	PTP4A1__81033PEI	Y	platewell=D09; replicate=A
q12593	q12593.raw	Intensity	Intensity q12593	EDDM3A	81033PEI	N	EDDM3A__81033PEI	Y	platewell=D10; replicate=A
q12594	q12594.raw	Intensity	Intensity q12594	LEP	81033PEI	N	LEP__81033PEI	Y	platewell=D11; replicate=A
q12595	q12595.raw	Intensity	Intensity q12595	TNFSF18	81033PEI	N	TNFSF18__81033PEI	Y	platewell=D12; replicate=A
q12626	q12626.raw	Intensity	Intensity q12626	MECOM	81033PEI	N	MECOM__81033PEI	Y	platewell=F11; replicate=B
q12627	q12627.raw	Intensity	Intensity q12627	LAIR2	81033PEI	N	LAIR2__81033PEI	Y	platewell=F10; replicate=B
q12631	q12631.raw	Intensity	Intensity q12631	PID1	81033PEI	N	PID1__81033PEI	Y	platewell=F05; replicate=B
q12632	q12632.raw	Intensity	Intensity q12632	NDUFAF4	81033PEI	N	NDUFAF4__81033PEI	Y	platewell=F04; replicate=B
q12634	q12634.raw	Intensity	Intensity q12634	C19orf66	81033PEI	N	C19orf66__81033PEI	Y	platewell=F02; replicate=B
q12647	q12647.raw	Intensity	Intensity q12647	MS4A6E	81033PEI	N	MS4A6E__81033PEI	Y	platewell=E10; replicate=B
q12648	q12648.raw	Intensity	Intensity q12648	C4orf39	81033PEI	N	C4orf39__81033PEI	Y	platewell=E08; replicate=B
q12649	q12649.raw	Intensity	Intensity q12649	LAGE3	81033PEI	N	LAGE3__81033PEI	Y	platewell=E07; replicate=B
q12650	q12650.raw	Intensity	Intensity q12650	CXorf40A	81033PEI	N	CXorf40A__81033PEI	Y	platewell=E06; replicate=B
q12652	q12652.raw	Intensity	Intensity q12652	UPP1	81033PEI	N	UPP1__81033PEI	Y	platewell=E04; replicate=B
q12653	q12653.raw	Intensity	Intensity q12653	EMP3	81033PEI	N	EMP3__81033PEI	Y	platewell=E03; replicate=B
q12659	q12659.raw	Intensity	Intensity q12659	HINT2	81033PEI	N	HINT2__81033PEI	Y	platewell=G03; replicate=A
q12660	q12660.raw	Intensity	Intensity q12660	IL7	81033PEI	N	IL7__81033PEI	Y	platewell=G04; replicate=A
q12664	q12664.raw	Intensity	Intensity q12664	C9orf23	81033PEI	N	C9orf23__81033PEI	Y	platewell=G08; replicate=A
q12665	q12665.raw	Intensity	Intensity q12665	RGS5	81033PEI	N	RGS5__81033PEI	Y	platewell=G09; replicate=A
q12666	q12666.raw	Intensity	Intensity q12666	CRYAA	81033PEI	N	CRYAA__81033PEI	Y	platewell=G11; replicate=A
q12780	q12780.raw	Intensity	Intensity q12780	CALCA	81033PEI	N	CALCA__81033PEI	Y	platewell=H09; replicate=B
q12788	q12788.raw	Intensity	Intensity q12788	AVPI1	81033PEI	N	AVPI1__81033PEI	Y	platewell=H02; replicate=B
q12796	q12796.raw	Intensity	Intensity q12796	UCN3	81033PEI	N	UCN3__81033PEI	Y	platewell=B11; replicate=C
q12796b	q12796b.raw	Intensity	Intensity q12796b	TWIST2	81033PEI	N	TWIST2__81033PEI	Y	platewell=F08; replicate=C
q12797	q12797.raw	Intensity	Intensity q12797	IL25	81033PEI	N	IL25__81033PEI	Y	platewell=C12; replicate=C
q12798	q12798.raw	Intensity	Intensity q12798	NAT8B	81033PEI	N	NAT8B__81033PEI	Y	platewell=C10; replicate=C
q12799	q12799.raw	Intensity	Intensity q12799	EDDM3A	81033PEI	N	EDDM3A__81033PEI	Y	platewell=D10; replicate=C
q12800b	q12800b.raw	Intensity	Intensity q12800b	CXorf40A	81033PEI	N	CXorf40A__81033PEI	Y	platewell=E06; replicate=C
q12801	q12801.raw	Intensity	Intensity q12801	PID1	81033PEI	N	PID1__81033PEI	Y	platewell=F05; replicate=C
q12802	q12802.raw	Intensity	Intensity q12802	MECOM	81033PEI	N	MECOM__81033PEI	Y	platewell=F11; replicate=C
q16269	q16269.raw	Intensity	Intensity q16269	FOLR3	OC2116	N	FOLR3__OC2116	Y	platewell=C12; replicate=B
q16271	q16271.raw	Intensity	Intensity q16271	CLCA1	OC2116	N	CLCA1__OC2116	Y	platewell=C09; replicate=B
q16272	q16272.raw	Intensity	Intensity q16272	HSF4	OC2116	N	HSF4__OC2116	Y	platewell=C07; replicate=B
q16273	q16273.raw	Intensity	Intensity q16273	IGFBPL1	OC2116	N	IGFBPL1__OC2116	Y	platewell=C06; replicate=B
q16274	q16274.raw	Intensity	Intensity q16274	ESCO2	OC2116	N	ESCO2__OC2116	Y	platewell=C05; replicate=B
q16275	q16275.raw	Intensity	Intensity q16275	FAM150B	OC2116	N	FAM150B__OC2116	Y	platewell=C04; replicate=B
q16276	q16276.raw	Intensity	Intensity q16276	SEZ6L	OC2116	N	SEZ6L__OC2116	Y	platewell=C03; replicate=B
q16277	q16277.raw	Intensity	Intensity q16277	SNRPD3	OC2116	N	SNRPD3__OC2116	Y	platewell=C02; replicate=B
q16278	q16278.raw	Intensity	Intensity q16278	UBE2L3	OC2116	N	UBE2L3__OC2116	Y	platewell=C01; replicate=B
q16281	q16281.raw	Intensity	Intensity q16281	CAPN12	OC2116	N	CAPN12__OC2116	Y	platewell=B12; replicate=B
q16282	q16282.raw	Intensity	Intensity q16282	PREX2	OC2116	N	PREX2__OC2116	Y	platewell=B10; replicate=B
q16283	q16283.raw	Intensity	Intensity q16283	DEFB112	OC2116	N	DEFB112__OC2116	Y	platewell=B09; replicate=B
q16284	q16284.raw	Intensity	Intensity q16284	SPANXN2	OC2116	N	SPANXN2__OC2116	Y	platewell=B07; replicate=B
q16285	q16285.raw	Intensity	Intensity q16285	DEFB109	OC2116	N	DEFB109__OC2116	Y	platewell=B04; replicate=B
q16288	q16288.raw	Intensity	Intensity q16288	SLC5A1	OC2116	N	SLC5A1__OC2116	Y	platewell=B01; replicate=B
q16292	q16292.raw	Intensity	Intensity q16292	CARD16	OC2116	N	CARD16__OC2116	Y	platewell=A10; replicate=B
q16293	q16293.raw	Intensity	Intensity q16293	STRA8	OC2116	N	STRA8__OC2116	Y	platewell=A07; replicate=B
q16294	q16294.raw	Intensity	Intensity q16294	SHOX	OC2116	N	SHOX__OC2116	Y	platewell=A06; replicate=B
q16296	q16296.raw	Intensity	Intensity q16296	PICK1	OC2116	N	PICK1__OC2116	Y	platewell=A03; replicate=B
q16297	q16297.raw	Intensity	Intensity q16297	SREBF2	OC2116	N	SREBF2__OC2116	Y	platewell=A02; replicate=B
q16311	q16311.raw	Intensity	Intensity q16311	TAS1R2	OC2116	N	TAS1R2__OC2116	Y	platewell=E12; replicate=B
q16312	q16312.raw	Intensity	Intensity q16312	GJA10	OC2116	N	GJA10__OC2116	Y	platewell=E10; replicate=B
q16314	q16314.raw	Intensity	Intensity q16314	PROL1	OC2116	N	PROL1__OC2116	Y	platewell=E08; replicate=B
q16315	q16315.raw	Intensity	Intensity q16315	GUCA2A	OC2116	N	GUCA2A__OC2116	Y	platewell=E07; replicate=B
q16317	q16317.raw	Intensity	Intensity q16317	SLC5A4	OC2116	N	SLC5A4__OC2116	Y	platewell=E05; replicate=B
q16318	q16318.raw	Intensity	Intensity q16318	CDCP2	OC2116	N	CDCP2__OC2116	Y	platewell=E04; replicate=B
q16320	q16320.raw	Intensity	Intensity q16320	YWHAH	OC2116	N	YWHAH__OC2116	Y	platewell=E02; replicate=B
q16323	q16323.raw	Intensity	Intensity q16323	XKRY2	OC2116	N	XKRY2__OC2116	Y	platewell=D12; replicate=B
q16324	q16324.raw	Intensity	Intensity q16324	HOXA7	OC2116	N	HOXA7__OC2116	Y	platewell=D11; replicate=B
q16326	q16326.raw	Intensity	Intensity q16326	GPR151	OC2116	N	GPR151__OC2116	Y	platewell=D07; replicate=B
q16327	q16327.raw	Intensity	Intensity q16327	AWAT2	OC2116	N	AWAT2__OC2116	Y	platewell=D06; replicate=B
q16328	q16328.raw	Intensity	Intensity q16328	SPRR2D	OC2116	N	SPRR2D__OC2116	Y	platewell=D05; replicate=B
q16329	q16329.raw	Intensity	Intensity q16329	ENPP3	OC2116	N	ENPP3__OC2116	Y	platewell=D04; replicate=B
q16330	q16330.raw	Intensity	Intensity q16330	TST	OC2116	N	TST__OC2116	Y	platewell=D03; replicate=B
q16331	q16331.raw	Intensity	Intensity q16331	AP1B1	OC2116	N	AP1B1__OC2116	Y	platewell=D02; replicate=B
q16332	q16332.raw	Intensity	Intensity q16332	PLA2G6	OC2116	N	PLA2G6__OC2116	Y	platewell=D01; replicate=B
q16382	q16382.raw	Intensity	Intensity q16382	GALP	OC2116	N	GALP__OC2116	Y	platewell=H10; replicate=B
q16383	q16383.raw	Intensity	Intensity q16383	B3GNT7	OC2116	N	B3GNT7__OC2116	Y	platewell=H09; replicate=B
q16384	q16384.raw	Intensity	Intensity q16384	OR4E2	OC2116	N	OR4E2__OC2116	Y	platewell=H08; replicate=B
q16386	q16386.raw	Intensity	Intensity q16386	UGT1A5	OC2116	N	UGT1A5__OC2116	Y	platewell=H06; replicate=B
q16387	q16387.raw	Intensity	Intensity q16387	VPS9D1	OC2116	N	VPS9D1__OC2116	Y	platewell=H04; replicate=B
q16388	q16388.raw	Intensity	Intensity q16388	OR4N2	OC2116	N	OR4N2__OC2116	Y	platewell=H03; replicate=B
q16393	q16393.raw	Intensity	Intensity q16393	NLRP5	OC2116	N	NLRP5__OC2116	Y	platewell=G11; replicate=B
q16395	q16395.raw	Intensity	Intensity q16395	SPINK14	OC2116	N	SPINK14__OC2116	Y	platewell=G07; replicate=B
q16396	q16396.raw	Intensity	Intensity q16396	SSX7	OC2116	N	SSX7__OC2116	Y	platewell=G06; replicate=B
q16397	q16397.raw	Intensity	Intensity q16397	MYEOV2	OC2116	N	MYEOV2__OC2116	Y	platewell=G05; replicate=B
q16398	q16398.raw	Intensity	Intensity q16398	CUX2	OC2116	N	CUX2__OC2116	Y	platewell=G03; replicate=B
q16405	q16405.raw	Intensity	Intensity q16405	LIFR	OC2116	N	LIFR__OC2116	Y	platewell=F08; replicate=B
q16406	q16406.raw	Intensity	Intensity q16406	CNGA1	OC2116	N	CNGA1__OC2116	Y	platewell=F07; replicate=B
q16408	q16408.raw	Intensity	Intensity q16408	RFPL1	OC2116	N	RFPL1__OC2116	Y	platewell=F02; replicate=B
q16544	q16544.raw	Intensity	Intensity q16544	BMP6	OC2119	N	BMP6__OC2119	Y	platewell=B12; replicate=B
q16545	q16545.raw	Intensity	Intensity q16545	FBXW9	OC2119	N	FBXW9__OC2119	Y	platewell=B11; replicate=B
q16546	q16546.raw	Intensity	Intensity q16546	KRT39	OC2119	N	KRT39__OC2119	Y	platewell=B09; replicate=B
q16547	q16547.raw	Intensity	Intensity q16547	MATN1	OC2119	N	MATN1__OC2119	Y	platewell=B08; replicate=B
q16548	q16548.raw	Intensity	Intensity q16548	CRLF2	OC2119	N	CRLF2__OC2119	Y	platewell=B07; replicate=B
q16549	q16549.raw	Intensity	Intensity q16549	TTC39A	OC2119	N	TTC39A__OC2119	Y	platewell=B06; replicate=B
q16550	q16550.raw	Intensity	Intensity q16550	TEX13B	OC2119	N	TEX13B__OC2119	Y	platewell=B05; replicate=B
q16555	q16555.raw	Intensity	Intensity q16555	DCDC1	OC2119	N	DCDC1__OC2119	Y	platewell=A11; replicate=B
q16556	q16556.raw	Intensity	Intensity q16556	SPAG11B	OC2119	N	SPAG11B__OC2119	Y	platewell=A10; replicate=B
q16557	q16557.raw	Intensity	Intensity q16557	CRISP1	OC2119	N	CRISP1__OC2119	Y	platewell=A09; replicate=B
q16559	q16559.raw	Intensity	Intensity q16559	GLCE	OC2119	N	GLCE__OC2119	Y	platewell=A06; replicate=B
q16560	q16560.raw	Intensity	Intensity q16560	HOXA4	OC2119	N	HOXA4__OC2119	Y	platewell=A05; replicate=B
q16561	q16561.raw	Intensity	Intensity q16561	ZFP1	OC2119	N	ZFP1__OC2119	Y	platewell=A04; replicate=B
q16562	q16562.raw	Intensity	Intensity q16562	LPIN2	OC2119	N	LPIN2__OC2119	Y	platewell=A03; replicate=B
q16563	q16563.raw	Intensity	Intensity q16563	FAM178A	OC2119	N	FAM178A__OC2119	Y	platewell=A02; replicate=B
q16617	q16617.raw	Intensity	Intensity q16617	LHB	OC2119	N	LHB__OC2119	Y	platewell=C12; replicate=B
q16619	q16619.raw	Intensity	Intensity q16619	ANKS4B	OC2119	N	ANKS4B__OC2119	Y	platewell=C10; replicate=B
q16621	q16621.raw	Intensity	Intensity q16621	KLRC3	OC2119	N	KLRC3__OC2119	Y	platewell=C08; replicate=B
q16622	q16622.raw	Intensity	Intensity q16622	ZFP42	OC2119	N	ZFP42__OC2119	Y	platewell=C07; replicate=B
q16623	q16623.raw	Intensity	Intensity q16623	C1QL3	OC2119	N	C1QL3__OC2119	Y	platewell=C05; replicate=B
q16624	q16624.raw	Intensity	Intensity q16624	EIF2C4	OC2119	N	EIF2C4__OC2119	Y	platewell=C03; replicate=B
q16625	q16625.raw	Intensity	Intensity q16625	LEPR	OC2119	N	LEPR__OC2119	Y	platewell=C02; replicate=B
q16626	q16626.raw	Intensity	Intensity q16626	SLC45A4	OC2119	N	SLC45A4__OC2119	Y	platewell=C01; replicate=B
q16632	q16632.raw	Intensity	Intensity q16632	ERCC4	OC2119	N	ERCC4__OC2119	Y	platewell=H11; replicate=B
q16638	q16638.raw	Intensity	Intensity q16638	FMNL3	OC2119	N	FMNL3__OC2119	Y	platewell=F11; replicate=B
q16639	q16639.raw	Intensity	Intensity q16639	UBXN7	OC2119	N	UBXN7__OC2119	Y	platewell=F10; replicate=B
q16640	q16640.raw	Intensity	Intensity q16640	NAA11	OC2119	N	NAA11__OC2119	Y	platewell=F09; replicate=B
q16641	q16641.raw	Intensity	Intensity q16641	NPVF	OC2119	N	NPVF__OC2119	Y	platewell=F08; replicate=B
q16642	q16642.raw	Intensity	Intensity q16642	TSHZ2	OC2119	N	TSHZ2__OC2119	Y	platewell=F06; replicate=B
q16643	q16643.raw	Intensity	Intensity q16643	CCNO	OC2119	N	CCNO__OC2119	Y	platewell=F05; replicate=B
q16644	q16644.raw	Intensity	Intensity q16644	TAL1	OC2119	N	TAL1__OC2119	Y	platewell=F04; replicate=B
q16645	q16645.raw	Intensity	Intensity q16645	PKMYT1	OC2119	N	PKMYT1__OC2119	Y	platewell=F03; replicate=B
q16646	q16646.raw	Intensity	Intensity q16646	PRKD1	OC2119	N	PRKD1__OC2119	Y	platewell=F02; replicate=B
q16647	q16647.raw	Intensity	Intensity q16647	GBX1	OC2119	N	GBX1__OC2119	Y	platewell=F01; replicate=B
q16650	q16650.raw	Intensity	Intensity q16650	C16orf55	OC2119	N	C16orf55__OC2119	Y	platewell=D12; replicate=B
q16656	q16656.raw	Intensity	Intensity q16656	TAS2R39	OC2119	N	TAS2R39__OC2119	Y	platewell=D10; replicate=C
q16657	q16657.raw	Intensity	Intensity q16657	LBX2	OC2119	N	LBX2__OC2119	Y	platewell=D09; replicate=B
q16658	q16658.raw	Intensity	Intensity q16658	HPR	OC2119	N	HPR__OC2119	Y	platewell=D08; replicate=B
q16659	q16659.raw	Intensity	Intensity q16659	AS3MT	OC2119	N	AS3MT__OC2119	Y	platewell=D07; replicate=B
q16660	q16660.raw	Intensity	Intensity q16660	ZNF492	OC2119	N	ZNF492__OC2119	Y	platewell=D06; replicate=B
q16661	q16661.raw	Intensity	Intensity q16661	TCF15	OC2119	N	TCF15__OC2119	Y	platewell=D05; replicate=B
q16662	q16662.raw	Intensity	Intensity q16662	RUNX2	OC2119	N	RUNX2__OC2119	Y	platewell=D03; replicate=B
q16663	q16663.raw	Intensity	Intensity q16663	KIAA0226	OC2119	N	KIAA0226__OC2119	Y	platewell=D02; replicate=B
q16664	q16664.raw	Intensity	Intensity q16664	EXOC6B	OC2119	N	EXOC6B__OC2119	Y	platewell=D01; replicate=B
q18776	q18776.raw	Intensity	Intensity q18776	RXRB	REPEAT15	N	RXRB__REPEAT15	Y	platewell=H11; replicate=B
q18777	q18777.raw	Intensity	Intensity q18777	OR51B5	REPEAT15	N	OR51B5__REPEAT15	Y	platewell=H10; replicate=B
q18781	q18781.raw	Intensity	Intensity q18781	CAB39	REPEAT15	N	CAB39__REPEAT15	Y	platewell=H06; replicate=B
q18782	q18782.raw	Intensity	Intensity q18782	OR11H12	REPEAT15	N	OR11H12__REPEAT15	Y	platewell=H05; replicate=B
q18783	q18783.raw	Intensity	Intensity q18783	KLRK1	REPEAT15	N	KLRK1__REPEAT15	Y	platewell=H04; replicate=B
q18785	q18785.raw	Intensity	Intensity q18785	LRRC37A2	REPEAT15	N	LRRC37A2__REPEAT15	Y	platewell=H02; replicate=B
q18787	q18787.raw	Intensity	Intensity q18787	CHRM5	REPEAT15	N	CHRM5__REPEAT15	Y	platewell=G11; replicate=B
q18789	q18789.raw	Intensity	Intensity q18789	OR8A1	REPEAT15	N	OR8A1__REPEAT15	Y	platewell=G09; replicate=B
q18790	q18790.raw	Intensity	Intensity q18790	OR4N4	REPEAT15	N	OR4N4__REPEAT15	Y	platewell=G08; replicate=B
q18791	q18791.raw	Intensity	Intensity q18791	NEUROD4	REPEAT15	N	NEUROD4__REPEAT15	Y	platewell=G07; replicate=B
q18792	q18792.raw	Intensity	Intensity q18792	DUXAP10	REPEAT15	N	DUXAP10__REPEAT15	Y	platewell=G05; replicate=B
q18794	q18794.raw	Intensity	Intensity q18794	ADPRHL2	REPEAT15	N	ADPRHL2__REPEAT15	Y	platewell=G03; replicate=B
q18796	q18796.raw	Intensity	Intensity q18796	KLRC2	REPEAT15	N	KLRC2__REPEAT15	Y	platewell=F11; replicate=B
q18798	q18798.raw	Intensity	Intensity q18798	UFSP1	REPEAT15	N	UFSP1__REPEAT15	Y	platewell=F09; replicate=B
q18799	q18799.raw	Intensity	Intensity q18799	PPCS	REPEAT15	N	PPCS__REPEAT15	Y	platewell=F08; replicate=B
q18800	q18800.raw	Intensity	Intensity q18800	PTX3	REPEAT15	N	PTX3__REPEAT15	Y	platewell=F06; replicate=B
q18801	q18801.raw	Intensity	Intensity q18801	OR2M7	REPEAT15	N	OR2M7__REPEAT15	Y	platewell=F05; replicate=B
q18802	q18802.raw	Intensity	Intensity q18802	DPF1	REPEAT15	N	DPF1__REPEAT15	Y	platewell=F04; replicate=B
q18803	q18803.raw	Intensity	Intensity q18803	OR1M1	REPEAT15	N	OR1M1__REPEAT15	Y	platewell=F03; replicate=B
q18804	q18804.raw	Intensity	Intensity q18804	CACNG1	REPEAT15	N	CACNG1__REPEAT15	Y	platewell=F02; replicate=B
q18808	q18808.raw	Intensity	Intensity q18808	OR52K2	REPEAT15	N	OR52K2__REPEAT15	Y	platewell=E09; replicate=B
q18809	q18809.raw	Intensity	Intensity q18809	ATP5L2	REPEAT15	N	ATP5L2__REPEAT15	Y	platewell=E08; replicate=B
q18810	q18810.raw	Intensity	Intensity q18810	C6orf94	REPEAT15	N	C6orf94__REPEAT15	Y	platewell=E07; replicate=B
q18811	q18811.raw	Intensity	Intensity q18811	C11orf10	REPEAT15	N	C11orf10__REPEAT15	Y	platewell=E05; replicate=B
q18813	q18813.raw	Intensity	Intensity q18813	TCEA1	REPEAT15	N	TCEA1__REPEAT15	Y	platewell=E03; replicate=B
q18814	q18814.raw	Intensity	Intensity q18814	MAFB	REPEAT15	N	MAFB__REPEAT15	Y	platewell=E02; replicate=B
q18815	q18815.raw	Intensity	Intensity q18815	FAM27E3	REPEAT15	N	FAM27E3__REPEAT15	Y	platewell=D12; replicate=B
q18817	q18817.raw	Intensity	Intensity q18817	GMCL1L	REPEAT15	N	GMCL1L__REPEAT15	Y	platewell=D10; replicate=B
q18818	q18818.raw	Intensity	Intensity q18818	OR14I1	REPEAT15	N	OR14I1__REPEAT15	Y	platewell=D09; replicate=B
q18819	q18819.raw	Intensity	Intensity q18819	PIP5K1B	REPEAT15	N	PIP5K1B__REPEAT15	Y	platewell=D08; replicate=B
q18822	q18822.raw	Intensity	Intensity q18822	OR2T33	REPEAT15	N	OR2T33__REPEAT15	Y	platewell=D05; replicate=B
q18824	q18824.raw	Intensity	Intensity q18824	LGI1	REPEAT15	N	LGI1__REPEAT15	Y	platewell=D03; replicate=B
q18825	q18825.raw	Intensity	Intensity q18825	CTXN1	REPEAT15	N	CTXN1__REPEAT15	Y	platewell=D02; replicate=B
q18826	q18826.raw	Intensity	Intensity q18826	LIN52	REPEAT15	N	LIN52__REPEAT15	Y	platewell=C12; replicate=B
q18828	q18828.raw	Intensity	Intensity q18828	CHRNA7	REPEAT15	N	CHRNA7__REPEAT15	Y	platewell=C09; replicate=B
q18830	q18830.raw	Intensity	Intensity q18830	OR6T1	REPEAT15	N	OR6T1__REPEAT15	Y	platewell=C06; replicate=B
q18831	q18831.raw	Intensity	Intensity q18831	LMOD3	REPEAT15	N	LMOD3__REPEAT15	Y	platewell=C05; replicate=B
q18832	q18832.raw	Intensity	Intensity q18832	OR14J1	REPEAT15	N	OR14J1__REPEAT15	Y	platewell=C04; replicate=B
q18835	q18835.raw	Intensity	Intensity q18835	FAM81A	REPEAT15	N	FAM81A__REPEAT15	Y	platewell=B12; replicate=B
q18836	q18836.raw	Intensity	Intensity q18836	PRR4	REPEAT15	N	PRR4__REPEAT15	Y	platewell=B11; replicate=B
q18837	q18837.raw	Intensity	Intensity q18837	OR52B2	REPEAT15	N	OR52B2__REPEAT15	Y	platewell=B10; replicate=B
q18838	q18838.raw	Intensity	Intensity q18838	LHFPL1	REPEAT15	N	LHFPL1__REPEAT15	Y	platewell=B09; replicate=B
q18841	q18841.raw	Intensity	Intensity q18841	STARD5	REPEAT15	N	STARD5__REPEAT15	Y	platewell=B06; replicate=B
q18842	q18842.raw	Intensity	Intensity q18842	PRKY	REPEAT15	N	PRKY__REPEAT15	Y	platewell=B05; replicate=B
q18843	q18843.raw	Intensity	Intensity q18843	TMEM167B	REPEAT15	N	TMEM167B__REPEAT15	Y	platewell=B04; replicate=B
q18845	q18845.raw	Intensity	Intensity q18845	KCNIP1	REPEAT15	N	KCNIP1__REPEAT15	Y	platewell=B02; replicate=B
q18846	q18846.raw	Intensity	Intensity q18846	GPR160	REPEAT15	N	GPR160__REPEAT15	Y	platewell=A11; replicate=B
q18847	q18847.raw	Intensity	Intensity q18847	BANF2	REPEAT15	N	BANF2__REPEAT15	Y	platewell=A10; replicate=B
q18848	q18848.raw	Intensity	Intensity q18848	CCT8L2	REPEAT15	N	CCT8L2__REPEAT15	Y	platewell=A09; replicate=B
q18851	q18851.raw	Intensity	Intensity q18851	RPEL1	REPEAT15	N	RPEL1__REPEAT15	Y	platewell=A06; replicate=B
q18853	q18853.raw	Intensity	Intensity q18853	TSPAN10	REPEAT15	N	TSPAN10__REPEAT15	Y	platewell=A03; replicate=B
q18854	q18854.raw	Intensity	Intensity q18854	KRT34	REPEAT15	N	KRT34__REPEAT15	Y	platewell=A02; replicate=B
q19000	q19000.raw	Intensity	Intensity q19000	TMEM167B	REPEAT15	N	TMEM167B__REPEAT15	Y	platewell=B04; replicate=C
q19003	q19003.raw	Intensity	Intensity q19003	OR52K2	REPEAT15	N	OR52K2__REPEAT15	Y	platewell=E09; replicate=C
q3696	q3696.raw	Intensity	Intensity q3696	POLE	71PEI2	N	POLE__71PEI2	Y	platewell=B07; replicate=B
q3697	q3697.raw	Intensity	Intensity q3697	VSX1	71PEI2	N	VSX1__71PEI2	Y	platewell=B06; replicate=B
q7408	q7408.raw	Intensity	Intensity q7408	ARSG	81096	N	ARSG__81096	Y	platewell=G06; replicate=C
q7409	q7409.raw	Intensity	Intensity q7409	ARHGEF3	81096	N	ARHGEF3__81096	Y	platewell=G05; replicate=C
q7410	q7410.raw	Intensity	Intensity q7410	CYP4V2	81096	N	CYP4V2__81096	Y	platewell=G04; replicate=C
q7411	q7411.raw	Intensity	Intensity q7411	ZNF490	81096	N	ZNF490__81096	Y	platewell=G02; replicate=C
q7413	q7413.raw	Intensity	Intensity q7413	YARS	81096	N	YARS__81096	Y	platewell=H06; replicate=C
q7414	q7414.raw	Intensity	Intensity q7414	MEPE	81096	N	MEPE__81096	Y	platewell=H05; replicate=C
q7551	q7551.raw	Intensity	Intensity q7551	RAB15	81045PEI	N	RAB15__81045PEI	Y	platewell=C01; replicate=A
q7552	q7552.raw	Intensity	Intensity q7552	SOCS3	81045PEI	N	SOCS3__81045PEI	Y	platewell=C02; replicate=A
q7554	q7554.raw	Intensity	Intensity q7554	TTLL9	81045PEI	N	TTLL9__81045PEI	Y	platewell=C04; replicate=A
q7555	q7555.raw	Intensity	Intensity q7555	IFNA4	81045PEI	N	IFNA4__81045PEI	Y	platewell=C05; replicate=A
q7557	q7557.raw	Intensity	Intensity q7557	TNNI3	81045PEI	N	TNNI3__81045PEI	Y	platewell=C08; replicate=A
q7558	q7558.raw	Intensity	Intensity q7558	MOBKL2C	81045PEI	N	MOBKL2C__81045PEI	Y	platewell=C09; replicate=A
q7559	q7559.raw	Intensity	Intensity q7559	CRP	81045PEI	N	CRP__81045PEI	Y	platewell=C10; replicate=A
q7561	q7561.raw	Intensity	Intensity q7561	MAU2	81045PEI	N	MAU2__81045PEI	Y	platewell=C12; replicate=A
q7568	q7568.raw	Intensity	Intensity q7568	C10orf107	81045PEI	N	C10orf107__81045PEI	Y	platewell=D01; replicate=A
q7569	q7569.raw	Intensity	Intensity q7569	RECK	81045PEI	N	RECK__81045PEI	Y	platewell=D02; replicate=A
q7570	q7570.raw	Intensity	Intensity q7570	C16orf54	81045PEI	N	C16orf54__81045PEI	Y	platewell=D03; replicate=A
q7571	q7571.raw	Intensity	Intensity q7571	LHFPL4	81045PEI	N	LHFPL4__81045PEI	Y	platewell=D04; replicate=A
q7572	q7572.raw	Intensity	Intensity q7572	IFNA1	81045PEI	N	IFNA1__81045PEI	Y	platewell=D05; replicate=A
q7573	q7573.raw	Intensity	Intensity q7573	RABL2A	81045PEI	N	RABL2A__81045PEI	Y	platewell=D07; replicate=A
q7574	q7574.raw	Intensity	Intensity q7574	ZNF586	81045PEI	N	ZNF586__81045PEI	Y	platewell=D08; replicate=A
q7576	q7576.raw	Intensity	Intensity q7576	RWDD4	81045PEI	N	RWDD4__81045PEI	Y	platewell=D11; replicate=A
q7636	q7636.raw	Intensity	Intensity q7636	SASS6	81094	N	SASS6__81094	Y	platewell=C12; replicate=B
q7637	q7637.raw	Intensity	Intensity q7637	GCM2	81094	N	GCM2__81094	Y	platewell=C09; replicate=B
q7638	q7638.raw	Intensity	Intensity q7638	PRCC	81094	N	PRCC__81094	Y	platewell=C07; replicate=B
q7641	q7641.raw	Intensity	Intensity q7641	FGFRL1	81094	N	FGFRL1__81094	Y	platewell=C03; replicate=B
q7646	q7646.raw	Intensity	Intensity q7646	CYP2A7	81094	N	CYP2A7__81094	Y	platewell=A11; replicate=B
q7647	q7647.raw	Intensity	Intensity q7647	RFTN2	81094	N	RFTN2__81094	Y	platewell=A10; replicate=B
q7648	q7648.raw	Intensity	Intensity q7648	GDF5	81094	N	GDF5__81094	Y	platewell=A09; replicate=B
q7649	q7649.raw	Intensity	Intensity q7649	CHD2	81094	N	CHD2__81094	Y	platewell=A08; replicate=B
q7650	q7650.raw	Intensity	Intensity q7650	THUMPD3	81094	N	THUMPD3__81094	Y	platewell=A07; replicate=B
q7651	q7651.raw	Intensity	Intensity q7651	ANGPT2	81094	N	ANGPT2__81094	Y	platewell=A06; replicate=B
q7652	q7652.raw	Intensity	Intensity q7652	PLB1	81094	N	PLB1__81094	Y	platewell=A05; replicate=B
q7653	q7653.raw	Intensity	Intensity q7653	DHX30	81094	N	DHX30__81094	Y	platewell=A04; replicate=B
q7654	q7654.raw	Intensity	Intensity q7654	INTS4	81094	N	INTS4__81094	Y	platewell=A03; replicate=B
q7655	q7655.raw	Intensity	Intensity q7655	TRAF2	81094	N	TRAF2__81094	Y	platewell=A02; replicate=B
q7656	q7656.raw	Intensity	Intensity q7656	CRISPLD1	81094	N	CRISPLD1__81094	Y	platewell=A01; replicate=B
q7659	q7659.raw	Intensity	Intensity q7659	RSL1D1	81094	N	RSL1D1__81094	Y	platewell=D12; replicate=B
q7660	q7660.raw	Intensity	Intensity q7660	FSCN2	81094	N	FSCN2__81094	Y	platewell=D11; replicate=B
q7661	q7661.raw	Intensity	Intensity q7661	PRPF31	81094	N	PRPF31__81094	Y	platewell=D10; replicate=B
q7662	q7662.raw	Intensity	Intensity q7662	TBC1D22B	81094	N	TBC1D22B__81094	Y	platewell=D09; replicate=B
q7663	q7663.raw	Intensity	Intensity q7663	PRPF19	81094	N	PRPF19__81094	Y	platewell=D08; replicate=B
q7664	q7664.raw	Intensity	Intensity q7664	USP14	81094	N	USP14__81094	Y	platewell=D07; replicate=B
q7665	q7665.raw	Intensity	Intensity q7665	ATF2	81094	N	ATF2__81094	Y	platewell=D06; replicate=B
q7666	q7666.raw	Intensity	Intensity q7666	ZNF512	81094	N	ZNF512__81094	Y	platewell=D04; replicate=B
q7667	q7667.raw	Intensity	Intensity q7667	NMD3	81094	N	NMD3__81094	Y	platewell=D02; replicate=B
q7670	q7670.raw	Intensity	Intensity q7670	SMYD1	81094	N	SMYD1__81094	Y	platewell=B12; replicate=B
q7671	q7671.raw	Intensity	Intensity q7671	HHAT	81094	N	HHAT__81094	Y	platewell=B11; replicate=B
q7672	q7672.raw	Intensity	Intensity q7672	C10orf2	81094	N	C10orf2__81094	Y	platewell=B09; replicate=B
q7673	q7673.raw	Intensity	Intensity q7673	TFCP2	81094	N	TFCP2__81094	Y	platewell=B08; replicate=B
q7674	q7674.raw	Intensity	Intensity q7674	NF2	81094	N	NF2__81094	Y	platewell=B07; replicate=B
q7675	q7675.raw	Intensity	Intensity q7675	SLC24A5	81094	N	SLC24A5__81094	Y	platewell=B06; replicate=B
q7676	q7676.raw	Intensity	Intensity q7676	SHMT2	81094	N	SHMT2__81094	Y	platewell=B04; replicate=B
q7677	q7677.raw	Intensity	Intensity q7677	PDHX	81094	N	PDHX__81094	Y	platewell=B03; replicate=B
q7678	q7678.raw	Intensity	Intensity q7678	CYP3A5	81094	N	CYP3A5__81094	Y	platewell=B01; replicate=B
q7757	q7757.raw	Intensity	Intensity q7757	FAM189B	81110	N	FAM189B__81110	Y	platewell=A01; replicate=A
q7758	q7758.raw	Intensity	Intensity q7758	FAM190A	81110	N	FAM190A__81110	Y	platewell=A02; replicate=A
q7759	q7759.raw	Intensity	Intensity q7759	LIMK2	81110	N	LIMK2__81110	Y	platewell=A03; replicate=A
q7760	q7760.raw	Intensity	Intensity q7760	NALCN	81110	N	NALCN__81110	Y	platewell=A05; replicate=A
q7761	q7761.raw	Intensity	Intensity q7761	FLRT1	81110	N	FLRT1__81110	Y	platewell=A06; replicate=A
q7762	q7762.raw	Intensity	Intensity q7762	KIF22	81110	N	KIF22__81110	Y	platewell=A07; replicate=A
q7763	q7763.raw	Intensity	Intensity q7763	VASN	81110	N	VASN__81110	Y	platewell=A08; replicate=A
q7765	q7765.raw	Intensity	Intensity q7765	SLC39A12	81110	N	SLC39A12__81110	Y	platewell=A11; replicate=A
q7766	q7766.raw	Intensity	Intensity q7766	ALOX5	81110	N	ALOX5__81110	Y	platewell=A12; replicate=A
q7769	q7769.raw	Intensity	Intensity q7769	ZSCAN22	81094	N	ZSCAN22__81094	Y	platewell=A12; replicate=B
q7772	q7772.raw	Intensity	Intensity q7772	TXNRD2	81094	N	TXNRD2__81094	Y	platewell=G11; replicate=B
q7774	q7774.raw	Intensity	Intensity q7774	FMN1	81094	N	FMN1__81094	Y	platewell=G09; replicate=B
q7776	q7776.raw	Intensity	Intensity q7776	CLCC1	81094	N	CLCC1__81094	Y	platewell=G07; replicate=B
q7777	q7777.raw	Intensity	Intensity q7777	ANXA11	81094	N	ANXA11__81094	Y	platewell=G06; replicate=B
q7778	q7778.raw	Intensity	Intensity q7778	ACVRL1	81094	N	ACVRL1__81094	Y	platewell=G05; replicate=B
q7779	q7779.raw	Intensity	Intensity q7779	ACCS	81094	N	ACCS__81094	Y	platewell=G03; replicate=B
q7780	q7780.raw	Intensity	Intensity q7780	KCNJ3	81094	N	KCNJ3__81094	Y	platewell=G02; replicate=B
q7786	q7786.raw	Intensity	Intensity q7786	SLC20A1	81110	N	SLC20A1__81110	Y	platewell=C03; replicate=A
q7787	q7787.raw	Intensity	Intensity q7787	BBS7	81110	N	BBS7__81110	Y	platewell=C04; replicate=A
q7788	q7788.raw	Intensity	Intensity q7788	HBS1L	81110	N	HBS1L__81110	Y	platewell=C05; replicate=A
q7790	q7790.raw	Intensity	Intensity q7790	DNA2	81110	N	DNA2__81110	Y	platewell=C11; replicate=A
q7791	q7791.raw	Intensity	Intensity q7791	ABCG8	81110	N	ABCG8__81110	Y	platewell=C12; replicate=A
q7794	q7794.raw	Intensity	Intensity q7794	OAS2	81110	N	OAS2__81110	Y	platewell=F01; replicate=A
q7795	q7795.raw	Intensity	Intensity q7795	ATMIN	81110	N	ATMIN__81110	Y	platewell=F02; replicate=A
q7796	q7796.raw	Intensity	Intensity q7796	PAK6	81110	N	PAK6__81110	Y	platewell=F03; replicate=A
q7797	q7797.raw	Intensity	Intensity q7797	TNXB	81110	N	TNXB__81110	Y	platewell=F04; replicate=A
q7799	q7799.raw	Intensity	Intensity q7799	ESRP1	81110	N	ESRP1__81110	Y	platewell=F08; replicate=A
q7800	q7800.raw	Intensity	Intensity q7800	SLC25A13	81110	N	SLC25A13__81110	Y	platewell=F09; replicate=A
q7801	q7801.raw	Intensity	Intensity q7801	LRRC45	81110	N	LRRC45__81110	Y	platewell=F10; replicate=A
q7803	q7803.raw	Intensity	Intensity q7803	GIMAP8	81110	N	GIMAP8__81110	Y	platewell=F12; replicate=A
q8025	q8025.raw	Intensity	Intensity q8025	SPG20	81110	N	SPG20__81110	Y	platewell=G01; replicate=A
q8026	q8026.raw	Intensity	Intensity q8026	RAD17	81110	N	RAD17__81110	Y	platewell=G02; replicate=A
q8027	q8027.raw	Intensity	Intensity q8027	ADRBK1	81110	N	ADRBK1__81110	Y	platewell=G03; replicate=A
q8028	q8028.raw	Intensity	Intensity q8028	KBTBD7	81110	N	KBTBD7__81110	Y	platewell=G04; replicate=A
q8029	q8029.raw	Intensity	Intensity q8029	SCFD2	81110	N	SCFD2__81110	Y	platewell=G05; replicate=A
q8030	q8030.raw	Intensity	Intensity q8030	VILL	81110	N	VILL__81110	Y	platewell=G06; replicate=A
q8031	q8031.raw	Intensity	Intensity q8031	TBC1D14	81110	N	TBC1D14__81110	Y	platewell=G07; replicate=A
q8033	q8033.raw	Intensity	Intensity q8033	TGM4	81110	N	TGM4__81110	Y	platewell=G09; replicate=A
q8038	q8038.raw	Intensity	Intensity q8038	SCEL	81110	N	SCEL__81110	Y	platewell=H01; replicate=A
q8039	q8039.raw	Intensity	Intensity q8039	WDTC1	81110	N	WDTC1__81110	Y	platewell=H02; replicate=A
q8040	q8040.raw	Intensity	Intensity q8040	SH3KBP1	81110	N	SH3KBP1__81110	Y	platewell=H03; replicate=A
q8041	q8041.raw	Intensity	Intensity q8041	RPH3A	81110	N	RPH3A__81110	Y	platewell=H04; replicate=A
q8042	q8042.raw	Intensity	Intensity q8042	SYDE1	81110	N	SYDE1__81110	Y	platewell=H05; replicate=A
q8043	q8043.raw	Intensity	Intensity q8043	GLB1	81110	N	GLB1__81110	Y	platewell=H06; replicate=A
q8044	q8044.raw	Intensity	Intensity q8044	TP63	81110	N	TP63__81110	Y	platewell=H07; replicate=A
q8045	q8045.raw	Intensity	Intensity q8045	MPP5	81110	N	MPP5__81110	Y	platewell=H08; replicate=A
q8046	q8046.raw	Intensity	Intensity q8046	ALOX15B	81110	N	ALOX15B__81110	Y	platewell=H09; replicate=A
q8047	q8047.raw	Intensity	Intensity q8047	FERMT2	81110	N	FERMT2__81110	Y	platewell=H10; replicate=A
q8065	q8065.raw	Intensity	Intensity q8065	TGM4	81110	N	TGM4__81110	Y	platewell=G09; replicate=B
q8070	q8070.raw	Intensity	Intensity q8070	KBTBD7	81110	N	KBTBD7__81110	Y	platewell=G04; replicate=B
q8071	q8071.raw	Intensity	Intensity q8071	ADRBK1	81110	N	ADRBK1__81110	Y	platewell=G03; replicate=B
q8072	q8072.raw	Intensity	Intensity q8072	RAD17	81110	N	RAD17__81110	Y	platewell=G02; replicate=B
q8073	q8073.raw	Intensity	Intensity q8073	SPG20	81110	N	SPG20__81110	Y	platewell=G01; replicate=B
